ISO-10303-21;
HEADER;
/* Generated by software containing ST-Developer
 * from STEP Tools, Inc. (www.steptools.com) 
 */
/* OPTION: using custom renumber hook */

FILE_DESCRIPTION(
/* description */ ('STEP AP242 Edition 2',
'CAx-IF Rec.Pracs.---Representation and Presentation of Product Manufa
cturing Information (PMI)---4.0---2014-10-13',
'CAx-IF Rec.Pracs.---3D Tessellated Geometry---0.4---2014-09-14','2;1',
'CAx-IF Rec.Pracs.---User Defined Attributes---1.5---2016-08-15'),
/* implementation_level */ '2;1');

FILE_NAME(
/* name */ 'Part Studio 1 - Part 5',
/* time_stamp */ '2026-06-17T11:50:40Z',
/* author */ (''),
/* organization */ (''),
/* preprocessor_version */ 'ST-DEVELOPER v20',
/* originating_system */ 'ONSHAPE BY PTC INC, 1.216',
/* authorisation */ '  ');

FILE_SCHEMA (('AP242_MANAGED_MODEL_BASED_3D_ENGINEERING_MIM_LF { 1 0 10303 442 3 1 4 }'));
ENDSEC;

DATA;
#10=SHAPE_REPRESENTATION_RELATIONSHIP('','',#1530,#11);
#11=ADVANCED_BREP_SHAPE_REPRESENTATION('',(#1528),#3410);
#12=ORIENTED_CLOSED_SHELL('',*,#1516,.F.);
#13=ORIENTED_CLOSED_SHELL('',*,#1517,.F.);
#14=ORIENTED_CLOSED_SHELL('',*,#1518,.F.);
#15=ORIENTED_CLOSED_SHELL('',*,#1519,.F.);
#16=ELLIPSE('',#1667,0.000707106781186548,0.0005);
#17=ELLIPSE('',#1669,0.000707106781186548,0.0005);
#18=SPHERICAL_SURFACE('',#1571,0.0005);
#19=SPHERICAL_SURFACE('',#1575,0.0005);
#20=SPHERICAL_SURFACE('',#1579,0.0005);
#21=SPHERICAL_SURFACE('',#1583,0.0005);
#22=SPHERICAL_SURFACE('',#1625,0.0005);
#23=SPHERICAL_SURFACE('',#1629,0.0005);
#24=SPHERICAL_SURFACE('',#1674,0.0005);
#25=SPHERICAL_SURFACE('',#1678,0.0005);
#26=TOROIDAL_SURFACE('',#1554,0.0095,0.0005);
#27=TOROIDAL_SURFACE('',#1562,0.0095,0.0005);
#28=TOROIDAL_SURFACE('',#1566,0.0095,0.0005);
#29=TOROIDAL_SURFACE('',#1588,0.0105,0.0005);
#30=TOROIDAL_SURFACE('',#1597,0.0105,0.0005);
#31=TOROIDAL_SURFACE('',#1661,0.0085,0.0005);
#32=TOROIDAL_SURFACE('',#1670,0.0085,0.0005);
#33=(
BOUNDED_SURFACE()
B_SPLINE_SURFACE(3,2,((#2380,#2381,#2382),(#2383,#2384,#2385),(#2386,#2387,
#2388),(#2389,#2390,#2391),(#2392,#2393,#2394),(#2395,#2396,#2397),(#2398,
#2399,#2400),(#2401,#2402,#2403),(#2404,#2405,#2406),(#2407,#2408,#2409),
(#2410,#2411,#2412),(#2413,#2414,#2415),(#2416,#2417,#2418),(#2419,#2420,
#2421),(#2422,#2423,#2424),(#2425,#2426,#2427),(#2428,#2429,#2430),(#2431,
#2432,#2433)),.UNSPECIFIED.,.F.,.F.,.F.)
B_SPLINE_SURFACE_WITH_KNOTS((4,1,1,1,1,1,1,1,1,1,1,1,1,1,1,4),(3,3),(0.00880884522018855,
0.0123703715789031,0.0159318979376176,0.0230549506550467,0.0266164770137612,
0.0301780033724758,0.0337395297311903,0.0355202929105476,0.0373010560899049,
0.0408625824486194,0.0444241088073339,0.0479856351660485,0.051547161524763,
0.0551086878834775,0.0586702142421921,0.0657932669596212),(0.,1.),
 .UNSPECIFIED.)
GEOMETRIC_REPRESENTATION_ITEM()
RATIONAL_B_SPLINE_SURFACE(((1.,0.707106781186548,1.),(1.,0.707106781186548,
1.),(1.,0.707106781186548,1.),(1.,0.707106781186547,1.),(1.,0.707106781186547,
1.),(1.,0.707106781186548,1.),(1.,0.707106781186548,1.),(1.,0.707106781186546,
1.),(1.,0.707106781186549,1.),(1.,0.707106781186547,1.),(1.,0.707106781186546,
1.),(1.,0.707106781186548,1.),(1.,0.707106781186548,1.),(1.,0.707106781186548,
1.),(1.,0.707106781186547,1.),(1.,0.707106781186547,1.),(1.,0.707106781186548,
1.),(1.,0.707106781186548,1.)))
REPRESENTATION_ITEM('')
SURFACE()
);
#34=(
BOUNDED_SURFACE()
B_SPLINE_SURFACE(3,2,((#2505,#2506,#2507),(#2508,#2509,#2510),(#2511,#2512,
#2513),(#2514,#2515,#2516),(#2517,#2518,#2519),(#2520,#2521,#2522),(#2523,
#2524,#2525),(#2526,#2527,#2528),(#2529,#2530,#2531),(#2532,#2533,#2534),
(#2535,#2536,#2537),(#2538,#2539,#2540),(#2541,#2542,#2543),(#2544,#2545,
#2546),(#2547,#2548,#2549),(#2550,#2551,#2552),(#2553,#2554,#2555),(#2556,
#2557,#2558),(#2559,#2560,#2561),(#2562,#2563,#2564),(#2565,#2566,#2567),
(#2568,#2569,#2570),(#2571,#2572,#2573),(#2574,#2575,#2576),(#2577,#2578,
#2579),(#2580,#2581,#2582),(#2583,#2584,#2585),(#2586,#2587,#2588)),
 .UNSPECIFIED.,.T.,.F.,.F.)
B_SPLINE_SURFACE_WITH_KNOTS((1,3,1,1,1,1,1,1,1,1,1,1,1,1,1,1,1,1,1,1,1,
1,1,1,1,1,3,1),(3,3),(-0.00222081694475179,0.,0.00222081694475179,0.00444163388950358,
0.00666245083425538,0.00888326777900717,0.0133249016685108,0.0177665355580143,
0.0222081694475179,0.0266498033370215,0.0310914372265251,0.0333122541712769,
0.0355330711160287,0.0377538880607805,0.0399747050055323,0.042195521950284,
0.0444163388950358,0.0466371558397876,0.0488579727845394,0.053299606674043,
0.0577412405635466,0.0599620575082984,0.0621828744530502,0.064403691397802,
0.0666245083425537,0.0688453252873055,0.0710661422320573,0.0732869591768091),
(0.,1.),.UNSPECIFIED.)
GEOMETRIC_REPRESENTATION_ITEM()
RATIONAL_B_SPLINE_SURFACE(((1.,0.707106781186549,1.),(1.,0.707106781186549,
1.),(1.,0.707106781186545,1.),(1.,0.707106781186547,1.),(1.,0.707106781186546,
1.),(1.,0.707106781186546,1.),(1.,0.707106781186546,1.),(1.,0.707106781186546,
1.),(1.,0.707106781186546,1.),(1.,0.707106781186547,1.),(1.,0.707106781186545,
1.),(1.,0.707106781186546,1.),(1.,0.707106781186547,1.),(1.,0.707106781186544,
1.),(1.,0.707106781186547,1.),(1.,0.707106781186546,1.),(1.,0.707106781186546,
1.),(1.,0.707106781186546,1.),(1.,0.707106781186547,1.),(1.,0.707106781186546,
1.),(1.,0.707106781186546,1.),(1.,0.707106781186546,1.),(1.,0.707106781186547,
1.),(1.,0.707106781186546,1.),(1.,0.707106781186546,1.),(1.,0.707106781186544,
1.),(1.,0.707106781186548,1.),(1.,0.707106781186549,1.)))
REPRESENTATION_ITEM('')
SURFACE()
);
#35=(
BOUNDED_SURFACE()
B_SPLINE_SURFACE(3,2,((#2647,#2648,#2649),(#2650,#2651,#2652),(#2653,#2654,
#2655),(#2656,#2657,#2658),(#2659,#2660,#2661)),.UNSPECIFIED.,.F.,.F.,.F.)
B_SPLINE_SURFACE_WITH_KNOTS((4,1,4),(3,3),(-7.33345914041942E-6,0.000808966934941235,
0.00162526732902289),(0.,1.),.UNSPECIFIED.)
GEOMETRIC_REPRESENTATION_ITEM()
RATIONAL_B_SPLINE_SURFACE(((1.,1.,1.),(1.,0.999999996649816,1.),(1.,0.963937149936514,
1.),(1.,0.921954439651117,1.),(1.,0.921954445729288,1.)))
REPRESENTATION_ITEM('')
SURFACE()
);
#36=(
BOUNDED_SURFACE()
B_SPLINE_SURFACE(3,2,((#2665,#2666,#2667),(#2668,#2669,#2670),(#2671,#2672,
#2673),(#2674,#2675,#2676),(#2677,#2678,#2679)),.UNSPECIFIED.,.F.,.F.,.F.)
B_SPLINE_SURFACE_WITH_KNOTS((4,1,4),(3,3),(-1.84314369322536E-18,0.00090872198537944,
0.00181744397075888),(0.,1.),.UNSPECIFIED.)
GEOMETRIC_REPRESENTATION_ITEM()
RATIONAL_B_SPLINE_SURFACE(((1.,0.921954445729288,1.),(1.,0.921954428184567,
1.),(1.,0.858960208256475,1.),(1.,0.759225039830805,1.),(1.,0.707106781186547,
1.)))
REPRESENTATION_ITEM('')
SURFACE()
);
#37=(
BOUNDED_SURFACE()
B_SPLINE_SURFACE(3,2,((#2683,#2684,#2685),(#2686,#2687,#2688),(#2689,#2690,
#2691),(#2692,#2693,#2694),(#2695,#2696,#2697)),.UNSPECIFIED.,.F.,.F.,.F.)
B_SPLINE_SURFACE_WITH_KNOTS((4,1,4),(3,3),(-3.57786716920216E-18,0.000907027833810599,
0.0018140556676212),(0.,1.),.UNSPECIFIED.)
GEOMETRIC_REPRESENTATION_ITEM()
RATIONAL_B_SPLINE_SURFACE(((1.,0.707106781186548,1.),(1.,0.759253838639809,
1.),(1.,0.858295117564963,1.),(1.,0.921954434626073,1.),(1.,0.921954445729289,
1.)))
REPRESENTATION_ITEM('')
SURFACE()
);
#38=(
BOUNDED_SURFACE()
B_SPLINE_SURFACE(3,2,((#2701,#2702,#2703),(#2704,#2705,#2706),(#2707,#2708,
#2709),(#2710,#2711,#2712),(#2713,#2714,#2715)),.UNSPECIFIED.,.F.,.F.,.F.)
B_SPLINE_SURFACE_WITH_KNOTS((4,1,4),(3,3),(-7.33345914041942E-6,0.000808966934941232,
0.00162526732902288),(0.,1.),.UNSPECIFIED.)
GEOMETRIC_REPRESENTATION_ITEM()
RATIONAL_B_SPLINE_SURFACE(((1.,1.,1.),(1.,0.999999996649816,1.),(1.,0.96393714993656,
1.),(1.,0.921954439651026,1.),(1.,0.921954445729289,1.)))
REPRESENTATION_ITEM('')
SURFACE()
);
#39=(
BOUNDED_SURFACE()
B_SPLINE_SURFACE(3,2,((#2716,#2717,#2718),(#2719,#2720,#2721),(#2722,#2723,
#2724),(#2725,#2726,#2727),(#2728,#2729,#2730)),.UNSPECIFIED.,.F.,.F.,.F.)
B_SPLINE_SURFACE_WITH_KNOTS((4,1,4),(3,3),(-7.51148432201694E-6,0.000804352488426916,
0.00161621646117585),(0.,1.),.UNSPECIFIED.)
GEOMETRIC_REPRESENTATION_ITEM()
RATIONAL_B_SPLINE_SURFACE(((1.,1.,1.),(1.,0.999999996891333,1.),(1.,0.967538722249576,
1.),(1.,0.93094933081723,1.),(1.,0.930949336251263,1.)))
REPRESENTATION_ITEM('')
SURFACE()
);
#40=(
BOUNDED_SURFACE()
B_SPLINE_SURFACE(3,2,((#2734,#2735,#2736),(#2737,#2738,#2739),(#2740,#2741,
#2742),(#2743,#2744,#2745),(#2746,#2747,#2748)),.UNSPECIFIED.,.F.,.F.,.F.)
B_SPLINE_SURFACE_WITH_KNOTS((4,1,4),(3,3),(8.13151629364128E-19,0.000931262716255719,
0.00186252543251144),(0.,1.),.UNSPECIFIED.)
GEOMETRIC_REPRESENTATION_ITEM()
RATIONAL_B_SPLINE_SURFACE(((1.,0.930949336251262,1.),(1.,0.930949316354964,
1.),(1.,0.863678375576342,1.),(1.,0.761573222336807,1.),(1.,0.707106781186547,
1.)))
REPRESENTATION_ITEM('')
SURFACE()
);
#41=(
BOUNDED_SURFACE()
B_SPLINE_SURFACE(3,2,((#2752,#2753,#2754),(#2755,#2756,#2757),(#2758,#2759,
#2760),(#2761,#2762,#2763),(#2764,#2765,#2766)),.UNSPECIFIED.,.F.,.F.,.F.)
B_SPLINE_SURFACE_WITH_KNOTS((4,1,4),(3,3),(2.32019264911898E-17,0.000930614766073185,
0.00186122953214635),(0.,1.),.UNSPECIFIED.)
GEOMETRIC_REPRESENTATION_ITEM()
RATIONAL_B_SPLINE_SURFACE(((1.,0.707106781186548,1.),(1.,0.761591418788801,
1.),(1.,0.863118305123095,1.),(1.,0.930949322198206,1.),(1.,0.930949336251262,
1.)))
REPRESENTATION_ITEM('')
SURFACE()
);
#42=(
BOUNDED_SURFACE()
B_SPLINE_SURFACE(3,2,((#2770,#2771,#2772),(#2773,#2774,#2775),(#2776,#2777,
#2778),(#2779,#2780,#2781),(#2782,#2783,#2784)),.UNSPECIFIED.,.F.,.F.,.F.)
B_SPLINE_SURFACE_WITH_KNOTS((4,1,4),(3,3),(-7.51148432203847E-6,0.000804352488426896,
0.00161621646117583),(0.,1.),.UNSPECIFIED.)
GEOMETRIC_REPRESENTATION_ITEM()
RATIONAL_B_SPLINE_SURFACE(((1.,1.,1.),(1.,0.999999996891333,1.),(1.,0.96753872224904,
1.),(1.,0.930949330818307,1.),(1.,0.930949336251262,1.)))
REPRESENTATION_ITEM('')
SURFACE()
);
#43=(
BOUNDED_SURFACE()
B_SPLINE_SURFACE(3,2,((#2785,#2786,#2787),(#2788,#2789,#2790),(#2791,#2792,
#2793),(#2794,#2795,#2796),(#2797,#2798,#2799)),.UNSPECIFIED.,.F.,.F.,.F.)
B_SPLINE_SURFACE_WITH_KNOTS((4,1,4),(3,3),(-7.98363707257214E-6,0.000795666602372278,
0.00159931684181713),(0.,1.),.UNSPECIFIED.)
GEOMETRIC_REPRESENTATION_ITEM()
RATIONAL_B_SPLINE_SURFACE(((1.,1.,1.),(1.,0.999999997890128,1.),(1.,0.974870998099838,
1.),(1.,0.947643238242842,1.),(1.,0.94764324246792,1.)))
REPRESENTATION_ITEM('')
SURFACE()
);
#44=(
BOUNDED_SURFACE()
B_SPLINE_SURFACE(3,2,((#2803,#2804,#2805),(#2806,#2807,#2808),(#2809,#2810,
#2811),(#2812,#2813,#2814),(#2815,#2816,#2817),(#2818,#2819,#2820)),
 .UNSPECIFIED.,.F.,.F.,.F.)
B_SPLINE_SURFACE_WITH_KNOTS((4,1,1,4),(3,3),(-3.52365706057789E-18,0.00049782099955144,
0.000995641999102884,0.00199128399820577),(0.,1.),.UNSPECIFIED.)
GEOMETRIC_REPRESENTATION_ITEM()
RATIONAL_B_SPLINE_SURFACE(((1.,0.947643242467931,1.),(1.,0.94764322942464,
1.),(1.,0.926918172908497,1.),(1.,0.846456514814015,1.),(1.,0.766318376661446,
1.),(1.,0.707106781186547,1.)))
REPRESENTATION_ITEM('')
SURFACE()
);
#45=(
BOUNDED_SURFACE()
B_SPLINE_SURFACE(3,2,((#2822,#2823,#2824),(#2825,#2826,#2827),(#2828,#2829,
#2830),(#2831,#2832,#2833),(#2834,#2835,#2836),(#2837,#2838,#2839),(#2840,
#2841,#2842)),.UNSPECIFIED.,.F.,.F.,.F.)
B_SPLINE_SURFACE_WITH_KNOTS((4,1,1,1,4),(3,3),(8.67361737988404E-19,0.00355025807828576,
0.00710051615657152,0.0106507742348573,0.014201032313143),(0.,1.),
 .UNSPECIFIED.)
GEOMETRIC_REPRESENTATION_ITEM()
RATIONAL_B_SPLINE_SURFACE(((1.,0.707106781186547,1.),(1.,0.707106781186547,
1.),(1.,0.707106781186547,1.),(1.,0.70710678118655,1.),(1.,0.707106781186547,
1.),(1.,0.707106781186547,1.),(1.,0.707106781186547,1.)))
REPRESENTATION_ITEM('')
SURFACE()
);
#46=(
BOUNDED_SURFACE()
B_SPLINE_SURFACE(3,2,((#2844,#2845,#2846),(#2847,#2848,#2849),(#2850,#2851,
#2852),(#2853,#2854,#2855),(#2856,#2857,#2858),(#2859,#2860,#2861)),
 .UNSPECIFIED.,.F.,.F.,.F.)
B_SPLINE_SURFACE_WITH_KNOTS((4,1,1,4),(3,3),(-7.04731412115578E-18,0.000991437155729995,
0.001487155733595,0.00198287431146),(0.,1.),.UNSPECIFIED.)
GEOMETRIC_REPRESENTATION_ITEM()
RATIONAL_B_SPLINE_SURFACE(((1.,0.707106781186548,1.),(1.,0.766366362531426,
1.),(1.,0.846246351781107,1.),(1.,0.926814535222155,1.),(1.,0.947643231997147,
1.),(1.,0.947643242467928,1.)))
REPRESENTATION_ITEM('')
SURFACE()
);
#47=(
BOUNDED_SURFACE()
B_SPLINE_SURFACE(3,2,((#2865,#2866,#2867),(#2868,#2869,#2870),(#2871,#2872,
#2873),(#2874,#2875,#2876),(#2877,#2878,#2879)),.UNSPECIFIED.,.F.,.F.,.F.)
B_SPLINE_SURFACE_WITH_KNOTS((4,1,4),(3,3),(-7.98363708698559E-6,0.000795666602358066,
0.00159931684180312),(0.,1.),.UNSPECIFIED.)
GEOMETRIC_REPRESENTATION_ITEM()
RATIONAL_B_SPLINE_SURFACE(((1.,1.,1.),(1.,0.999999997890128,1.),(1.,0.974870998103201,
1.),(1.,0.947643238236167,1.),(1.,0.947643242467937,1.)))
REPRESENTATION_ITEM('')
SURFACE()
);
#48=(
BOUNDED_SURFACE()
B_SPLINE_SURFACE(3,2,((#3084,#3085,#3086),(#3087,#3088,#3089),(#3090,#3091,
#3092),(#3093,#3094,#3095),(#3096,#3097,#3098),(#3099,#3100,#3101),(#3102,
#3103,#3104),(#3105,#3106,#3107),(#3108,#3109,#3110),(#3111,#3112,#3113),
(#3114,#3115,#3116),(#3117,#3118,#3119),(#3120,#3121,#3122),(#3123,#3124,
#3125),(#3126,#3127,#3128),(#3129,#3130,#3131),(#3132,#3133,#3134),(#3135,
#3136,#3137),(#3138,#3139,#3140),(#3141,#3142,#3143),(#3144,#3145,#3146),
(#3147,#3148,#3149),(#3150,#3151,#3152),(#3153,#3154,#3155)),
 .UNSPECIFIED.,.T.,.F.,.F.)
B_SPLINE_SURFACE_WITH_KNOTS((1,3,1,1,1,1,1,1,1,1,1,1,1,1,1,1,1,1,1,1,1,
1,3,1),(3,3),(-0.00203596902146386,0.,0.00203596902146386,0.00407193804292773,
0.00814387608585545,0.0122158141287832,0.0162877521717109,0.0183237211931748,
0.0203596902146386,0.0244316282575664,0.0285035663004941,0.0305395353219579,
0.0325755043434218,0.0346114733648857,0.0366474423863495,0.0407193804292773,
0.044791318472205,0.0488632565151327,0.0529351945580604,0.0570071326009882,
0.0610790706439159,0.0631150396653798,0.0651510086868436,0.0671869777083075),
(0.,1.),.UNSPECIFIED.)
GEOMETRIC_REPRESENTATION_ITEM()
RATIONAL_B_SPLINE_SURFACE(((1.,0.707106781186546,1.),(1.,0.707106781186547,
1.),(1.,0.707106781186547,1.),(1.,0.707106781186549,1.),(1.,0.707106781186547,
1.),(1.,0.707106781186548,1.),(1.,0.707106781186548,1.),(1.,0.707106781186547,
1.),(1.,0.707106781186548,1.),(1.,0.707106781186547,1.),(1.,0.707106781186547,
1.),(1.,0.707106781186547,1.),(1.,0.707106781186548,1.),(1.,0.707106781186548,
1.),(1.,0.707106781186548,1.),(1.,0.707106781186547,1.),(1.,0.707106781186548,
1.),(1.,0.707106781186548,1.),(1.,0.707106781186547,1.),(1.,0.707106781186548,
1.),(1.,0.707106781186547,1.),(1.,0.707106781186546,1.),(1.,0.707106781186546,
1.),(1.,0.707106781186546,1.)))
REPRESENTATION_ITEM('')
SURFACE()
);
#49=(
BOUNDED_SURFACE()
B_SPLINE_SURFACE(3,2,((#3160,#3161,#3162),(#3163,#3164,#3165),(#3166,#3167,
#3168),(#3169,#3170,#3171),(#3172,#3173,#3174),(#3175,#3176,#3177),(#3178,
#3179,#3180),(#3181,#3182,#3183),(#3184,#3185,#3186),(#3187,#3188,#3189),
(#3190,#3191,#3192),(#3193,#3194,#3195),(#3196,#3197,#3198),(#3199,#3200,
#3201),(#3202,#3203,#3204),(#3205,#3206,#3207),(#3208,#3209,#3210),(#3211,
#3212,#3213),(#3214,#3215,#3216),(#3217,#3218,#3219),(#3220,#3221,#3222),
(#3223,#3224,#3225),(#3226,#3227,#3228),(#3229,#3230,#3231),(#3232,#3233,
#3234)),.UNSPECIFIED.,.T.,.F.,.F.)
B_SPLINE_SURFACE_WITH_KNOTS((1,3,1,1,1,1,1,1,1,1,1,1,1,1,1,1,1,1,1,1,1,
1,1,3,1),(3,3),(-0.00203569365345023,0.,0.00203569365345023,0.00407138730690047,
0.0061070809603507,0.00814277461380093,0.0122141619207014,0.0162855492276019,
0.0203569365345023,0.0244283238414028,0.0284997111483033,0.0305354048017535,
0.0325710984552037,0.034606792108654,0.0366424857621042,0.0386781794155544,
0.0407138730690047,0.0447852603759051,0.0488566476828056,0.0529280349897061,
0.0569994222966065,0.061070809603507,0.0631065032569572,0.0651421969104075,
0.0671778905638577),(0.,1.),.UNSPECIFIED.)
GEOMETRIC_REPRESENTATION_ITEM()
RATIONAL_B_SPLINE_SURFACE(((1.,0.707106781186548,1.),(1.,0.707106781186547,
1.),(1.,0.707106781186545,1.),(1.,0.707106781186548,1.),(1.,0.707106781186547,
1.),(1.,0.707106781186548,1.),(1.,0.707106781186547,1.),(1.,0.707106781186547,
1.),(1.,0.707106781186547,1.),(1.,0.707106781186548,1.),(1.,0.707106781186547,
1.),(1.,0.707106781186548,1.),(1.,0.707106781186547,1.),(1.,0.707106781186548,
1.),(1.,0.707106781186547,1.),(1.,0.707106781186548,1.),(1.,0.707106781186547,
1.),(1.,0.707106781186548,1.),(1.,0.707106781186547,1.),(1.,0.707106781186548,
1.),(1.,0.707106781186546,1.),(1.,0.707106781186547,1.),(1.,0.707106781186549,
1.),(1.,0.707106781186549,1.),(1.,0.707106781186548,1.)))
REPRESENTATION_ITEM('')
SURFACE()
);
#50=PLANE('',#1538);
#51=PLANE('',#1539);
#52=PLANE('',#1541);
#53=PLANE('',#1543);
#54=PLANE('',#1544);
#55=PLANE('',#1545);
#56=PLANE('',#1547);
#57=PLANE('',#1548);
#58=PLANE('',#1549);
#59=PLANE('',#1550);
#60=PLANE('',#1610);
#61=PLANE('',#1611);
#62=PLANE('',#1612);
#63=PLANE('',#1615);
#64=PLANE('',#1616);
#65=PLANE('',#1617);
#66=PLANE('',#1618);
#67=PLANE('',#1632);
#68=PLANE('',#1633);
#69=PLANE('',#1634);
#70=PLANE('',#1635);
#71=PLANE('',#1636);
#72=PLANE('',#1637);
#73=PLANE('',#1638);
#74=PLANE('',#1642);
#75=PLANE('',#1644);
#76=PLANE('',#1650);
#77=PLANE('',#1652);
#78=PLANE('',#1654);
#79=PLANE('',#1655);
#80=PLANE('',#1656);
#81=PLANE('',#1659);
#82=PLANE('',#1660);
#83=PLANE('',#1681);
#84=PLANE('',#1682);
#85=PLANE('',#1683);
#86=PLANE('',#1684);
#87=PLANE('',#1685);
#88=PLANE('',#1686);
#89=B_SPLINE_SURFACE_WITH_KNOTS('',3,1,((#2140,#2141),(#2142,#2143),(#2144,
#2145),(#2146,#2147),(#2148,#2149),(#2150,#2151),(#2152,#2153),(#2154,#2155),
(#2156,#2157),(#2158,#2159),(#2160,#2161),(#2162,#2163),(#2164,#2165),(#2166,
#2167),(#2168,#2169),(#2170,#2171),(#2172,#2173),(#2174,#2175),(#2176,#2177)),
 .SURF_OF_LINEAR_EXTRUSION.,.T.,.F.,.F.,(1,1,1,1,1,1,1,1,1,1,1,1,1,1,1,
1,1,1,1,1,1,1,1),(2,2),(-1.17809724509617,-0.785398163397448,-0.392699081698725,
0.,0.392699081698724,0.785398163397448,1.17809724509617,1.5707963267949,
1.96349540849362,2.35619449019234,2.74889357189107,3.14159265358979,3.53429173528852,
3.92699081698724,4.31968989868597,4.71238898038469,5.10508806208341,5.49778714378214,
5.89048622548086,6.28318530717959,6.67588438887831,7.06858347057703,7.46128255227576),
(0.,1.),.UNSPECIFIED.);
#90=B_SPLINE_SURFACE_WITH_KNOTS('',3,1,((#2936,#2937),(#2938,#2939),(#2940,
#2941),(#2942,#2943),(#2944,#2945),(#2946,#2947),(#2948,#2949),(#2950,#2951),
(#2952,#2953),(#2954,#2955),(#2956,#2957),(#2958,#2959),(#2960,#2961),(#2962,
#2963),(#2964,#2965),(#2966,#2967),(#2968,#2969),(#2970,#2971),(#2972,#2973)),
 .SURF_OF_LINEAR_EXTRUSION.,.T.,.F.,.F.,(1,1,1,1,1,1,1,1,1,1,1,1,1,1,1,
1,1,1,1,1,1,1,1),(2,2),(-1.17809724509617,-0.785398163397448,-0.392699081698725,
0.,0.392699081698724,0.785398163397448,1.17809724509617,1.5707963267949,
1.96349540849362,2.35619449019234,2.74889357189107,3.14159265358979,3.53429173528852,
3.92699081698724,4.31968989868597,4.71238898038469,5.10508806208341,5.49778714378214,
5.89048622548086,6.28318530717959,6.67588438887831,7.06858347057703,7.46128255227576),
(0.,1.),.UNSPECIFIED.);
#91=LINE('',#2107,#188);
#92=LINE('',#2111,#189);
#93=LINE('',#2127,#190);
#94=LINE('',#2131,#191);
#95=LINE('',#2212,#192);
#96=LINE('',#2232,#193);
#97=LINE('',#2249,#194);
#98=LINE('',#2252,#195);
#99=LINE('',#2254,#196);
#100=LINE('',#2256,#197);
#101=LINE('',#2261,#198);
#102=LINE('',#2266,#199);
#103=LINE('',#2268,#200);
#104=LINE('',#2270,#201);
#105=LINE('',#2273,#202);
#106=LINE('',#2275,#203);
#107=LINE('',#2277,#204);
#108=LINE('',#2279,#205);
#109=LINE('',#2282,#206);
#110=LINE('',#2284,#207);
#111=LINE('',#2286,#208);
#112=LINE('',#2288,#209);
#113=LINE('',#2299,#210);
#114=LINE('',#2303,#211);
#115=LINE('',#2306,#212);
#116=LINE('',#2308,#213);
#117=LINE('',#2310,#214);
#118=LINE('',#2312,#215);
#119=LINE('',#2315,#216);
#120=LINE('',#2317,#217);
#121=LINE('',#2319,#218);
#122=LINE('',#2347,#219);
#123=LINE('',#2369,#220);
#124=LINE('',#2373,#221);
#125=LINE('',#2375,#222);
#126=LINE('',#2377,#223);
#127=LINE('',#2881,#224);
#128=LINE('',#2884,#225);
#129=LINE('',#2886,#226);
#130=LINE('',#2888,#227);
#131=LINE('',#2890,#228);
#132=LINE('',#2893,#229);
#133=LINE('',#2895,#230);
#134=LINE('',#2897,#231);
#135=LINE('',#2901,#232);
#136=LINE('',#2914,#233);
#137=LINE('',#2917,#234);
#138=LINE('',#2929,#235);
#139=LINE('',#2931,#236);
#140=LINE('',#2933,#237);
#141=LINE('',#2935,#238);
#142=LINE('',#3245,#239);
#143=LINE('',#3248,#240);
#144=LINE('',#3250,#241);
#145=LINE('',#3252,#242);
#146=LINE('',#3254,#243);
#147=LINE('',#3256,#244);
#148=LINE('',#3258,#245);
#149=LINE('',#3260,#246);
#150=LINE('',#3262,#247);
#151=LINE('',#3264,#248);
#152=LINE('',#3266,#249);
#153=LINE('',#3267,#250);
#154=LINE('',#3276,#251);
#155=LINE('',#3283,#252);
#156=LINE('',#3285,#253);
#157=LINE('',#3287,#254);
#158=LINE('',#3289,#255);
#159=LINE('',#3295,#256);
#160=LINE('',#3306,#257);
#161=LINE('',#3310,#258);
#162=LINE('',#3326,#259);
#163=LINE('',#3334,#260);
#164=LINE('',#3337,#261);
#165=LINE('',#3339,#262);
#166=LINE('',#3341,#263);
#167=LINE('',#3343,#264);
#168=LINE('',#3345,#265);
#169=LINE('',#3347,#266);
#170=LINE('',#3351,#267);
#171=LINE('',#3352,#268);
#172=LINE('',#3356,#269);
#173=LINE('',#3358,#270);
#174=LINE('',#3360,#271);
#175=LINE('',#3362,#272);
#176=LINE('',#3384,#273);
#177=LINE('',#3387,#274);
#178=LINE('',#3389,#275);
#179=LINE('',#3391,#276);
#180=LINE('',#3393,#277);
#181=LINE('',#3395,#278);
#182=LINE('',#3397,#279);
#183=LINE('',#3399,#280);
#184=LINE('',#3401,#281);
#185=LINE('',#3403,#282);
#186=LINE('',#3405,#283);
#187=LINE('',#3406,#284);
#188=VECTOR('',#1693,1.);
#189=VECTOR('',#1696,1.);
#190=VECTOR('',#1699,1.);
#191=VECTOR('',#1702,1.);
#192=VECTOR('',#1705,1.);
#193=VECTOR('',#1706,1.);
#194=VECTOR('',#1709,1.);
#195=VECTOR('',#1710,1.);
#196=VECTOR('',#1711,1.);
#197=VECTOR('',#1712,1.);
#198=VECTOR('',#1719,1.);
#199=VECTOR('',#1722,1.);
#200=VECTOR('',#1723,1.);
#201=VECTOR('',#1726,1.);
#202=VECTOR('',#1727,1.);
#203=VECTOR('',#1728,1.);
#204=VECTOR('',#1729,1.);
#205=VECTOR('',#1732,1.);
#206=VECTOR('',#1733,1.);
#207=VECTOR('',#1734,1.);
#208=VECTOR('',#1735,1.);
#209=VECTOR('',#1738,1.);
#210=VECTOR('',#1739,1.);
#211=VECTOR('',#1744,1.);
#212=VECTOR('',#1745,1.);
#213=VECTOR('',#1746,1.);
#214=VECTOR('',#1747,1.);
#215=VECTOR('',#1750,1.);
#216=VECTOR('',#1751,1.);
#217=VECTOR('',#1752,1.);
#218=VECTOR('',#1753,1.);
#219=VECTOR('',#1758,1.);
#220=VECTOR('',#1759,1.);
#221=VECTOR('',#1762,1.);
#222=VECTOR('',#1763,1.);
#223=VECTOR('',#1764,1.);
#224=VECTOR('',#1883,1.);
#225=VECTOR('',#1884,1.);
#226=VECTOR('',#1885,1.);
#227=VECTOR('',#1886,1.);
#228=VECTOR('',#1889,1.);
#229=VECTOR('',#1890,1.);
#230=VECTOR('',#1891,1.);
#231=VECTOR('',#1892,1.);
#232=VECTOR('',#1897,1.);
#233=VECTOR('',#1902,1.);
#234=VECTOR('',#1903,1.);
#235=VECTOR('',#1904,1.);
#236=VECTOR('',#1907,1.);
#237=VECTOR('',#1908,1.);
#238=VECTOR('',#1909,1.);
#239=VECTOR('',#1942,1.);
#240=VECTOR('',#1943,1.);
#241=VECTOR('',#1944,1.);
#242=VECTOR('',#1945,1.);
#243=VECTOR('',#1948,1.);
#244=VECTOR('',#1949,1.);
#245=VECTOR('',#1950,1.);
#246=VECTOR('',#1953,1.);
#247=VECTOR('',#1954,1.);
#248=VECTOR('',#1955,1.);
#249=VECTOR('',#1958,1.);
#250=VECTOR('',#1959,1.);
#251=VECTOR('',#1970,1.);
#252=VECTOR('',#1977,1.);
#253=VECTOR('',#1980,1.);
#254=VECTOR('',#1981,1.);
#255=VECTOR('',#1982,1.);
#256=VECTOR('',#1989,1.);
#257=VECTOR('',#1990,1.);
#258=VECTOR('',#1993,1.);
#259=VECTOR('',#1996,1.);
#260=VECTOR('',#2007,1.);
#261=VECTOR('',#2008,1.);
#262=VECTOR('',#2009,1.);
#263=VECTOR('',#2010,1.);
#264=VECTOR('',#2013,1.);
#265=VECTOR('',#2014,1.);
#266=VECTOR('',#2015,1.);
#267=VECTOR('',#2020,1.);
#268=VECTOR('',#2021,1.);
#269=VECTOR('',#2026,1.);
#270=VECTOR('',#2027,1.);
#271=VECTOR('',#2030,1.);
#272=VECTOR('',#2031,1.);
#273=VECTOR('',#2074,1.);
#274=VECTOR('',#2075,1.);
#275=VECTOR('',#2076,1.);
#276=VECTOR('',#2077,1.);
#277=VECTOR('',#2080,1.);
#278=VECTOR('',#2081,1.);
#279=VECTOR('',#2082,1.);
#280=VECTOR('',#2085,1.);
#281=VECTOR('',#2086,1.);
#282=VECTOR('',#2087,1.);
#283=VECTOR('',#2090,1.);
#284=VECTOR('',#2091,1.);
#285=B_SPLINE_CURVE_WITH_KNOTS('',3,(#2100,#2101,#2102,#2103,#2104),
 .UNSPECIFIED.,.F.,.F.,(4,1,4),(0.,0.000902936399440682,0.00180587279888136),
 .UNSPECIFIED.);
#286=B_SPLINE_CURVE_WITH_KNOTS('',3,(#2113,#2114,#2115,#2116,#2117),
 .UNSPECIFIED.,.F.,.F.,(4,1,4),(0.,0.000883370002918464,0.00176674000583693),
 .UNSPECIFIED.);
#287=B_SPLINE_CURVE_WITH_KNOTS('',3,(#2121,#2122,#2123,#2124,#2125),
 .UNSPECIFIED.,.F.,.F.,(4,1,4),(0.,0.000880600372505931,0.00176120074501186),
 .UNSPECIFIED.);
#288=B_SPLINE_CURVE_WITH_KNOTS('',3,(#2133,#2134,#2135,#2136,#2137),
 .UNSPECIFIED.,.F.,.F.,(4,1,4),(0.,0.000904657723421937,0.00180931544684387),
 .UNSPECIFIED.);
#289=B_SPLINE_CURVE_WITH_KNOTS('',3,(#2178,#2179,#2180,#2181,#2182,#2183,
#2184,#2185,#2186,#2187,#2188,#2189,#2190,#2191,#2192,#2193,#2194,#2195,
#2196,#2197,#2198,#2199,#2200,#2201,#2202),.UNSPECIFIED.,.T.,.F.,(1,1,1,
1,1,1,1,1,1,1,1,1,1,1,1,1,1,1,1,1,1,1,1,1,1,1,1,1,1),(-0.00941979151179237,
-0.00470989575589618,-0.0023549478779481,0.,0.00235494787794809,0.00470989575589618,
0.00941979151179236,0.0141296872676885,0.0188395830235847,0.0235494787794809,
0.025904426657429,0.0282593745353771,0.0306143224133252,0.0329692702912733,
0.0353242181692214,0.0376791660471694,0.0400341139251175,0.0423890618030656,
0.0470989575589618,0.051808853314858,0.0565187490707542,0.0612286448266504,
0.0659385405825465,0.0706484363384427,0.0730033842163908,0.0753583320943389,
0.077713279972287,0.0800682278502351,0.0847781236061313),.UNSPECIFIED.);
#290=B_SPLINE_CURVE_WITH_KNOTS('',3,(#2204,#2205,#2206,#2207,#2208,#2209),
 .UNSPECIFIED.,.F.,.F.,(4,1,1,4),(0.,0.000963863696299979,0.00144579554444997,
0.00192772739259996),.UNSPECIFIED.);
#291=B_SPLINE_CURVE_WITH_KNOTS('',3,(#2214,#2215,#2216,#2217,#2218,#2219,
#2220,#2221,#2222,#2223,#2224,#2225,#2226,#2227,#2228,#2229,#2230),
 .UNSPECIFIED.,.F.,.F.,(4,1,1,1,1,1,1,1,1,1,1,1,1,1,4),(0.000166646945726724,
0.0038196793380193,0.00747271173031187,0.014778776514897,0.0184318089071896,
0.0220848412994822,0.0257378736917747,0.027564389887921,0.0293909060840673,
0.0330439384763599,0.0366969708686525,0.040350003260945,0.0440030356532376,
0.0513091004378227,0.0586151652224079),.UNSPECIFIED.);
#292=B_SPLINE_CURVE_WITH_KNOTS('',3,(#2234,#2235,#2236,#2237,#2238,#2239),
 .UNSPECIFIED.,.F.,.F.,(4,1,1,4),(0.,0.000484667095939475,0.000969334191878951,
0.0019386683837579),.UNSPECIFIED.);
#293=B_SPLINE_CURVE_WITH_KNOTS('',3,(#2241,#2242,#2243,#2244,#2245,#2246,
#2247),.UNSPECIFIED.,.F.,.F.,(4,1,1,1,4),(0.,0.00335033557783833,0.00670067115567665,
0.010051006733515,0.0134013423113533),.UNSPECIFIED.);
#294=B_SPLINE_CURVE_WITH_KNOTS('',3,(#2291,#2292,#2293,#2294,#2295,#2296,
#2297),.UNSPECIFIED.,.F.,.F.,(4,1,1,1,4),(0.,0.003578066237072,0.007156132474144,
0.010734198711216,0.014312264948288),.UNSPECIFIED.);
#295=B_SPLINE_CURVE_WITH_KNOTS('',3,(#2321,#2322,#2323,#2324,#2325,#2326,
#2327,#2328,#2329,#2330,#2331,#2332,#2333,#2334,#2335,#2336,#2337,#2338,
#2339,#2340,#2341,#2342,#2343,#2344),.UNSPECIFIED.,.T.,.F.,(1,1,1,1,1,1,
1,1,1,1,1,1,1,1,1,1,1,1,1,1,1,1,1,1,1,1,1,1),(-0.0089772981933936,-0.0044886490966968,
-0.0022443245483484,6.47701045608101E-19,0.0022443245483484,0.0044886490966968,
0.00897729819339359,0.0134659472900904,0.0179545963867872,0.022443245483484,
0.0269318945801808,0.0314205436768776,0.033664868225226,0.0359091927735744,
0.0381535173219228,0.0403978418702712,0.044886490966968,0.0471308155153164,
0.0493751400636648,0.0538637891603616,0.0583524382570584,0.0628410873537552,
0.067329736450452,0.0695740609988004,0.0718183855471488,0.0740627100954972,
0.0763070346438456,0.0807956837405424),.UNSPECIFIED.);
#296=B_SPLINE_CURVE_WITH_KNOTS('',3,(#2350,#2351,#2352,#2353,#2354,#2355,
#2356,#2357,#2358,#2359,#2360,#2361,#2362,#2363,#2364,#2365,#2366,#2367),
 .UNSPECIFIED.,.F.,.F.,(4,1,1,1,1,1,1,1,1,1,1,1,1,1,1,4),(-0.000826702282530325,
0.00270618243982188,0.00623906716217409,0.0133048366068785,0.0168377213292307,
0.0203706060515829,0.0239034907739351,0.0274363754962873,0.0292028178574634,
0.0309692602186395,0.0345021449409917,0.0380350296633439,0.0415679143856961,
0.0486336838304006,0.0521665685527528,0.055699453275105),.UNSPECIFIED.);
#297=B_SPLINE_CURVE_WITH_KNOTS('',3,(#2434,#2435,#2436,#2437,#2438),
 .UNSPECIFIED.,.F.,.F.,(4,1,4),(8.67535192992235E-17,0.000439497885615068,
0.00087899577123005),.UNSPECIFIED.);
#298=B_SPLINE_CURVE_WITH_KNOTS('',3,(#2439,#2440,#2441,#2442,#2443),
 .UNSPECIFIED.,.F.,.F.,(4,1,4),(0.,0.000439497885611002,0.000878995771222004),
 .UNSPECIFIED.);
#299=B_SPLINE_CURVE_WITH_KNOTS('',3,(#2445,#2446,#2447,#2448,#2449),
 .UNSPECIFIED.,.F.,.F.,(4,1,4),(0.,0.000440994519242972,0.000881989038485944),
 .UNSPECIFIED.);
#300=B_SPLINE_CURVE_WITH_KNOTS('',3,(#2450,#2451,#2452,#2453,#2454),
 .UNSPECIFIED.,.F.,.F.,(4,1,4),(0.,0.000463608232212584,0.000927216464425167),
 .UNSPECIFIED.);
#301=B_SPLINE_CURVE_WITH_KNOTS('',3,(#2456,#2457,#2458,#2459,#2460),
 .UNSPECIFIED.,.F.,.F.,(4,1,4),(0.,0.000453954245004996,0.000907908490009991),
 .UNSPECIFIED.);
#302=B_SPLINE_CURVE_WITH_KNOTS('',3,(#2461,#2462,#2463,#2464,#2465),
 .UNSPECIFIED.,.F.,.F.,(4,1,4),(0.,0.000461010330080583,0.000922020660161166),
 .UNSPECIFIED.);
#303=B_SPLINE_CURVE_WITH_KNOTS('',3,(#2467,#2468,#2469,#2470,#2471),
 .UNSPECIFIED.,.F.,.F.,(4,1,4),(0.,0.000455626991825383,0.000911253983650766),
 .UNSPECIFIED.);
#304=B_SPLINE_CURVE_WITH_KNOTS('',3,(#2477,#2478,#2479,#2480,#2481),
 .UNSPECIFIED.,.F.,.F.,(4,1,4),(0.,0.000455626991825371,0.000911253983650742),
 .UNSPECIFIED.);
#305=B_SPLINE_CURVE_WITH_KNOTS('',3,(#2484,#2485,#2486,#2487,#2488),
 .UNSPECIFIED.,.F.,.F.,(4,1,4),(0.,0.000453954245004985,0.000907908490009969),
 .UNSPECIFIED.);
#306=B_SPLINE_CURVE_WITH_KNOTS('',3,(#2489,#2490,#2491,#2492,#2493),
 .UNSPECIFIED.,.F.,.F.,(4,1,4),(0.,0.000461010330080582,0.000922020660161164),
 .UNSPECIFIED.);
#307=B_SPLINE_CURVE_WITH_KNOTS('',3,(#2495,#2496,#2497,#2498,#2499),
 .UNSPECIFIED.,.F.,.F.,(4,1,4),(0.,0.000440994519241432,0.000881989038482864),
 .UNSPECIFIED.);
#308=B_SPLINE_CURVE_WITH_KNOTS('',3,(#2500,#2501,#2502,#2503,#2504),
 .UNSPECIFIED.,.F.,.F.,(4,1,4),(0.,0.000463608232212599,0.000927216464425199),
 .UNSPECIFIED.);
#309=B_SPLINE_CURVE_WITH_KNOTS('',3,(#2590,#2591,#2592,#2593,#2594,#2595,
#2596),.UNSPECIFIED.,.F.,.F.,(4,1,1,1,4),(0.,0.000359845151316339,0.000719690302632678,
0.00107953545394902,0.00143938060526536),.UNSPECIFIED.);
#310=B_SPLINE_CURVE_WITH_KNOTS('',3,(#2597,#2598,#2599,#2600,#2601,#2602),
 .UNSPECIFIED.,.F.,.F.,(4,1,1,4),(0.,0.000301062420648592,0.000602124841297183,
0.00120424968259437),.UNSPECIFIED.);
#311=B_SPLINE_CURVE_WITH_KNOTS('',3,(#2604,#2605,#2606,#2607,#2608,#2609,
#2610),.UNSPECIFIED.,.F.,.F.,(4,1,1,1,4),(0.,0.000362134330436563,0.000724268660873125,
0.00108640299130969,0.00144853732174625),.UNSPECIFIED.);
#312=B_SPLINE_CURVE_WITH_KNOTS('',3,(#2611,#2612,#2613,#2614,#2615,#2616),
 .UNSPECIFIED.,.F.,.F.,(4,1,1,4),(0.,0.000600449749062142,0.000900674623593213,
0.00120089949812428),.UNSPECIFIED.);
#313=B_SPLINE_CURVE_WITH_KNOTS('',3,(#2619,#2620,#2621,#2622,#2623,#2624),
 .UNSPECIFIED.,.F.,.F.,(4,1,1,4),(0.,0.000317930208757412,0.000635860417514824,
0.00127172083502965),.UNSPECIFIED.);
#314=B_SPLINE_CURVE_WITH_KNOTS('',3,(#2627,#2628,#2629,#2630,#2631,#2632),
 .UNSPECIFIED.,.F.,.F.,(4,1,1,4),(0.,0.000632422313165257,0.000948633469747886,
0.00126484462633051),.UNSPECIFIED.);
#315=B_SPLINE_CURVE_WITH_KNOTS('',3,(#2904,#2905,#2906,#2907,#2908,#2909,
#2910,#2911,#2912),.UNSPECIFIED.,.F.,.F.,(4,1,1,1,1,1,4),(0.,0.00423887097029076,
0.00635830645543614,0.00847774194058152,0.0105971774257269,0.0127166129108723,
0.016955483881163),.UNSPECIFIED.);
#316=B_SPLINE_CURVE_WITH_KNOTS('',3,(#2919,#2920,#2921,#2922,#2923,#2924,
#2925,#2926,#2927),.UNSPECIFIED.,.F.,.F.,(4,1,1,1,1,1,4),(0.000902465709819281,
0.00469102143873886,0.00658529930319864,0.00847957716765843,0.0103738550321182,
0.012268132896578,0.0160566886254976),.UNSPECIFIED.);
#317=B_SPLINE_CURVE_WITH_KNOTS('',3,(#2974,#2975,#2976,#2977,#2978,#2979,
#2980,#2981,#2982,#2983,#2984,#2985,#2986,#2987,#2988,#2989,#2990,#2991,
#2992,#2993,#2994,#2995,#2996),.UNSPECIFIED.,.T.,.F.,(1,1,1,1,1,1,1,1,1,
1,1,1,1,1,1,1,1,1,1,1,1,1,1,1,1,1,1),(-0.00857680802159679,-0.00428840401079839,
-0.00214420200539919,0.,0.0021442020053992,0.00428840401079839,0.00857680802159679,
0.0128652120323952,0.0171536160431936,0.021442020053992,0.0257304240647904,
0.0300188280755887,0.0321630300809879,0.0343072320863871,0.0364514340917863,
0.0385956360971855,0.0428840401079839,0.0471724441187823,0.0514608481295807,
0.0557492521403791,0.0600376561511775,0.0643260601619759,0.0664702621673751,
0.0686144641727743,0.0707586661781735,0.0729028681835727,0.0771912721943711),
 .UNSPECIFIED.);
#318=B_SPLINE_CURVE_WITH_KNOTS('',3,(#2998,#2999,#3000,#3001,#3002,#3003,
#3004,#3005,#3006,#3007,#3008,#3009,#3010,#3011,#3012,#3013,#3014,#3015,
#3016,#3017,#3018,#3019,#3020),.UNSPECIFIED.,.T.,.F.,(1,1,1,1,1,1,1,1,1,
1,1,1,1,1,1,1,1,1,1,1,1,1,1,1,1,1,1),(-0.00865613389178553,-0.00432806694589277,
-0.00216403347294639,0.,0.00216403347294638,0.00432806694589276,0.00865613389178553,
0.0129842008376783,0.0173122677835711,0.0216403347294638,0.0259684016753566,
0.0302964686212493,0.0324605020941957,0.0346245355671421,0.0367885690400885,
0.0389526025130349,0.0432806694589276,0.0476087364048204,0.0519368033507132,
0.0562648702966059,0.0605929372424987,0.0649210041883914,0.0670850376613378,
0.0692490711342842,0.0714131046072306,0.073577138080177,0.0779052050260697),
 .UNSPECIFIED.);
#319=B_SPLINE_CURVE_WITH_KNOTS('',3,(#3022,#3023,#3024,#3025,#3026,#3027),
 .UNSPECIFIED.,.F.,.F.,(4,1,1,4),(1.49810221224012E-16,0.000281853762671305,
0.000563707525342461,0.00112741505068477),.UNSPECIFIED.);
#320=B_SPLINE_CURVE_WITH_KNOTS('',3,(#3028,#3029,#3030,#3031,#3032,#3033),
 .UNSPECIFIED.,.F.,.F.,(4,1,1,4),(2.34227821450779E-17,0.000556626022339665,
0.000834939033509485,0.00111325204467931),.UNSPECIFIED.);
#321=B_SPLINE_CURVE_WITH_KNOTS('',3,(#3035,#3036,#3037,#3038,#3039,#3040,
#3041,#3042,#3043,#3044,#3045,#3046,#3047,#3048,#3049,#3050,#3051,#3052,
#3053,#3054,#3055,#3056,#3057),.UNSPECIFIED.,.T.,.F.,(1,1,1,1,1,1,1,1,1,
1,1,1,1,1,1,1,1,1,1,1,1,1,1,1,1,1,1),(-0.00812475903998026,-0.00406237951999013,
-0.00203118975999506,1.08195013204747E-19,0.00203118975999506,0.00406237951999013,
0.00812475903998026,0.0121871385599704,0.0162495180799605,0.0203118975999506,
0.0243742771199408,0.0284366566399309,0.030467846399926,0.032499036159921,
0.0345302259199161,0.0365614156799112,0.0406237951999013,0.0446861747198914,
0.0487485542398815,0.0528109337598717,0.0568733132798618,0.0609356927998519,
0.062966882559847,0.0649980723198421,0.0670292620798371,0.0690604518398322,
0.0731228313598223),.UNSPECIFIED.);
#322=B_SPLINE_CURVE_WITH_KNOTS('',3,(#3060,#3061,#3062,#3063,#3064,#3065,
#3066,#3067,#3068,#3069,#3070,#3071,#3072,#3073,#3074,#3075,#3076,#3077,
#3078,#3079,#3080,#3081,#3082),.UNSPECIFIED.,.T.,.F.,(1,1,1,1,1,1,1,1,1,
1,1,1,1,1,1,1,1,1,1,1,1,1,1,1,1,1,1),(-0.00825466273745308,-0.00412733136872654,
-0.00206366568436327,5.71680737634796E-19,0.00206366568436327,0.00412733136872654,
0.00825466273745308,0.0123819941061796,0.0165093254749062,0.0206366568436327,
0.0247639882123592,0.0288913195810858,0.030954985265449,0.0330186509498123,
0.0350823166341756,0.0371459823185389,0.0412733136872654,0.0454006450559919,
0.0495279764247185,0.053655307793445,0.0577826391621716,0.0619099705308981,
0.0639736362152614,0.0660373018996246,0.0681009675839879,0.0701646332683512,
0.0742919646370777),.UNSPECIFIED.);
#323=B_SPLINE_CURVE_WITH_KNOTS('',3,(#3297,#3298,#3299,#3300),
 .UNSPECIFIED.,.F.,.F.,(4,4),(0.,0.000112563994359414),.UNSPECIFIED.);
#324=B_SPLINE_CURVE_WITH_KNOTS('',3,(#3301,#3302,#3303,#3304),
 .UNSPECIFIED.,.F.,.F.,(4,4),(0.,0.000112563994359432),.UNSPECIFIED.);
#325=B_SPLINE_CURVE_WITH_KNOTS('',3,(#3312,#3313,#3314,#3315,#3316),
 .UNSPECIFIED.,.F.,.F.,(4,1,4),(0.,0.00048643060278334,0.00097286120556668),
 .UNSPECIFIED.);
#326=B_SPLINE_CURVE_WITH_KNOTS('',3,(#3320,#3321,#3322,#3323,#3324),
 .UNSPECIFIED.,.F.,.F.,(4,1,4),(0.,0.000484102851374551,0.000968205702749101),
 .UNSPECIFIED.);
#327=ORIENTED_EDGE('',*,*,#741,.T.);
#328=ORIENTED_EDGE('',*,*,#742,.T.);
#329=ORIENTED_EDGE('',*,*,#743,.T.);
#330=ORIENTED_EDGE('',*,*,#744,.T.);
#331=ORIENTED_EDGE('',*,*,#745,.T.);
#332=ORIENTED_EDGE('',*,*,#746,.T.);
#333=ORIENTED_EDGE('',*,*,#747,.T.);
#334=ORIENTED_EDGE('',*,*,#748,.T.);
#335=ORIENTED_EDGE('',*,*,#749,.T.);
#336=ORIENTED_EDGE('',*,*,#750,.T.);
#337=ORIENTED_EDGE('',*,*,#751,.T.);
#338=ORIENTED_EDGE('',*,*,#752,.T.);
#339=ORIENTED_EDGE('',*,*,#753,.T.);
#340=ORIENTED_EDGE('',*,*,#754,.T.);
#341=ORIENTED_EDGE('',*,*,#755,.T.);
#342=ORIENTED_EDGE('',*,*,#756,.T.);
#343=ORIENTED_EDGE('',*,*,#757,.T.);
#344=ORIENTED_EDGE('',*,*,#758,.T.);
#345=ORIENTED_EDGE('',*,*,#759,.T.);
#346=ORIENTED_EDGE('',*,*,#760,.T.);
#347=ORIENTED_EDGE('',*,*,#761,.T.);
#348=ORIENTED_EDGE('',*,*,#762,.T.);
#349=ORIENTED_EDGE('',*,*,#763,.T.);
#350=ORIENTED_EDGE('',*,*,#764,.T.);
#351=ORIENTED_EDGE('',*,*,#765,.T.);
#352=ORIENTED_EDGE('',*,*,#766,.T.);
#353=ORIENTED_EDGE('',*,*,#767,.T.);
#354=ORIENTED_EDGE('',*,*,#768,.T.);
#355=ORIENTED_EDGE('',*,*,#769,.T.);
#356=ORIENTED_EDGE('',*,*,#770,.T.);
#357=ORIENTED_EDGE('',*,*,#771,.T.);
#358=ORIENTED_EDGE('',*,*,#772,.T.);
#359=ORIENTED_EDGE('',*,*,#773,.T.);
#360=ORIENTED_EDGE('',*,*,#774,.T.);
#361=ORIENTED_EDGE('',*,*,#775,.T.);
#362=ORIENTED_EDGE('',*,*,#776,.T.);
#363=ORIENTED_EDGE('',*,*,#777,.T.);
#364=ORIENTED_EDGE('',*,*,#778,.T.);
#365=ORIENTED_EDGE('',*,*,#779,.T.);
#366=ORIENTED_EDGE('',*,*,#780,.T.);
#367=ORIENTED_EDGE('',*,*,#781,.T.);
#368=ORIENTED_EDGE('',*,*,#782,.T.);
#369=ORIENTED_EDGE('',*,*,#783,.T.);
#370=ORIENTED_EDGE('',*,*,#784,.T.);
#371=ORIENTED_EDGE('',*,*,#785,.T.);
#372=ORIENTED_EDGE('',*,*,#786,.T.);
#373=ORIENTED_EDGE('',*,*,#787,.T.);
#374=ORIENTED_EDGE('',*,*,#788,.T.);
#375=ORIENTED_EDGE('',*,*,#789,.T.);
#376=ORIENTED_EDGE('',*,*,#790,.T.);
#377=ORIENTED_EDGE('',*,*,#791,.T.);
#378=ORIENTED_EDGE('',*,*,#792,.T.);
#379=ORIENTED_EDGE('',*,*,#793,.T.);
#380=ORIENTED_EDGE('',*,*,#794,.T.);
#381=ORIENTED_EDGE('',*,*,#795,.T.);
#382=ORIENTED_EDGE('',*,*,#796,.T.);
#383=ORIENTED_EDGE('',*,*,#797,.T.);
#384=ORIENTED_EDGE('',*,*,#798,.T.);
#385=ORIENTED_EDGE('',*,*,#757,.F.);
#386=ORIENTED_EDGE('',*,*,#799,.T.);
#387=ORIENTED_EDGE('',*,*,#792,.F.);
#388=ORIENTED_EDGE('',*,*,#800,.T.);
#389=ORIENTED_EDGE('',*,*,#784,.F.);
#390=ORIENTED_EDGE('',*,*,#801,.T.);
#391=ORIENTED_EDGE('',*,*,#791,.F.);
#392=ORIENTED_EDGE('',*,*,#802,.T.);
#393=ORIENTED_EDGE('',*,*,#798,.F.);
#394=ORIENTED_EDGE('',*,*,#803,.T.);
#395=ORIENTED_EDGE('',*,*,#750,.F.);
#396=ORIENTED_EDGE('',*,*,#804,.T.);
#397=ORIENTED_EDGE('',*,*,#772,.F.);
#398=ORIENTED_EDGE('',*,*,#805,.T.);
#399=ORIENTED_EDGE('',*,*,#797,.F.);
#400=ORIENTED_EDGE('',*,*,#806,.T.);
#401=ORIENTED_EDGE('',*,*,#763,.F.);
#402=ORIENTED_EDGE('',*,*,#807,.T.);
#403=ORIENTED_EDGE('',*,*,#796,.F.);
#404=ORIENTED_EDGE('',*,*,#808,.T.);
#405=ORIENTED_EDGE('',*,*,#795,.F.);
#406=ORIENTED_EDGE('',*,*,#809,.T.);
#407=ORIENTED_EDGE('',*,*,#774,.F.);
#408=ORIENTED_EDGE('',*,*,#810,.T.);
#409=ORIENTED_EDGE('',*,*,#744,.F.);
#410=ORIENTED_EDGE('',*,*,#811,.T.);
#411=ORIENTED_EDGE('',*,*,#794,.F.);
#412=ORIENTED_EDGE('',*,*,#812,.T.);
#413=ORIENTED_EDGE('',*,*,#793,.F.);
#414=ORIENTED_EDGE('',*,*,#813,.T.);
#415=ORIENTED_EDGE('',*,*,#786,.F.);
#416=ORIENTED_EDGE('',*,*,#814,.T.);
#417=ORIENTED_EDGE('',*,*,#790,.F.);
#418=ORIENTED_EDGE('',*,*,#754,.F.);
#419=ORIENTED_EDGE('',*,*,#780,.F.);
#420=ORIENTED_EDGE('',*,*,#815,.T.);
#421=ORIENTED_EDGE('',*,*,#782,.F.);
#422=ORIENTED_EDGE('',*,*,#816,.T.);
#423=ORIENTED_EDGE('',*,*,#788,.F.);
#424=ORIENTED_EDGE('',*,*,#817,.T.);
#425=ORIENTED_EDGE('',*,*,#778,.F.);
#426=ORIENTED_EDGE('',*,*,#818,.T.);
#427=ORIENTED_EDGE('',*,*,#765,.F.);
#428=ORIENTED_EDGE('',*,*,#741,.F.);
#429=ORIENTED_EDGE('',*,*,#776,.F.);
#430=ORIENTED_EDGE('',*,*,#819,.T.);
#431=ORIENTED_EDGE('',*,*,#766,.F.);
#432=ORIENTED_EDGE('',*,*,#820,.T.);
#433=ORIENTED_EDGE('',*,*,#768,.F.);
#434=ORIENTED_EDGE('',*,*,#821,.T.);
#435=ORIENTED_EDGE('',*,*,#770,.F.);
#436=ORIENTED_EDGE('',*,*,#822,.T.);
#437=ORIENTED_EDGE('',*,*,#808,.F.);
#438=ORIENTED_EDGE('',*,*,#810,.F.);
#439=ORIENTED_EDGE('',*,*,#823,.F.);
#440=ORIENTED_EDGE('',*,*,#823,.T.);
#441=ORIENTED_EDGE('',*,*,#777,.F.);
#442=ORIENTED_EDGE('',*,*,#824,.F.);
#443=ORIENTED_EDGE('',*,*,#764,.F.);
#444=ORIENTED_EDGE('',*,*,#824,.T.);
#445=ORIENTED_EDGE('',*,*,#820,.F.);
#446=ORIENTED_EDGE('',*,*,#825,.F.);
#447=ORIENTED_EDGE('',*,*,#825,.T.);
#448=ORIENTED_EDGE('',*,*,#769,.F.);
#449=ORIENTED_EDGE('',*,*,#826,.F.);
#450=ORIENTED_EDGE('',*,*,#761,.F.);
#451=ORIENTED_EDGE('',*,*,#826,.T.);
#452=ORIENTED_EDGE('',*,*,#822,.F.);
#453=ORIENTED_EDGE('',*,*,#827,.F.);
#454=ORIENTED_EDGE('',*,*,#827,.T.);
#455=ORIENTED_EDGE('',*,*,#773,.F.);
#456=ORIENTED_EDGE('',*,*,#828,.F.);
#457=ORIENTED_EDGE('',*,*,#762,.F.);
#458=ORIENTED_EDGE('',*,*,#828,.T.);
#459=ORIENTED_EDGE('',*,*,#806,.F.);
#460=ORIENTED_EDGE('',*,*,#807,.F.);
#461=ORIENTED_EDGE('',*,*,#812,.F.);
#462=ORIENTED_EDGE('',*,*,#814,.F.);
#463=ORIENTED_EDGE('',*,*,#829,.F.);
#464=ORIENTED_EDGE('',*,*,#829,.T.);
#465=ORIENTED_EDGE('',*,*,#789,.F.);
#466=ORIENTED_EDGE('',*,*,#830,.F.);
#467=ORIENTED_EDGE('',*,*,#745,.F.);
#468=ORIENTED_EDGE('',*,*,#830,.T.);
#469=ORIENTED_EDGE('',*,*,#818,.F.);
#470=ORIENTED_EDGE('',*,*,#831,.F.);
#471=ORIENTED_EDGE('',*,*,#746,.F.);
#472=ORIENTED_EDGE('',*,*,#831,.T.);
#473=ORIENTED_EDGE('',*,*,#781,.F.);
#474=ORIENTED_EDGE('',*,*,#832,.F.);
#475=ORIENTED_EDGE('',*,*,#747,.F.);
#476=ORIENTED_EDGE('',*,*,#832,.T.);
#477=ORIENTED_EDGE('',*,*,#816,.F.);
#478=ORIENTED_EDGE('',*,*,#833,.F.);
#479=ORIENTED_EDGE('',*,*,#748,.F.);
#480=ORIENTED_EDGE('',*,*,#833,.T.);
#481=ORIENTED_EDGE('',*,*,#785,.F.);
#482=ORIENTED_EDGE('',*,*,#834,.F.);
#483=ORIENTED_EDGE('',*,*,#749,.F.);
#484=ORIENTED_EDGE('',*,*,#834,.T.);
#485=ORIENTED_EDGE('',*,*,#802,.F.);
#486=ORIENTED_EDGE('',*,*,#804,.F.);
#487=ORIENTED_EDGE('',*,*,#803,.F.);
#488=ORIENTED_EDGE('',*,*,#805,.F.);
#489=ORIENTED_EDGE('',*,*,#835,.F.);
#490=ORIENTED_EDGE('',*,*,#835,.T.);
#491=ORIENTED_EDGE('',*,*,#771,.F.);
#492=ORIENTED_EDGE('',*,*,#836,.F.);
#493=ORIENTED_EDGE('',*,*,#751,.F.);
#494=ORIENTED_EDGE('',*,*,#836,.T.);
#495=ORIENTED_EDGE('',*,*,#821,.F.);
#496=ORIENTED_EDGE('',*,*,#837,.F.);
#497=ORIENTED_EDGE('',*,*,#752,.F.);
#498=ORIENTED_EDGE('',*,*,#837,.T.);
#499=ORIENTED_EDGE('',*,*,#767,.F.);
#500=ORIENTED_EDGE('',*,*,#838,.F.);
#501=ORIENTED_EDGE('',*,*,#753,.F.);
#502=ORIENTED_EDGE('',*,*,#838,.T.);
#503=ORIENTED_EDGE('',*,*,#819,.F.);
#504=ORIENTED_EDGE('',*,*,#839,.F.);
#505=ORIENTED_EDGE('',*,*,#742,.F.);
#506=ORIENTED_EDGE('',*,*,#839,.T.);
#507=ORIENTED_EDGE('',*,*,#775,.F.);
#508=ORIENTED_EDGE('',*,*,#840,.F.);
#509=ORIENTED_EDGE('',*,*,#743,.F.);
#510=ORIENTED_EDGE('',*,*,#840,.T.);
#511=ORIENTED_EDGE('',*,*,#809,.F.);
#512=ORIENTED_EDGE('',*,*,#811,.F.);
#513=ORIENTED_EDGE('',*,*,#800,.F.);
#514=ORIENTED_EDGE('',*,*,#801,.F.);
#515=ORIENTED_EDGE('',*,*,#841,.F.);
#516=ORIENTED_EDGE('',*,*,#841,.T.);
#517=ORIENTED_EDGE('',*,*,#783,.F.);
#518=ORIENTED_EDGE('',*,*,#842,.F.);
#519=ORIENTED_EDGE('',*,*,#758,.F.);
#520=ORIENTED_EDGE('',*,*,#842,.T.);
#521=ORIENTED_EDGE('',*,*,#815,.F.);
#522=ORIENTED_EDGE('',*,*,#843,.F.);
#523=ORIENTED_EDGE('',*,*,#759,.F.);
#524=ORIENTED_EDGE('',*,*,#843,.T.);
#525=ORIENTED_EDGE('',*,*,#779,.F.);
#526=ORIENTED_EDGE('',*,*,#844,.F.);
#527=ORIENTED_EDGE('',*,*,#760,.F.);
#528=ORIENTED_EDGE('',*,*,#844,.T.);
#529=ORIENTED_EDGE('',*,*,#817,.F.);
#530=ORIENTED_EDGE('',*,*,#845,.F.);
#531=ORIENTED_EDGE('',*,*,#755,.F.);
#532=ORIENTED_EDGE('',*,*,#845,.T.);
#533=ORIENTED_EDGE('',*,*,#787,.F.);
#534=ORIENTED_EDGE('',*,*,#846,.F.);
#535=ORIENTED_EDGE('',*,*,#756,.F.);
#536=ORIENTED_EDGE('',*,*,#846,.T.);
#537=ORIENTED_EDGE('',*,*,#813,.F.);
#538=ORIENTED_EDGE('',*,*,#799,.F.);
#539=ORIENTED_EDGE('',*,*,#847,.T.);
#540=ORIENTED_EDGE('',*,*,#848,.T.);
#541=ORIENTED_EDGE('',*,*,#849,.T.);
#542=ORIENTED_EDGE('',*,*,#850,.T.);
#543=ORIENTED_EDGE('',*,*,#851,.F.);
#544=ORIENTED_EDGE('',*,*,#852,.T.);
#545=ORIENTED_EDGE('',*,*,#853,.T.);
#546=ORIENTED_EDGE('',*,*,#854,.F.);
#547=ORIENTED_EDGE('',*,*,#854,.T.);
#548=ORIENTED_EDGE('',*,*,#855,.T.);
#549=ORIENTED_EDGE('',*,*,#856,.T.);
#550=ORIENTED_EDGE('',*,*,#857,.T.);
#551=ORIENTED_EDGE('',*,*,#850,.F.);
#552=ORIENTED_EDGE('',*,*,#858,.T.);
#553=ORIENTED_EDGE('',*,*,#859,.T.);
#554=ORIENTED_EDGE('',*,*,#860,.T.);
#555=ORIENTED_EDGE('',*,*,#861,.F.);
#556=ORIENTED_EDGE('',*,*,#862,.T.);
#557=ORIENTED_EDGE('',*,*,#863,.T.);
#558=ORIENTED_EDGE('',*,*,#864,.T.);
#559=ORIENTED_EDGE('',*,*,#865,.T.);
#560=ORIENTED_EDGE('',*,*,#856,.F.);
#561=ORIENTED_EDGE('',*,*,#866,.T.);
#562=ORIENTED_EDGE('',*,*,#867,.T.);
#563=ORIENTED_EDGE('',*,*,#858,.F.);
#564=ORIENTED_EDGE('',*,*,#849,.F.);
#565=ORIENTED_EDGE('',*,*,#868,.T.);
#566=ORIENTED_EDGE('',*,*,#861,.T.);
#567=ORIENTED_EDGE('',*,*,#869,.T.);
#568=ORIENTED_EDGE('',*,*,#851,.T.);
#569=ORIENTED_EDGE('',*,*,#870,.T.);
#570=ORIENTED_EDGE('',*,*,#871,.T.);
#571=ORIENTED_EDGE('',*,*,#870,.F.);
#572=ORIENTED_EDGE('',*,*,#867,.F.);
#573=ORIENTED_EDGE('',*,*,#865,.F.);
#574=ORIENTED_EDGE('',*,*,#872,.T.);
#575=ORIENTED_EDGE('',*,*,#847,.F.);
#576=ORIENTED_EDGE('',*,*,#857,.F.);
#577=ORIENTED_EDGE('',*,*,#853,.F.);
#578=ORIENTED_EDGE('',*,*,#873,.T.);
#579=ORIENTED_EDGE('',*,*,#863,.F.);
#580=ORIENTED_EDGE('',*,*,#855,.F.);
#581=ORIENTED_EDGE('',*,*,#866,.F.);
#582=ORIENTED_EDGE('',*,*,#871,.F.);
#583=ORIENTED_EDGE('',*,*,#868,.F.);
#584=ORIENTED_EDGE('',*,*,#848,.F.);
#585=ORIENTED_EDGE('',*,*,#874,.F.);
#586=ORIENTED_EDGE('',*,*,#862,.F.);
#587=ORIENTED_EDGE('',*,*,#874,.T.);
#588=ORIENTED_EDGE('',*,*,#872,.F.);
#589=ORIENTED_EDGE('',*,*,#875,.F.);
#590=ORIENTED_EDGE('',*,*,#875,.T.);
#591=ORIENTED_EDGE('',*,*,#864,.F.);
#592=ORIENTED_EDGE('',*,*,#876,.F.);
#593=ORIENTED_EDGE('',*,*,#859,.F.);
#594=ORIENTED_EDGE('',*,*,#876,.T.);
#595=ORIENTED_EDGE('',*,*,#873,.F.);
#596=ORIENTED_EDGE('',*,*,#877,.F.);
#597=ORIENTED_EDGE('',*,*,#869,.F.);
#598=ORIENTED_EDGE('',*,*,#860,.F.);
#599=ORIENTED_EDGE('',*,*,#877,.T.);
#600=ORIENTED_EDGE('',*,*,#852,.F.);
#601=ORIENTED_EDGE('',*,*,#878,.T.);
#602=ORIENTED_EDGE('',*,*,#879,.F.);
#603=ORIENTED_EDGE('',*,*,#880,.F.);
#604=ORIENTED_EDGE('',*,*,#881,.T.);
#605=ORIENTED_EDGE('',*,*,#882,.T.);
#606=ORIENTED_EDGE('',*,*,#881,.F.);
#607=ORIENTED_EDGE('',*,*,#883,.F.);
#608=ORIENTED_EDGE('',*,*,#884,.T.);
#609=ORIENTED_EDGE('',*,*,#885,.F.);
#610=ORIENTED_EDGE('',*,*,#884,.F.);
#611=ORIENTED_EDGE('',*,*,#886,.T.);
#612=ORIENTED_EDGE('',*,*,#887,.T.);
#613=ORIENTED_EDGE('',*,*,#888,.F.);
#614=ORIENTED_EDGE('',*,*,#887,.F.);
#615=ORIENTED_EDGE('',*,*,#889,.T.);
#616=ORIENTED_EDGE('',*,*,#879,.T.);
#617=ORIENTED_EDGE('',*,*,#880,.T.);
#618=ORIENTED_EDGE('',*,*,#889,.F.);
#619=ORIENTED_EDGE('',*,*,#886,.F.);
#620=ORIENTED_EDGE('',*,*,#883,.T.);
#621=ORIENTED_EDGE('',*,*,#878,.F.);
#622=ORIENTED_EDGE('',*,*,#882,.F.);
#623=ORIENTED_EDGE('',*,*,#885,.T.);
#624=ORIENTED_EDGE('',*,*,#888,.T.);
#625=ORIENTED_EDGE('',*,*,#890,.T.);
#626=ORIENTED_EDGE('',*,*,#891,.T.);
#627=ORIENTED_EDGE('',*,*,#892,.T.);
#628=ORIENTED_EDGE('',*,*,#893,.T.);
#629=ORIENTED_EDGE('',*,*,#894,.F.);
#630=ORIENTED_EDGE('',*,*,#895,.T.);
#631=ORIENTED_EDGE('',*,*,#896,.T.);
#632=ORIENTED_EDGE('',*,*,#897,.T.);
#633=ORIENTED_EDGE('',*,*,#898,.T.);
#634=ORIENTED_EDGE('',*,*,#892,.F.);
#635=ORIENTED_EDGE('',*,*,#899,.T.);
#636=ORIENTED_EDGE('',*,*,#900,.T.);
#637=ORIENTED_EDGE('',*,*,#890,.F.);
#638=ORIENTED_EDGE('',*,*,#901,.T.);
#639=ORIENTED_EDGE('',*,*,#902,.T.);
#640=ORIENTED_EDGE('',*,*,#894,.T.);
#641=ORIENTED_EDGE('',*,*,#903,.T.);
#642=ORIENTED_EDGE('',*,*,#904,.T.);
#643=ORIENTED_EDGE('',*,*,#905,.F.);
#644=ORIENTED_EDGE('',*,*,#906,.T.);
#645=ORIENTED_EDGE('',*,*,#907,.T.);
#646=ORIENTED_EDGE('',*,*,#908,.T.);
#647=ORIENTED_EDGE('',*,*,#909,.T.);
#648=ORIENTED_EDGE('',*,*,#910,.F.);
#649=ORIENTED_EDGE('',*,*,#911,.T.);
#650=ORIENTED_EDGE('',*,*,#912,.T.);
#651=ORIENTED_EDGE('',*,*,#913,.T.);
#652=ORIENTED_EDGE('',*,*,#914,.T.);
#653=ORIENTED_EDGE('',*,*,#915,.T.);
#654=ORIENTED_EDGE('',*,*,#916,.T.);
#655=ORIENTED_EDGE('',*,*,#908,.F.);
#656=ORIENTED_EDGE('',*,*,#917,.T.);
#657=ORIENTED_EDGE('',*,*,#918,.T.);
#658=ORIENTED_EDGE('',*,*,#919,.T.);
#659=ORIENTED_EDGE('',*,*,#916,.F.);
#660=ORIENTED_EDGE('',*,*,#920,.T.);
#661=ORIENTED_EDGE('',*,*,#921,.T.);
#662=ORIENTED_EDGE('',*,*,#905,.T.);
#663=ORIENTED_EDGE('',*,*,#922,.F.);
#664=ORIENTED_EDGE('',*,*,#923,.T.);
#665=ORIENTED_EDGE('',*,*,#924,.T.);
#666=ORIENTED_EDGE('',*,*,#925,.T.);
#667=ORIENTED_EDGE('',*,*,#906,.F.);
#668=ORIENTED_EDGE('',*,*,#921,.F.);
#669=ORIENTED_EDGE('',*,*,#910,.T.);
#670=ORIENTED_EDGE('',*,*,#926,.T.);
#671=ORIENTED_EDGE('',*,*,#927,.T.);
#672=ORIENTED_EDGE('',*,*,#922,.T.);
#673=ORIENTED_EDGE('',*,*,#911,.F.);
#674=ORIENTED_EDGE('',*,*,#900,.F.);
#675=ORIENTED_EDGE('',*,*,#927,.F.);
#676=ORIENTED_EDGE('',*,*,#928,.T.);
#677=ORIENTED_EDGE('',*,*,#913,.F.);
#678=ORIENTED_EDGE('',*,*,#923,.F.);
#679=ORIENTED_EDGE('',*,*,#915,.F.);
#680=ORIENTED_EDGE('',*,*,#929,.T.);
#681=ORIENTED_EDGE('',*,*,#924,.F.);
#682=ORIENTED_EDGE('',*,*,#920,.F.);
#683=ORIENTED_EDGE('',*,*,#898,.F.);
#684=ORIENTED_EDGE('',*,*,#930,.T.);
#685=ORIENTED_EDGE('',*,*,#901,.F.);
#686=ORIENTED_EDGE('',*,*,#893,.F.);
#687=ORIENTED_EDGE('',*,*,#904,.F.);
#688=ORIENTED_EDGE('',*,*,#931,.T.);
#689=ORIENTED_EDGE('',*,*,#896,.F.);
#690=ORIENTED_EDGE('',*,*,#891,.F.);
#691=ORIENTED_EDGE('',*,*,#899,.F.);
#692=ORIENTED_EDGE('',*,*,#912,.F.);
#693=ORIENTED_EDGE('',*,*,#903,.F.);
#694=ORIENTED_EDGE('',*,*,#895,.F.);
#695=ORIENTED_EDGE('',*,*,#902,.F.);
#696=ORIENTED_EDGE('',*,*,#930,.F.);
#697=ORIENTED_EDGE('',*,*,#897,.F.);
#698=ORIENTED_EDGE('',*,*,#931,.F.);
#699=ORIENTED_EDGE('',*,*,#932,.F.);
#700=ORIENTED_EDGE('',*,*,#926,.F.);
#701=ORIENTED_EDGE('',*,*,#909,.F.);
#702=ORIENTED_EDGE('',*,*,#919,.F.);
#703=ORIENTED_EDGE('',*,*,#928,.F.);
#704=ORIENTED_EDGE('',*,*,#932,.T.);
#705=ORIENTED_EDGE('',*,*,#933,.F.);
#706=ORIENTED_EDGE('',*,*,#934,.F.);
#707=ORIENTED_EDGE('',*,*,#914,.F.);
#708=ORIENTED_EDGE('',*,*,#933,.T.);
#709=ORIENTED_EDGE('',*,*,#918,.F.);
#710=ORIENTED_EDGE('',*,*,#929,.F.);
#711=ORIENTED_EDGE('',*,*,#934,.T.);
#712=ORIENTED_EDGE('',*,*,#935,.F.);
#713=ORIENTED_EDGE('',*,*,#935,.T.);
#714=ORIENTED_EDGE('',*,*,#917,.F.);
#715=ORIENTED_EDGE('',*,*,#907,.F.);
#716=ORIENTED_EDGE('',*,*,#925,.F.);
#717=ORIENTED_EDGE('',*,*,#936,.T.);
#718=ORIENTED_EDGE('',*,*,#937,.F.);
#719=ORIENTED_EDGE('',*,*,#938,.F.);
#720=ORIENTED_EDGE('',*,*,#939,.T.);
#721=ORIENTED_EDGE('',*,*,#940,.F.);
#722=ORIENTED_EDGE('',*,*,#939,.F.);
#723=ORIENTED_EDGE('',*,*,#941,.T.);
#724=ORIENTED_EDGE('',*,*,#942,.T.);
#725=ORIENTED_EDGE('',*,*,#943,.F.);
#726=ORIENTED_EDGE('',*,*,#942,.F.);
#727=ORIENTED_EDGE('',*,*,#944,.T.);
#728=ORIENTED_EDGE('',*,*,#945,.T.);
#729=ORIENTED_EDGE('',*,*,#946,.T.);
#730=ORIENTED_EDGE('',*,*,#945,.F.);
#731=ORIENTED_EDGE('',*,*,#947,.F.);
#732=ORIENTED_EDGE('',*,*,#937,.T.);
#733=ORIENTED_EDGE('',*,*,#938,.T.);
#734=ORIENTED_EDGE('',*,*,#947,.T.);
#735=ORIENTED_EDGE('',*,*,#944,.F.);
#736=ORIENTED_EDGE('',*,*,#941,.F.);
#737=ORIENTED_EDGE('',*,*,#936,.F.);
#738=ORIENTED_EDGE('',*,*,#940,.T.);
#739=ORIENTED_EDGE('',*,*,#943,.T.);
#740=ORIENTED_EDGE('',*,*,#946,.F.);
#741=EDGE_CURVE('',#948,#948,#1072,.T.);
#742=EDGE_CURVE('',#949,#950,#285,.T.);
#743=EDGE_CURVE('',#950,#951,#91,.F.);
#744=EDGE_CURVE('',#951,#952,#1073,.F.);
#745=EDGE_CURVE('',#952,#953,#92,.T.);
#746=EDGE_CURVE('',#953,#954,#286,.T.);
#747=EDGE_CURVE('',#954,#955,#1074,.F.);
#748=EDGE_CURVE('',#955,#956,#287,.T.);
#749=EDGE_CURVE('',#956,#957,#93,.F.);
#750=EDGE_CURVE('',#957,#958,#1075,.F.);
#751=EDGE_CURVE('',#958,#959,#94,.T.);
#752=EDGE_CURVE('',#959,#960,#288,.T.);
#753=EDGE_CURVE('',#960,#949,#1076,.F.);
#754=EDGE_CURVE('',#961,#961,#289,.T.);
#755=EDGE_CURVE('',#962,#963,#290,.T.);
#756=EDGE_CURVE('',#963,#964,#95,.F.);
#757=EDGE_CURVE('',#964,#965,#291,.T.);
#758=EDGE_CURVE('',#965,#966,#96,.T.);
#759=EDGE_CURVE('',#966,#967,#292,.T.);
#760=EDGE_CURVE('',#967,#962,#293,.T.);
#761=EDGE_CURVE('',#968,#969,#97,.F.);
#762=EDGE_CURVE('',#969,#970,#98,.F.);
#763=EDGE_CURVE('',#970,#971,#99,.T.);
#764=EDGE_CURVE('',#971,#968,#100,.T.);
#765=EDGE_CURVE('',#972,#972,#1077,.F.);
#766=EDGE_CURVE('',#973,#974,#101,.T.);
#767=EDGE_CURVE('',#974,#975,#1078,.T.);
#768=EDGE_CURVE('',#975,#976,#102,.F.);
#769=EDGE_CURVE('',#976,#973,#103,.T.);
#770=EDGE_CURVE('',#977,#978,#104,.T.);
#771=EDGE_CURVE('',#978,#979,#105,.T.);
#772=EDGE_CURVE('',#979,#980,#106,.F.);
#773=EDGE_CURVE('',#980,#977,#107,.T.);
#774=EDGE_CURVE('',#981,#982,#108,.T.);
#775=EDGE_CURVE('',#982,#983,#109,.T.);
#776=EDGE_CURVE('',#983,#984,#110,.F.);
#777=EDGE_CURVE('',#984,#981,#111,.F.);
#778=EDGE_CURVE('',#985,#986,#112,.T.);
#779=EDGE_CURVE('',#986,#987,#294,.T.);
#780=EDGE_CURVE('',#987,#988,#113,.F.);
#781=EDGE_CURVE('',#988,#985,#1079,.T.);
#782=EDGE_CURVE('',#989,#990,#114,.T.);
#783=EDGE_CURVE('',#990,#991,#115,.T.);
#784=EDGE_CURVE('',#991,#992,#116,.F.);
#785=EDGE_CURVE('',#992,#989,#117,.F.);
#786=EDGE_CURVE('',#993,#994,#118,.T.);
#787=EDGE_CURVE('',#994,#995,#119,.T.);
#788=EDGE_CURVE('',#995,#996,#120,.F.);
#789=EDGE_CURVE('',#996,#993,#121,.F.);
#790=EDGE_CURVE('',#997,#997,#295,.T.);
#791=EDGE_CURVE('',#998,#999,#122,.T.);
#792=EDGE_CURVE('',#999,#1000,#296,.T.);
#793=EDGE_CURVE('',#1000,#1001,#123,.F.);
#794=EDGE_CURVE('',#1001,#1002,#1080,.T.);
#795=EDGE_CURVE('',#1002,#1003,#124,.F.);
#796=EDGE_CURVE('',#1003,#1004,#125,.F.);
#797=EDGE_CURVE('',#1004,#1005,#126,.T.);
#798=EDGE_CURVE('',#1005,#998,#1081,.T.);
#799=EDGE_CURVE('',#964,#1000,#297,.T.);
#800=EDGE_CURVE('',#999,#965,#298,.F.);
#801=EDGE_CURVE('',#991,#999,#299,.T.);
#802=EDGE_CURVE('',#998,#992,#300,.F.);
#803=EDGE_CURVE('',#1005,#958,#301,.F.);
#804=EDGE_CURVE('',#957,#998,#302,.T.);
#805=EDGE_CURVE('',#979,#1005,#303,.T.);
#806=EDGE_CURVE('',#1004,#980,#1082,.F.);
#807=EDGE_CURVE('',#970,#1004,#1083,.T.);
#808=EDGE_CURVE('',#1003,#971,#1084,.F.);
#809=EDGE_CURVE('',#1002,#982,#304,.F.);
#810=EDGE_CURVE('',#981,#1003,#1085,.T.);
#811=EDGE_CURVE('',#951,#1002,#305,.T.);
#812=EDGE_CURVE('',#1001,#952,#306,.F.);
#813=EDGE_CURVE('',#1000,#994,#307,.F.);
#814=EDGE_CURVE('',#993,#1001,#308,.T.);
#815=EDGE_CURVE('',#987,#990,#309,.T.);
#816=EDGE_CURVE('',#989,#988,#310,.T.);
#817=EDGE_CURVE('',#995,#986,#311,.T.);
#818=EDGE_CURVE('',#985,#996,#312,.T.);
#819=EDGE_CURVE('',#983,#974,#313,.T.);
#820=EDGE_CURVE('',#973,#984,#1086,.F.);
#821=EDGE_CURVE('',#975,#978,#314,.T.);
#822=EDGE_CURVE('',#977,#976,#1087,.T.);
#823=EDGE_CURVE('',#971,#981,#1088,.T.);
#824=EDGE_CURVE('',#968,#984,#1089,.T.);
#825=EDGE_CURVE('',#968,#973,#1090,.T.);
#826=EDGE_CURVE('',#969,#976,#1091,.T.);
#827=EDGE_CURVE('',#969,#977,#1092,.T.);
#828=EDGE_CURVE('',#970,#980,#1093,.T.);
#829=EDGE_CURVE('',#952,#993,#1094,.T.);
#830=EDGE_CURVE('',#953,#996,#1095,.T.);
#831=EDGE_CURVE('',#954,#985,#1096,.T.);
#832=EDGE_CURVE('',#955,#988,#1097,.T.);
#833=EDGE_CURVE('',#956,#989,#1098,.T.);
#834=EDGE_CURVE('',#957,#992,#1099,.T.);
#835=EDGE_CURVE('',#958,#979,#1100,.T.);
#836=EDGE_CURVE('',#959,#978,#1101,.T.);
#837=EDGE_CURVE('',#960,#975,#1102,.T.);
#838=EDGE_CURVE('',#949,#974,#1103,.T.);
#839=EDGE_CURVE('',#950,#983,#1104,.T.);
#840=EDGE_CURVE('',#951,#982,#1105,.T.);
#841=EDGE_CURVE('',#965,#991,#1106,.T.);
#842=EDGE_CURVE('',#966,#990,#1107,.T.);
#843=EDGE_CURVE('',#967,#987,#1108,.T.);
#844=EDGE_CURVE('',#962,#986,#1109,.T.);
#845=EDGE_CURVE('',#963,#995,#1110,.T.);
#846=EDGE_CURVE('',#964,#994,#1111,.T.);
#847=EDGE_CURVE('',#1006,#1007,#127,.T.);
#848=EDGE_CURVE('',#1007,#1008,#128,.F.);
#849=EDGE_CURVE('',#1008,#1009,#129,.F.);
#850=EDGE_CURVE('',#1009,#1006,#130,.T.);
#851=EDGE_CURVE('',#1010,#1011,#131,.F.);
#852=EDGE_CURVE('',#1010,#1012,#132,.T.);
#853=EDGE_CURVE('',#1012,#1013,#133,.F.);
#854=EDGE_CURVE('',#1011,#1013,#134,.T.);
#855=EDGE_CURVE('',#1013,#1014,#1112,.T.);
#856=EDGE_CURVE('',#1014,#1015,#135,.T.);
#857=EDGE_CURVE('',#1015,#1006,#1113,.T.);
#858=EDGE_CURVE('',#1009,#1011,#315,.T.);
#859=EDGE_CURVE('',#1016,#1017,#136,.F.);
#860=EDGE_CURVE('',#1017,#1018,#137,.F.);
#861=EDGE_CURVE('',#1019,#1018,#316,.T.);
#862=EDGE_CURVE('',#1019,#1016,#138,.T.);
#863=EDGE_CURVE('',#1014,#1020,#139,.T.);
#864=EDGE_CURVE('',#1020,#1021,#140,.T.);
#865=EDGE_CURVE('',#1021,#1015,#141,.F.);
#866=EDGE_CURVE('',#1022,#1022,#317,.T.);
#867=EDGE_CURVE('',#1023,#1023,#318,.T.);
#868=EDGE_CURVE('',#1008,#1019,#319,.T.);
#869=EDGE_CURVE('',#1018,#1010,#320,.T.);
#870=EDGE_CURVE('',#1024,#1024,#321,.T.);
#871=EDGE_CURVE('',#1025,#1025,#322,.T.);
#872=EDGE_CURVE('',#1021,#1007,#1114,.T.);
#873=EDGE_CURVE('',#1012,#1020,#1115,.F.);
#874=EDGE_CURVE('',#1016,#1007,#1116,.T.);
#875=EDGE_CURVE('',#1016,#1021,#1117,.T.);
#876=EDGE_CURVE('',#1017,#1020,#1118,.T.);
#877=EDGE_CURVE('',#1017,#1012,#1119,.T.);
#878=EDGE_CURVE('',#1026,#1027,#142,.T.);
#879=EDGE_CURVE('',#1028,#1027,#143,.T.);
#880=EDGE_CURVE('',#1029,#1028,#144,.T.);
#881=EDGE_CURVE('',#1029,#1026,#145,.T.);
#882=EDGE_CURVE('',#1030,#1026,#146,.T.);
#883=EDGE_CURVE('',#1031,#1029,#147,.T.);
#884=EDGE_CURVE('',#1031,#1030,#148,.T.);
#885=EDGE_CURVE('',#1030,#1032,#149,.T.);
#886=EDGE_CURVE('',#1031,#1033,#150,.T.);
#887=EDGE_CURVE('',#1033,#1032,#151,.T.);
#888=EDGE_CURVE('',#1032,#1027,#152,.T.);
#889=EDGE_CURVE('',#1033,#1028,#153,.T.);
#890=EDGE_CURVE('',#1034,#1035,#1120,.T.);
#891=EDGE_CURVE('',#1035,#1036,#1121,.T.);
#892=EDGE_CURVE('',#1036,#1037,#154,.T.);
#893=EDGE_CURVE('',#1037,#1034,#1122,.T.);
#894=EDGE_CURVE('',#1038,#1039,#1123,.T.);
#895=EDGE_CURVE('',#1038,#1039,#155,.F.);
#896=EDGE_CURVE('',#1036,#1040,#156,.T.);
#897=EDGE_CURVE('',#1040,#1041,#157,.T.);
#898=EDGE_CURVE('',#1041,#1037,#158,.F.);
#899=EDGE_CURVE('',#1042,#1042,#1124,.F.);
#900=EDGE_CURVE('',#1043,#1043,#1125,.T.);
#901=EDGE_CURVE('',#1034,#1044,#159,.T.);
#902=EDGE_CURVE('',#1044,#1038,#323,.T.);
#903=EDGE_CURVE('',#1039,#1045,#324,.T.);
#904=EDGE_CURVE('',#1045,#1035,#160,.F.);
#905=EDGE_CURVE('',#1046,#1047,#1126,.T.);
#906=EDGE_CURVE('',#1046,#1048,#161,.T.);
#907=EDGE_CURVE('',#1048,#1049,#325,.T.);
#908=EDGE_CURVE('',#1049,#1050,#1127,.T.);
#909=EDGE_CURVE('',#1050,#1051,#326,.T.);
#910=EDGE_CURVE('',#1047,#1051,#162,.T.);
#911=EDGE_CURVE('',#1052,#1052,#1128,.F.);
#912=EDGE_CURVE('',#1053,#1053,#1129,.T.);
#913=EDGE_CURVE('',#1054,#1055,#163,.T.);
#914=EDGE_CURVE('',#1055,#1056,#164,.F.);
#915=EDGE_CURVE('',#1056,#1057,#165,.F.);
#916=EDGE_CURVE('',#1057,#1054,#166,.T.);
#917=EDGE_CURVE('',#1049,#1058,#167,.F.);
#918=EDGE_CURVE('',#1058,#1059,#168,.T.);
#919=EDGE_CURVE('',#1059,#1050,#169,.T.);
#920=EDGE_CURVE('',#1057,#1060,#1130,.T.);
#921=EDGE_CURVE('',#1060,#1046,#170,.T.);
#922=EDGE_CURVE('',#1061,#1047,#171,.T.);
#923=EDGE_CURVE('',#1061,#1054,#1131,.T.);
#924=EDGE_CURVE('',#1060,#1062,#172,.T.);
#925=EDGE_CURVE('',#1062,#1048,#173,.T.);
#926=EDGE_CURVE('',#1051,#1063,#174,.F.);
#927=EDGE_CURVE('',#1063,#1061,#175,.F.);
#928=EDGE_CURVE('',#1063,#1055,#1132,.F.);
#929=EDGE_CURVE('',#1056,#1062,#1133,.T.);
#930=EDGE_CURVE('',#1041,#1044,#16,.T.);
#931=EDGE_CURVE('',#1045,#1040,#17,.F.);
#932=EDGE_CURVE('',#1063,#1059,#1134,.T.);
#933=EDGE_CURVE('',#1055,#1059,#1135,.T.);
#934=EDGE_CURVE('',#1056,#1058,#1136,.T.);
#935=EDGE_CURVE('',#1062,#1058,#1137,.T.);
#936=EDGE_CURVE('',#1064,#1065,#176,.T.);
#937=EDGE_CURVE('',#1066,#1065,#177,.T.);
#938=EDGE_CURVE('',#1067,#1066,#178,.T.);
#939=EDGE_CURVE('',#1067,#1064,#179,.T.);
#940=EDGE_CURVE('',#1064,#1068,#180,.T.);
#941=EDGE_CURVE('',#1067,#1069,#181,.T.);
#942=EDGE_CURVE('',#1069,#1068,#182,.T.);
#943=EDGE_CURVE('',#1068,#1070,#183,.T.);
#944=EDGE_CURVE('',#1069,#1071,#184,.T.);
#945=EDGE_CURVE('',#1071,#1070,#185,.T.);
#946=EDGE_CURVE('',#1065,#1070,#186,.T.);
#947=EDGE_CURVE('',#1066,#1071,#187,.T.);
#948=VERTEX_POINT('',#2099);
#949=VERTEX_POINT('',#2105);
#950=VERTEX_POINT('',#2106);
#951=VERTEX_POINT('',#2108);
#952=VERTEX_POINT('',#2110);
#953=VERTEX_POINT('',#2112);
#954=VERTEX_POINT('',#2118);
#955=VERTEX_POINT('',#2120);
#956=VERTEX_POINT('',#2126);
#957=VERTEX_POINT('',#2128);
#958=VERTEX_POINT('',#2130);
#959=VERTEX_POINT('',#2132);
#960=VERTEX_POINT('',#2138);
#961=VERTEX_POINT('',#2203);
#962=VERTEX_POINT('',#2210);
#963=VERTEX_POINT('',#2211);
#964=VERTEX_POINT('',#2213);
#965=VERTEX_POINT('',#2231);
#966=VERTEX_POINT('',#2233);
#967=VERTEX_POINT('',#2240);
#968=VERTEX_POINT('',#2250);
#969=VERTEX_POINT('',#2251);
#970=VERTEX_POINT('',#2253);
#971=VERTEX_POINT('',#2255);
#972=VERTEX_POINT('',#2259);
#973=VERTEX_POINT('',#2262);
#974=VERTEX_POINT('',#2263);
#975=VERTEX_POINT('',#2265);
#976=VERTEX_POINT('',#2267);
#977=VERTEX_POINT('',#2271);
#978=VERTEX_POINT('',#2272);
#979=VERTEX_POINT('',#2274);
#980=VERTEX_POINT('',#2276);
#981=VERTEX_POINT('',#2280);
#982=VERTEX_POINT('',#2281);
#983=VERTEX_POINT('',#2283);
#984=VERTEX_POINT('',#2285);
#985=VERTEX_POINT('',#2289);
#986=VERTEX_POINT('',#2290);
#987=VERTEX_POINT('',#2298);
#988=VERTEX_POINT('',#2300);
#989=VERTEX_POINT('',#2304);
#990=VERTEX_POINT('',#2305);
#991=VERTEX_POINT('',#2307);
#992=VERTEX_POINT('',#2309);
#993=VERTEX_POINT('',#2313);
#994=VERTEX_POINT('',#2314);
#995=VERTEX_POINT('',#2316);
#996=VERTEX_POINT('',#2318);
#997=VERTEX_POINT('',#2345);
#998=VERTEX_POINT('',#2348);
#999=VERTEX_POINT('',#2349);
#1000=VERTEX_POINT('',#2368);
#1001=VERTEX_POINT('',#2370);
#1002=VERTEX_POINT('',#2372);
#1003=VERTEX_POINT('',#2374);
#1004=VERTEX_POINT('',#2376);
#1005=VERTEX_POINT('',#2378);
#1006=VERTEX_POINT('',#2882);
#1007=VERTEX_POINT('',#2883);
#1008=VERTEX_POINT('',#2885);
#1009=VERTEX_POINT('',#2887);
#1010=VERTEX_POINT('',#2891);
#1011=VERTEX_POINT('',#2892);
#1012=VERTEX_POINT('',#2894);
#1013=VERTEX_POINT('',#2896);
#1014=VERTEX_POINT('',#2900);
#1015=VERTEX_POINT('',#2902);
#1016=VERTEX_POINT('',#2915);
#1017=VERTEX_POINT('',#2916);
#1018=VERTEX_POINT('',#2918);
#1019=VERTEX_POINT('',#2928);
#1020=VERTEX_POINT('',#2932);
#1021=VERTEX_POINT('',#2934);
#1022=VERTEX_POINT('',#2997);
#1023=VERTEX_POINT('',#3021);
#1024=VERTEX_POINT('',#3058);
#1025=VERTEX_POINT('',#3083);
#1026=VERTEX_POINT('',#3246);
#1027=VERTEX_POINT('',#3247);
#1028=VERTEX_POINT('',#3249);
#1029=VERTEX_POINT('',#3251);
#1030=VERTEX_POINT('',#3255);
#1031=VERTEX_POINT('',#3257);
#1032=VERTEX_POINT('',#3261);
#1033=VERTEX_POINT('',#3263);
#1034=VERTEX_POINT('',#3272);
#1035=VERTEX_POINT('',#3273);
#1036=VERTEX_POINT('',#3275);
#1037=VERTEX_POINT('',#3277);
#1038=VERTEX_POINT('',#3281);
#1039=VERTEX_POINT('',#3282);
#1040=VERTEX_POINT('',#3286);
#1041=VERTEX_POINT('',#3288);
#1042=VERTEX_POINT('',#3292);
#1043=VERTEX_POINT('',#3294);
#1044=VERTEX_POINT('',#3296);
#1045=VERTEX_POINT('',#3305);
#1046=VERTEX_POINT('',#3308);
#1047=VERTEX_POINT('',#3309);
#1048=VERTEX_POINT('',#3311);
#1049=VERTEX_POINT('',#3317);
#1050=VERTEX_POINT('',#3319);
#1051=VERTEX_POINT('',#3325);
#1052=VERTEX_POINT('',#3329);
#1053=VERTEX_POINT('',#3332);
#1054=VERTEX_POINT('',#3335);
#1055=VERTEX_POINT('',#3336);
#1056=VERTEX_POINT('',#3338);
#1057=VERTEX_POINT('',#3340);
#1058=VERTEX_POINT('',#3344);
#1059=VERTEX_POINT('',#3346);
#1060=VERTEX_POINT('',#3350);
#1061=VERTEX_POINT('',#3353);
#1062=VERTEX_POINT('',#3357);
#1063=VERTEX_POINT('',#3361);
#1064=VERTEX_POINT('',#3385);
#1065=VERTEX_POINT('',#3386);
#1066=VERTEX_POINT('',#3388);
#1067=VERTEX_POINT('',#3390);
#1068=VERTEX_POINT('',#3394);
#1069=VERTEX_POINT('',#3396);
#1070=VERTEX_POINT('',#3400);
#1071=VERTEX_POINT('',#3402);
#1072=CIRCLE('',#1533,0.01);
#1073=CIRCLE('',#1534,0.01);
#1074=CIRCLE('',#1535,0.01);
#1075=CIRCLE('',#1536,0.01);
#1076=CIRCLE('',#1537,0.01);
#1077=CIRCLE('',#1540,0.0095);
#1078=CIRCLE('',#1542,0.0105);
#1079=CIRCLE('',#1546,0.0105);
#1080=CIRCLE('',#1551,0.0095);
#1081=CIRCLE('',#1552,0.0095);
#1082=CIRCLE('',#1556,0.0005);
#1083=CIRCLE('',#1558,0.0005);
#1084=CIRCLE('',#1559,0.0005);
#1085=CIRCLE('',#1561,0.0005);
#1086=CIRCLE('',#1568,0.0005);
#1087=CIRCLE('',#1570,0.0005);
#1088=CIRCLE('',#1572,0.0005);
#1089=CIRCLE('',#1574,0.0005);
#1090=CIRCLE('',#1576,0.0005);
#1091=CIRCLE('',#1578,0.0005);
#1092=CIRCLE('',#1580,0.0005);
#1093=CIRCLE('',#1582,0.0005);
#1094=CIRCLE('',#1584,0.0005);
#1095=CIRCLE('',#1586,0.0005);
#1096=CIRCLE('',#1587,0.0005);
#1097=CIRCLE('',#1589,0.0005);
#1098=CIRCLE('',#1590,0.0005);
#1099=CIRCLE('',#1592,0.0005);
#1100=CIRCLE('',#1593,0.0005);
#1101=CIRCLE('',#1595,0.0005);
#1102=CIRCLE('',#1596,0.0005);
#1103=CIRCLE('',#1598,0.0005);
#1104=CIRCLE('',#1599,0.0005);
#1105=CIRCLE('',#1601,0.0005);
#1106=CIRCLE('',#1602,0.0005);
#1107=CIRCLE('',#1604,0.0005);
#1108=CIRCLE('',#1605,0.0005);
#1109=CIRCLE('',#1606,0.0005);
#1110=CIRCLE('',#1607,0.0005);
#1111=CIRCLE('',#1609,0.0005);
#1112=CIRCLE('',#1613,0.0005);
#1113=CIRCLE('',#1614,0.0005);
#1114=CIRCLE('',#1620,0.0005);
#1115=CIRCLE('',#1622,0.0005);
#1116=CIRCLE('',#1624,0.0005);
#1117=CIRCLE('',#1626,0.0005);
#1118=CIRCLE('',#1628,0.0005);
#1119=CIRCLE('',#1630,0.0005);
#1120=CIRCLE('',#1639,0.009);
#1121=CIRCLE('',#1640,0.0005);
#1122=CIRCLE('',#1641,0.0005);
#1123=CIRCLE('',#1643,0.009);
#1124=CIRCLE('',#1646,0.009);
#1125=CIRCLE('',#1647,0.009);
#1126=CIRCLE('',#1648,0.009);
#1127=CIRCLE('',#1649,0.009);
#1128=CIRCLE('',#1651,0.0085);
#1129=CIRCLE('',#1653,0.0085);
#1130=CIRCLE('',#1657,0.0005);
#1131=CIRCLE('',#1658,0.0005);
#1132=CIRCLE('',#1663,0.0005);
#1133=CIRCLE('',#1665,0.0005);
#1134=CIRCLE('',#1673,0.0005);
#1135=CIRCLE('',#1675,0.0005);
#1136=CIRCLE('',#1677,0.0005);
#1137=CIRCLE('',#1679,0.0005);
#1138=EDGE_LOOP('',(#327));
#1139=EDGE_LOOP('',(#328,#329,#330,#331,#332,#333,#334,#335,#336,#337,#338,
#339));
#1140=EDGE_LOOP('',(#340));
#1141=EDGE_LOOP('',(#341,#342,#343,#344,#345,#346));
#1142=EDGE_LOOP('',(#347,#348,#349,#350));
#1143=EDGE_LOOP('',(#351));
#1144=EDGE_LOOP('',(#352,#353,#354,#355));
#1145=EDGE_LOOP('',(#356,#357,#358,#359));
#1146=EDGE_LOOP('',(#360,#361,#362,#363));
#1147=EDGE_LOOP('',(#364,#365,#366,#367));
#1148=EDGE_LOOP('',(#368,#369,#370,#371));
#1149=EDGE_LOOP('',(#372,#373,#374,#375));
#1150=EDGE_LOOP('',(#376));
#1151=EDGE_LOOP('',(#377,#378,#379,#380,#381,#382,#383,#384));
#1152=EDGE_LOOP('',(#385,#386,#387,#388));
#1153=EDGE_LOOP('',(#389,#390,#391,#392));
#1154=EDGE_LOOP('',(#393,#394,#395,#396));
#1155=EDGE_LOOP('',(#397,#398,#399,#400));
#1156=EDGE_LOOP('',(#401,#402,#403,#404));
#1157=EDGE_LOOP('',(#405,#406,#407,#408));
#1158=EDGE_LOOP('',(#409,#410,#411,#412));
#1159=EDGE_LOOP('',(#413,#414,#415,#416));
#1160=EDGE_LOOP('',(#417));
#1161=EDGE_LOOP('',(#418));
#1162=EDGE_LOOP('',(#419,#420,#421,#422));
#1163=EDGE_LOOP('',(#423,#424,#425,#426));
#1164=EDGE_LOOP('',(#427));
#1165=EDGE_LOOP('',(#428));
#1166=EDGE_LOOP('',(#429,#430,#431,#432));
#1167=EDGE_LOOP('',(#433,#434,#435,#436));
#1168=EDGE_LOOP('',(#437,#438,#439));
#1169=EDGE_LOOP('',(#440,#441,#442,#443));
#1170=EDGE_LOOP('',(#444,#445,#446));
#1171=EDGE_LOOP('',(#447,#448,#449,#450));
#1172=EDGE_LOOP('',(#451,#452,#453));
#1173=EDGE_LOOP('',(#454,#455,#456,#457));
#1174=EDGE_LOOP('',(#458,#459,#460));
#1175=EDGE_LOOP('',(#461,#462,#463));
#1176=EDGE_LOOP('',(#464,#465,#466,#467));
#1177=EDGE_LOOP('',(#468,#469,#470,#471));
#1178=EDGE_LOOP('',(#472,#473,#474,#475));
#1179=EDGE_LOOP('',(#476,#477,#478,#479));
#1180=EDGE_LOOP('',(#480,#481,#482,#483));
#1181=EDGE_LOOP('',(#484,#485,#486));
#1182=EDGE_LOOP('',(#487,#488,#489));
#1183=EDGE_LOOP('',(#490,#491,#492,#493));
#1184=EDGE_LOOP('',(#494,#495,#496,#497));
#1185=EDGE_LOOP('',(#498,#499,#500,#501));
#1186=EDGE_LOOP('',(#502,#503,#504,#505));
#1187=EDGE_LOOP('',(#506,#507,#508,#509));
#1188=EDGE_LOOP('',(#510,#511,#512));
#1189=EDGE_LOOP('',(#513,#514,#515));
#1190=EDGE_LOOP('',(#516,#517,#518,#519));
#1191=EDGE_LOOP('',(#520,#521,#522,#523));
#1192=EDGE_LOOP('',(#524,#525,#526,#527));
#1193=EDGE_LOOP('',(#528,#529,#530,#531));
#1194=EDGE_LOOP('',(#532,#533,#534,#535));
#1195=EDGE_LOOP('',(#536,#537,#538));
#1196=EDGE_LOOP('',(#539,#540,#541,#542));
#1197=EDGE_LOOP('',(#543,#544,#545,#546));
#1198=EDGE_LOOP('',(#547,#548,#549,#550,#551,#552));
#1199=EDGE_LOOP('',(#553,#554,#555,#556));
#1200=EDGE_LOOP('',(#557,#558,#559,#560));
#1201=EDGE_LOOP('',(#561));
#1202=EDGE_LOOP('',(#562));
#1203=EDGE_LOOP('',(#563,#564,#565,#566,#567,#568));
#1204=EDGE_LOOP('',(#569));
#1205=EDGE_LOOP('',(#570));
#1206=EDGE_LOOP('',(#571));
#1207=EDGE_LOOP('',(#572));
#1208=EDGE_LOOP('',(#573,#574,#575,#576));
#1209=EDGE_LOOP('',(#577,#578,#579,#580));
#1210=EDGE_LOOP('',(#581));
#1211=EDGE_LOOP('',(#582));
#1212=EDGE_LOOP('',(#583,#584,#585,#586));
#1213=EDGE_LOOP('',(#587,#588,#589));
#1214=EDGE_LOOP('',(#590,#591,#592,#593));
#1215=EDGE_LOOP('',(#594,#595,#596));
#1216=EDGE_LOOP('',(#597,#598,#599,#600));
#1217=EDGE_LOOP('',(#601,#602,#603,#604));
#1218=EDGE_LOOP('',(#605,#606,#607,#608));
#1219=EDGE_LOOP('',(#609,#610,#611,#612));
#1220=EDGE_LOOP('',(#613,#614,#615,#616));
#1221=EDGE_LOOP('',(#617,#618,#619,#620));
#1222=EDGE_LOOP('',(#621,#622,#623,#624));
#1223=EDGE_LOOP('',(#625,#626,#627,#628));
#1224=EDGE_LOOP('',(#629,#630));
#1225=EDGE_LOOP('',(#631,#632,#633,#634));
#1226=EDGE_LOOP('',(#635));
#1227=EDGE_LOOP('',(#636));
#1228=EDGE_LOOP('',(#637,#638,#639,#640,#641,#642));
#1229=EDGE_LOOP('',(#643,#644,#645,#646,#647,#648));
#1230=EDGE_LOOP('',(#649));
#1231=EDGE_LOOP('',(#650));
#1232=EDGE_LOOP('',(#651,#652,#653,#654));
#1233=EDGE_LOOP('',(#655,#656,#657,#658));
#1234=EDGE_LOOP('',(#659,#660,#661,#662,#663,#664));
#1235=EDGE_LOOP('',(#665,#666,#667,#668));
#1236=EDGE_LOOP('',(#669,#670,#671,#672));
#1237=EDGE_LOOP('',(#673));
#1238=EDGE_LOOP('',(#674));
#1239=EDGE_LOOP('',(#675,#676,#677,#678));
#1240=EDGE_LOOP('',(#679,#680,#681,#682));
#1241=EDGE_LOOP('',(#683,#684,#685,#686));
#1242=EDGE_LOOP('',(#687,#688,#689,#690));
#1243=EDGE_LOOP('',(#691));
#1244=EDGE_LOOP('',(#692));
#1245=EDGE_LOOP('',(#693,#694,#695,#696,#697,#698));
#1246=EDGE_LOOP('',(#699,#700,#701,#702));
#1247=EDGE_LOOP('',(#703,#704,#705));
#1248=EDGE_LOOP('',(#706,#707,#708,#709));
#1249=EDGE_LOOP('',(#710,#711,#712));
#1250=EDGE_LOOP('',(#713,#714,#715,#716));
#1251=EDGE_LOOP('',(#717,#718,#719,#720));
#1252=EDGE_LOOP('',(#721,#722,#723,#724));
#1253=EDGE_LOOP('',(#725,#726,#727,#728));
#1254=EDGE_LOOP('',(#729,#730,#731,#732));
#1255=EDGE_LOOP('',(#733,#734,#735,#736));
#1256=EDGE_LOOP('',(#737,#738,#739,#740));
#1257=FACE_BOUND('',#1138,.T.);
#1258=FACE_BOUND('',#1139,.T.);
#1259=FACE_BOUND('',#1140,.T.);
#1260=FACE_BOUND('',#1141,.T.);
#1261=FACE_BOUND('',#1142,.T.);
#1262=FACE_BOUND('',#1143,.T.);
#1263=FACE_BOUND('',#1144,.T.);
#1264=FACE_BOUND('',#1145,.T.);
#1265=FACE_BOUND('',#1146,.T.);
#1266=FACE_BOUND('',#1147,.T.);
#1267=FACE_BOUND('',#1148,.T.);
#1268=FACE_BOUND('',#1149,.T.);
#1269=FACE_BOUND('',#1150,.T.);
#1270=FACE_BOUND('',#1151,.T.);
#1271=FACE_BOUND('',#1152,.T.);
#1272=FACE_BOUND('',#1153,.T.);
#1273=FACE_BOUND('',#1154,.T.);
#1274=FACE_BOUND('',#1155,.T.);
#1275=FACE_BOUND('',#1156,.T.);
#1276=FACE_BOUND('',#1157,.T.);
#1277=FACE_BOUND('',#1158,.T.);
#1278=FACE_BOUND('',#1159,.T.);
#1279=FACE_BOUND('',#1160,.T.);
#1280=FACE_BOUND('',#1161,.T.);
#1281=FACE_BOUND('',#1162,.T.);
#1282=FACE_BOUND('',#1163,.T.);
#1283=FACE_BOUND('',#1164,.T.);
#1284=FACE_BOUND('',#1165,.T.);
#1285=FACE_BOUND('',#1166,.T.);
#1286=FACE_BOUND('',#1167,.T.);
#1287=FACE_BOUND('',#1168,.T.);
#1288=FACE_BOUND('',#1169,.T.);
#1289=FACE_BOUND('',#1170,.T.);
#1290=FACE_BOUND('',#1171,.T.);
#1291=FACE_BOUND('',#1172,.T.);
#1292=FACE_BOUND('',#1173,.T.);
#1293=FACE_BOUND('',#1174,.T.);
#1294=FACE_BOUND('',#1175,.T.);
#1295=FACE_BOUND('',#1176,.T.);
#1296=FACE_BOUND('',#1177,.T.);
#1297=FACE_BOUND('',#1178,.T.);
#1298=FACE_BOUND('',#1179,.T.);
#1299=FACE_BOUND('',#1180,.T.);
#1300=FACE_BOUND('',#1181,.T.);
#1301=FACE_BOUND('',#1182,.T.);
#1302=FACE_BOUND('',#1183,.T.);
#1303=FACE_BOUND('',#1184,.T.);
#1304=FACE_BOUND('',#1185,.T.);
#1305=FACE_BOUND('',#1186,.T.);
#1306=FACE_BOUND('',#1187,.T.);
#1307=FACE_BOUND('',#1188,.T.);
#1308=FACE_BOUND('',#1189,.T.);
#1309=FACE_BOUND('',#1190,.T.);
#1310=FACE_BOUND('',#1191,.T.);
#1311=FACE_BOUND('',#1192,.T.);
#1312=FACE_BOUND('',#1193,.T.);
#1313=FACE_BOUND('',#1194,.T.);
#1314=FACE_BOUND('',#1195,.T.);
#1315=FACE_BOUND('',#1196,.T.);
#1316=FACE_BOUND('',#1197,.T.);
#1317=FACE_BOUND('',#1198,.T.);
#1318=FACE_BOUND('',#1199,.T.);
#1319=FACE_BOUND('',#1200,.T.);
#1320=FACE_BOUND('',#1201,.T.);
#1321=FACE_BOUND('',#1202,.T.);
#1322=FACE_BOUND('',#1203,.T.);
#1323=FACE_BOUND('',#1204,.T.);
#1324=FACE_BOUND('',#1205,.T.);
#1325=FACE_BOUND('',#1206,.T.);
#1326=FACE_BOUND('',#1207,.T.);
#1327=FACE_BOUND('',#1208,.T.);
#1328=FACE_BOUND('',#1209,.T.);
#1329=FACE_BOUND('',#1210,.T.);
#1330=FACE_BOUND('',#1211,.T.);
#1331=FACE_BOUND('',#1212,.T.);
#1332=FACE_BOUND('',#1213,.T.);
#1333=FACE_BOUND('',#1214,.T.);
#1334=FACE_BOUND('',#1215,.T.);
#1335=FACE_BOUND('',#1216,.T.);
#1336=FACE_BOUND('',#1217,.T.);
#1337=FACE_BOUND('',#1218,.T.);
#1338=FACE_BOUND('',#1219,.T.);
#1339=FACE_BOUND('',#1220,.T.);
#1340=FACE_BOUND('',#1221,.T.);
#1341=FACE_BOUND('',#1222,.T.);
#1342=FACE_BOUND('',#1223,.T.);
#1343=FACE_BOUND('',#1224,.T.);
#1344=FACE_BOUND('',#1225,.T.);
#1345=FACE_BOUND('',#1226,.T.);
#1346=FACE_BOUND('',#1227,.T.);
#1347=FACE_BOUND('',#1228,.T.);
#1348=FACE_BOUND('',#1229,.T.);
#1349=FACE_BOUND('',#1230,.T.);
#1350=FACE_BOUND('',#1231,.T.);
#1351=FACE_BOUND('',#1232,.T.);
#1352=FACE_BOUND('',#1233,.T.);
#1353=FACE_BOUND('',#1234,.T.);
#1354=FACE_BOUND('',#1235,.T.);
#1355=FACE_BOUND('',#1236,.T.);
#1356=FACE_BOUND('',#1237,.T.);
#1357=FACE_BOUND('',#1238,.T.);
#1358=FACE_BOUND('',#1239,.T.);
#1359=FACE_BOUND('',#1240,.T.);
#1360=FACE_BOUND('',#1241,.T.);
#1361=FACE_BOUND('',#1242,.T.);
#1362=FACE_BOUND('',#1243,.T.);
#1363=FACE_BOUND('',#1244,.T.);
#1364=FACE_BOUND('',#1245,.T.);
#1365=FACE_BOUND('',#1246,.T.);
#1366=FACE_BOUND('',#1247,.T.);
#1367=FACE_BOUND('',#1248,.T.);
#1368=FACE_BOUND('',#1249,.T.);
#1369=FACE_BOUND('',#1250,.T.);
#1370=FACE_BOUND('',#1251,.T.);
#1371=FACE_BOUND('',#1252,.T.);
#1372=FACE_BOUND('',#1253,.T.);
#1373=FACE_BOUND('',#1254,.T.);
#1374=FACE_BOUND('',#1255,.T.);
#1375=FACE_BOUND('',#1256,.T.);
#1376=CYLINDRICAL_SURFACE('',#1532,0.01);
#1377=CYLINDRICAL_SURFACE('',#1553,0.0005);
#1378=CYLINDRICAL_SURFACE('',#1555,0.0005);
#1379=CYLINDRICAL_SURFACE('',#1557,0.0005);
#1380=CYLINDRICAL_SURFACE('',#1560,0.0005);
#1381=CYLINDRICAL_SURFACE('',#1563,0.0005);
#1382=CYLINDRICAL_SURFACE('',#1564,0.0005);
#1383=CYLINDRICAL_SURFACE('',#1565,0.0005);
#1384=CYLINDRICAL_SURFACE('',#1567,0.0005);
#1385=CYLINDRICAL_SURFACE('',#1569,0.0005);
#1386=CYLINDRICAL_SURFACE('',#1573,0.0005);
#1387=CYLINDRICAL_SURFACE('',#1577,0.0005);
#1388=CYLINDRICAL_SURFACE('',#1581,0.0005);
#1389=CYLINDRICAL_SURFACE('',#1585,0.0005);
#1390=CYLINDRICAL_SURFACE('',#1591,0.0005);
#1391=CYLINDRICAL_SURFACE('',#1594,0.0005);
#1392=CYLINDRICAL_SURFACE('',#1600,0.0005);
#1393=CYLINDRICAL_SURFACE('',#1603,0.0005);
#1394=CYLINDRICAL_SURFACE('',#1608,0.0005);
#1395=CYLINDRICAL_SURFACE('',#1619,0.0005);
#1396=CYLINDRICAL_SURFACE('',#1621,0.0005);
#1397=CYLINDRICAL_SURFACE('',#1623,0.0005);
#1398=CYLINDRICAL_SURFACE('',#1627,0.0005);
#1399=CYLINDRICAL_SURFACE('',#1631,0.0005);
#1400=CYLINDRICAL_SURFACE('',#1645,0.009);
#1401=CYLINDRICAL_SURFACE('',#1662,0.0005);
#1402=CYLINDRICAL_SURFACE('',#1664,0.0005);
#1403=CYLINDRICAL_SURFACE('',#1666,0.0005);
#1404=CYLINDRICAL_SURFACE('',#1668,0.0005);
#1405=CYLINDRICAL_SURFACE('',#1671,0.0005);
#1406=CYLINDRICAL_SURFACE('',#1672,0.0005);
#1407=CYLINDRICAL_SURFACE('',#1676,0.0005);
#1408=CYLINDRICAL_SURFACE('',#1680,0.0005);
#1409=ADVANCED_FACE('',(#1257,#1258),#1376,.T.);
#1410=ADVANCED_FACE('',(#1259,#1260),#89,.F.);
#1411=ADVANCED_FACE('',(#1261),#50,.T.);
#1412=ADVANCED_FACE('',(#1262),#51,.F.);
#1413=ADVANCED_FACE('',(#1263),#52,.F.);
#1414=ADVANCED_FACE('',(#1264),#53,.F.);
#1415=ADVANCED_FACE('',(#1265),#54,.T.);
#1416=ADVANCED_FACE('',(#1266),#55,.F.);
#1417=ADVANCED_FACE('',(#1267),#56,.F.);
#1418=ADVANCED_FACE('',(#1268),#57,.T.);
#1419=ADVANCED_FACE('',(#1269),#58,.F.);
#1420=ADVANCED_FACE('',(#1270),#59,.T.);
#1421=ADVANCED_FACE('',(#1271),#33,.T.);
#1422=ADVANCED_FACE('',(#1272),#1377,.T.);
#1423=ADVANCED_FACE('',(#1273),#26,.T.);
#1424=ADVANCED_FACE('',(#1274),#1378,.T.);
#1425=ADVANCED_FACE('',(#1275),#1379,.T.);
#1426=ADVANCED_FACE('',(#1276),#1380,.T.);
#1427=ADVANCED_FACE('',(#1277),#27,.T.);
#1428=ADVANCED_FACE('',(#1278),#1381,.T.);
#1429=ADVANCED_FACE('',(#1279,#1280),#34,.T.);
#1430=ADVANCED_FACE('',(#1281),#1382,.T.);
#1431=ADVANCED_FACE('',(#1282),#1383,.T.);
#1432=ADVANCED_FACE('',(#1283,#1284),#28,.T.);
#1433=ADVANCED_FACE('',(#1285),#1384,.T.);
#1434=ADVANCED_FACE('',(#1286),#1385,.T.);
#1435=ADVANCED_FACE('',(#1287),#18,.T.);
#1436=ADVANCED_FACE('',(#1288),#1386,.T.);
#1437=ADVANCED_FACE('',(#1289),#19,.T.);
#1438=ADVANCED_FACE('',(#1290),#1387,.T.);
#1439=ADVANCED_FACE('',(#1291),#20,.T.);
#1440=ADVANCED_FACE('',(#1292),#1388,.T.);
#1441=ADVANCED_FACE('',(#1293),#21,.T.);
#1442=ADVANCED_FACE('',(#1294),#35,.F.);
#1443=ADVANCED_FACE('',(#1295),#1389,.F.);
#1444=ADVANCED_FACE('',(#1296),#36,.F.);
#1445=ADVANCED_FACE('',(#1297),#29,.F.);
#1446=ADVANCED_FACE('',(#1298),#37,.F.);
#1447=ADVANCED_FACE('',(#1299),#1390,.F.);
#1448=ADVANCED_FACE('',(#1300),#38,.F.);
#1449=ADVANCED_FACE('',(#1301),#39,.F.);
#1450=ADVANCED_FACE('',(#1302),#1391,.F.);
#1451=ADVANCED_FACE('',(#1303),#40,.F.);
#1452=ADVANCED_FACE('',(#1304),#30,.F.);
#1453=ADVANCED_FACE('',(#1305),#41,.F.);
#1454=ADVANCED_FACE('',(#1306),#1392,.F.);
#1455=ADVANCED_FACE('',(#1307),#42,.F.);
#1456=ADVANCED_FACE('',(#1308),#43,.F.);
#1457=ADVANCED_FACE('',(#1309),#1393,.F.);
#1458=ADVANCED_FACE('',(#1310),#44,.F.);
#1459=ADVANCED_FACE('',(#1311),#45,.F.);
#1460=ADVANCED_FACE('',(#1312),#46,.F.);
#1461=ADVANCED_FACE('',(#1313),#1394,.F.);
#1462=ADVANCED_FACE('',(#1314),#47,.F.);
#1463=ADVANCED_FACE('',(#1315),#60,.T.);
#1464=ADVANCED_FACE('',(#1316),#61,.F.);
#1465=ADVANCED_FACE('',(#1317),#62,.T.);
#1466=ADVANCED_FACE('',(#1318),#63,.F.);
#1467=ADVANCED_FACE('',(#1319),#64,.F.);
#1468=ADVANCED_FACE('',(#1320,#1321,#1322),#90,.T.);
#1469=ADVANCED_FACE('',(#1323),#65,.F.);
#1470=ADVANCED_FACE('',(#1324),#66,.T.);
#1471=ADVANCED_FACE('',(#1325,#1326),#48,.F.);
#1472=ADVANCED_FACE('',(#1327),#1395,.T.);
#1473=ADVANCED_FACE('',(#1328),#1396,.T.);
#1474=ADVANCED_FACE('',(#1329,#1330),#49,.F.);
#1475=ADVANCED_FACE('',(#1331),#1397,.T.);
#1476=ADVANCED_FACE('',(#1332),#22,.T.);
#1477=ADVANCED_FACE('',(#1333),#1398,.T.);
#1478=ADVANCED_FACE('',(#1334),#23,.T.);
#1479=ADVANCED_FACE('',(#1335),#1399,.T.);
#1480=ADVANCED_FACE('',(#1336),#67,.F.);
#1481=ADVANCED_FACE('',(#1337),#68,.F.);
#1482=ADVANCED_FACE('',(#1338),#69,.T.);
#1483=ADVANCED_FACE('',(#1339),#70,.T.);
#1484=ADVANCED_FACE('',(#1340),#71,.F.);
#1485=ADVANCED_FACE('',(#1341),#72,.T.);
#1486=ADVANCED_FACE('',(#1342),#73,.T.);
#1487=ADVANCED_FACE('',(#1343),#74,.F.);
#1488=ADVANCED_FACE('',(#1344),#75,.F.);
#1489=ADVANCED_FACE('',(#1345,#1346,#1347,#1348),#1400,.F.);
#1490=ADVANCED_FACE('',(#1349),#76,.F.);
#1491=ADVANCED_FACE('',(#1350),#77,.T.);
#1492=ADVANCED_FACE('',(#1351),#78,.T.);
#1493=ADVANCED_FACE('',(#1352),#79,.F.);
#1494=ADVANCED_FACE('',(#1353),#80,.T.);
#1495=ADVANCED_FACE('',(#1354),#81,.F.);
#1496=ADVANCED_FACE('',(#1355),#82,.T.);
#1497=ADVANCED_FACE('',(#1356,#1357),#31,.F.);
#1498=ADVANCED_FACE('',(#1358),#1401,.T.);
#1499=ADVANCED_FACE('',(#1359),#1402,.T.);
#1500=ADVANCED_FACE('',(#1360),#1403,.T.);
#1501=ADVANCED_FACE('',(#1361),#1404,.T.);
#1502=ADVANCED_FACE('',(#1362,#1363),#32,.F.);
#1503=ADVANCED_FACE('',(#1364),#1405,.T.);
#1504=ADVANCED_FACE('',(#1365),#1406,.T.);
#1505=ADVANCED_FACE('',(#1366),#24,.T.);
#1506=ADVANCED_FACE('',(#1367),#1407,.T.);
#1507=ADVANCED_FACE('',(#1368),#25,.T.);
#1508=ADVANCED_FACE('',(#1369),#1408,.T.);
#1509=ADVANCED_FACE('',(#1370),#83,.F.);
#1510=ADVANCED_FACE('',(#1371),#84,.T.);
#1511=ADVANCED_FACE('',(#1372),#85,.T.);
#1512=ADVANCED_FACE('',(#1373),#86,.F.);
#1513=ADVANCED_FACE('',(#1374),#87,.F.);
#1514=ADVANCED_FACE('',(#1375),#88,.T.);
#1515=CLOSED_SHELL('',(#1409,#1410,#1411,#1412,#1413,#1414,#1415,#1416,
#1417,#1418,#1419,#1420,#1421,#1422,#1423,#1424,#1425,#1426,#1427,#1428,
#1429,#1430,#1431,#1432,#1433,#1434,#1435,#1436,#1437,#1438,#1439,#1440,
#1441,#1442,#1443,#1444,#1445,#1446,#1447,#1448,#1449,#1450,#1451,#1452,
#1453,#1454,#1455,#1456,#1457,#1458,#1459,#1460,#1461,#1462));
#1516=CLOSED_SHELL('',(#1463,#1464,#1465,#1466,#1467,#1468,#1469,#1470,
#1471,#1472,#1473,#1474,#1475,#1476,#1477,#1478,#1479));
#1517=CLOSED_SHELL('',(#1480,#1481,#1482,#1483,#1484,#1485));
#1518=CLOSED_SHELL('',(#1486,#1487,#1488,#1489,#1490,#1491,#1492,#1493,
#1494,#1495,#1496,#1497,#1498,#1499,#1500,#1501,#1502,#1503,#1504,#1505,
#1506,#1507,#1508));
#1519=CLOSED_SHELL('',(#1509,#1510,#1511,#1512,#1513,#1514));
#1520=STYLED_ITEM('',(#1521),#1528);
#1521=PRESENTATION_STYLE_ASSIGNMENT((#1522));
#1522=SURFACE_STYLE_USAGE(.BOTH.,#1523);
#1523=SURFACE_SIDE_STYLE('',(#1524));
#1524=SURFACE_STYLE_FILL_AREA(#1525);
#1525=FILL_AREA_STYLE('',(#1526));
#1526=FILL_AREA_STYLE_COLOUR('',#1527);
#1527=COLOUR_RGB('',0.768627450980392,0.886274509803922,0.952941176470588);
#1528=BREP_WITH_VOIDS('Part 5',#1515,(#12,#13,#14,#15));
#1529=SHAPE_DEFINITION_REPRESENTATION(#3415,#1530);
#1530=SHAPE_REPRESENTATION('Part 5',(#1531),#3410);
#1531=AXIS2_PLACEMENT_3D('',#2096,#1687,#1688);
#1532=AXIS2_PLACEMENT_3D('',#2097,#1689,#1690);
#1533=AXIS2_PLACEMENT_3D('',#2098,#1691,#1692);
#1534=AXIS2_PLACEMENT_3D('',#2109,#1694,#1695);
#1535=AXIS2_PLACEMENT_3D('',#2119,#1697,#1698);
#1536=AXIS2_PLACEMENT_3D('',#2129,#1700,#1701);
#1537=AXIS2_PLACEMENT_3D('',#2139,#1703,#1704);
#1538=AXIS2_PLACEMENT_3D('',#2248,#1707,#1708);
#1539=AXIS2_PLACEMENT_3D('',#2257,#1713,#1714);
#1540=AXIS2_PLACEMENT_3D('',#2258,#1715,#1716);
#1541=AXIS2_PLACEMENT_3D('',#2260,#1717,#1718);
#1542=AXIS2_PLACEMENT_3D('',#2264,#1720,#1721);
#1543=AXIS2_PLACEMENT_3D('',#2269,#1724,#1725);
#1544=AXIS2_PLACEMENT_3D('',#2278,#1730,#1731);
#1545=AXIS2_PLACEMENT_3D('',#2287,#1736,#1737);
#1546=AXIS2_PLACEMENT_3D('',#2301,#1740,#1741);
#1547=AXIS2_PLACEMENT_3D('',#2302,#1742,#1743);
#1548=AXIS2_PLACEMENT_3D('',#2311,#1748,#1749);
#1549=AXIS2_PLACEMENT_3D('',#2320,#1754,#1755);
#1550=AXIS2_PLACEMENT_3D('',#2346,#1756,#1757);
#1551=AXIS2_PLACEMENT_3D('',#2371,#1760,#1761);
#1552=AXIS2_PLACEMENT_3D('',#2379,#1765,#1766);
#1553=AXIS2_PLACEMENT_3D('',#2444,#1767,#1768);
#1554=AXIS2_PLACEMENT_3D('',#2455,#1769,#1770);
#1555=AXIS2_PLACEMENT_3D('',#2466,#1771,#1772);
#1556=AXIS2_PLACEMENT_3D('',#2472,#1773,#1774);
#1557=AXIS2_PLACEMENT_3D('',#2473,#1775,#1776);
#1558=AXIS2_PLACEMENT_3D('',#2474,#1777,#1778);
#1559=AXIS2_PLACEMENT_3D('',#2475,#1779,#1780);
#1560=AXIS2_PLACEMENT_3D('',#2476,#1781,#1782);
#1561=AXIS2_PLACEMENT_3D('',#2482,#1783,#1784);
#1562=AXIS2_PLACEMENT_3D('',#2483,#1785,#1786);
#1563=AXIS2_PLACEMENT_3D('',#2494,#1787,#1788);
#1564=AXIS2_PLACEMENT_3D('',#2589,#1789,#1790);
#1565=AXIS2_PLACEMENT_3D('',#2603,#1791,#1792);
#1566=AXIS2_PLACEMENT_3D('',#2617,#1793,#1794);
#1567=AXIS2_PLACEMENT_3D('',#2618,#1795,#1796);
#1568=AXIS2_PLACEMENT_3D('',#2625,#1797,#1798);
#1569=AXIS2_PLACEMENT_3D('',#2626,#1799,#1800);
#1570=AXIS2_PLACEMENT_3D('',#2633,#1801,#1802);
#1571=AXIS2_PLACEMENT_3D('',#2634,#1803,#1804);
#1572=AXIS2_PLACEMENT_3D('',#2635,#1805,#1806);
#1573=AXIS2_PLACEMENT_3D('',#2636,#1807,#1808);
#1574=AXIS2_PLACEMENT_3D('',#2637,#1809,#1810);
#1575=AXIS2_PLACEMENT_3D('',#2638,#1811,#1812);
#1576=AXIS2_PLACEMENT_3D('',#2639,#1813,#1814);
#1577=AXIS2_PLACEMENT_3D('',#2640,#1815,#1816);
#1578=AXIS2_PLACEMENT_3D('',#2641,#1817,#1818);
#1579=AXIS2_PLACEMENT_3D('',#2642,#1819,#1820);
#1580=AXIS2_PLACEMENT_3D('',#2643,#1821,#1822);
#1581=AXIS2_PLACEMENT_3D('',#2644,#1823,#1824);
#1582=AXIS2_PLACEMENT_3D('',#2645,#1825,#1826);
#1583=AXIS2_PLACEMENT_3D('',#2646,#1827,#1828);
#1584=AXIS2_PLACEMENT_3D('',#2662,#1829,#1830);
#1585=AXIS2_PLACEMENT_3D('',#2663,#1831,#1832);
#1586=AXIS2_PLACEMENT_3D('',#2664,#1833,#1834);
#1587=AXIS2_PLACEMENT_3D('',#2680,#1835,#1836);
#1588=AXIS2_PLACEMENT_3D('',#2681,#1837,#1838);
#1589=AXIS2_PLACEMENT_3D('',#2682,#1839,#1840);
#1590=AXIS2_PLACEMENT_3D('',#2698,#1841,#1842);
#1591=AXIS2_PLACEMENT_3D('',#2699,#1843,#1844);
#1592=AXIS2_PLACEMENT_3D('',#2700,#1845,#1846);
#1593=AXIS2_PLACEMENT_3D('',#2731,#1847,#1848);
#1594=AXIS2_PLACEMENT_3D('',#2732,#1849,#1850);
#1595=AXIS2_PLACEMENT_3D('',#2733,#1851,#1852);
#1596=AXIS2_PLACEMENT_3D('',#2749,#1853,#1854);
#1597=AXIS2_PLACEMENT_3D('',#2750,#1855,#1856);
#1598=AXIS2_PLACEMENT_3D('',#2751,#1857,#1858);
#1599=AXIS2_PLACEMENT_3D('',#2767,#1859,#1860);
#1600=AXIS2_PLACEMENT_3D('',#2768,#1861,#1862);
#1601=AXIS2_PLACEMENT_3D('',#2769,#1863,#1864);
#1602=AXIS2_PLACEMENT_3D('',#2800,#1865,#1866);
#1603=AXIS2_PLACEMENT_3D('',#2801,#1867,#1868);
#1604=AXIS2_PLACEMENT_3D('',#2802,#1869,#1870);
#1605=AXIS2_PLACEMENT_3D('',#2821,#1871,#1872);
#1606=AXIS2_PLACEMENT_3D('',#2843,#1873,#1874);
#1607=AXIS2_PLACEMENT_3D('',#2862,#1875,#1876);
#1608=AXIS2_PLACEMENT_3D('',#2863,#1877,#1878);
#1609=AXIS2_PLACEMENT_3D('',#2864,#1879,#1880);
#1610=AXIS2_PLACEMENT_3D('',#2880,#1881,#1882);
#1611=AXIS2_PLACEMENT_3D('',#2889,#1887,#1888);
#1612=AXIS2_PLACEMENT_3D('',#2898,#1893,#1894);
#1613=AXIS2_PLACEMENT_3D('',#2899,#1895,#1896);
#1614=AXIS2_PLACEMENT_3D('',#2903,#1898,#1899);
#1615=AXIS2_PLACEMENT_3D('',#2913,#1900,#1901);
#1616=AXIS2_PLACEMENT_3D('',#2930,#1905,#1906);
#1617=AXIS2_PLACEMENT_3D('',#3034,#1910,#1911);
#1618=AXIS2_PLACEMENT_3D('',#3059,#1912,#1913);
#1619=AXIS2_PLACEMENT_3D('',#3156,#1914,#1915);
#1620=AXIS2_PLACEMENT_3D('',#3157,#1916,#1917);
#1621=AXIS2_PLACEMENT_3D('',#3158,#1918,#1919);
#1622=AXIS2_PLACEMENT_3D('',#3159,#1920,#1921);
#1623=AXIS2_PLACEMENT_3D('',#3235,#1922,#1923);
#1624=AXIS2_PLACEMENT_3D('',#3236,#1924,#1925);
#1625=AXIS2_PLACEMENT_3D('',#3237,#1926,#1927);
#1626=AXIS2_PLACEMENT_3D('',#3238,#1928,#1929);
#1627=AXIS2_PLACEMENT_3D('',#3239,#1930,#1931);
#1628=AXIS2_PLACEMENT_3D('',#3240,#1932,#1933);
#1629=AXIS2_PLACEMENT_3D('',#3241,#1934,#1935);
#1630=AXIS2_PLACEMENT_3D('',#3242,#1936,#1937);
#1631=AXIS2_PLACEMENT_3D('',#3243,#1938,#1939);
#1632=AXIS2_PLACEMENT_3D('',#3244,#1940,#1941);
#1633=AXIS2_PLACEMENT_3D('',#3253,#1946,#1947);
#1634=AXIS2_PLACEMENT_3D('',#3259,#1951,#1952);
#1635=AXIS2_PLACEMENT_3D('',#3265,#1956,#1957);
#1636=AXIS2_PLACEMENT_3D('',#3268,#1960,#1961);
#1637=AXIS2_PLACEMENT_3D('',#3269,#1962,#1963);
#1638=AXIS2_PLACEMENT_3D('',#3270,#1964,#1965);
#1639=AXIS2_PLACEMENT_3D('',#3271,#1966,#1967);
#1640=AXIS2_PLACEMENT_3D('',#3274,#1968,#1969);
#1641=AXIS2_PLACEMENT_3D('',#3278,#1971,#1972);
#1642=AXIS2_PLACEMENT_3D('',#3279,#1973,#1974);
#1643=AXIS2_PLACEMENT_3D('',#3280,#1975,#1976);
#1644=AXIS2_PLACEMENT_3D('',#3284,#1978,#1979);
#1645=AXIS2_PLACEMENT_3D('',#3290,#1983,#1984);
#1646=AXIS2_PLACEMENT_3D('',#3291,#1985,#1986);
#1647=AXIS2_PLACEMENT_3D('',#3293,#1987,#1988);
#1648=AXIS2_PLACEMENT_3D('',#3307,#1991,#1992);
#1649=AXIS2_PLACEMENT_3D('',#3318,#1994,#1995);
#1650=AXIS2_PLACEMENT_3D('',#3327,#1997,#1998);
#1651=AXIS2_PLACEMENT_3D('',#3328,#1999,#2000);
#1652=AXIS2_PLACEMENT_3D('',#3330,#2001,#2002);
#1653=AXIS2_PLACEMENT_3D('',#3331,#2003,#2004);
#1654=AXIS2_PLACEMENT_3D('',#3333,#2005,#2006);
#1655=AXIS2_PLACEMENT_3D('',#3342,#2011,#2012);
#1656=AXIS2_PLACEMENT_3D('',#3348,#2016,#2017);
#1657=AXIS2_PLACEMENT_3D('',#3349,#2018,#2019);
#1658=AXIS2_PLACEMENT_3D('',#3354,#2022,#2023);
#1659=AXIS2_PLACEMENT_3D('',#3355,#2024,#2025);
#1660=AXIS2_PLACEMENT_3D('',#3359,#2028,#2029);
#1661=AXIS2_PLACEMENT_3D('',#3363,#2032,#2033);
#1662=AXIS2_PLACEMENT_3D('',#3364,#2034,#2035);
#1663=AXIS2_PLACEMENT_3D('',#3365,#2036,#2037);
#1664=AXIS2_PLACEMENT_3D('',#3366,#2038,#2039);
#1665=AXIS2_PLACEMENT_3D('',#3367,#2040,#2041);
#1666=AXIS2_PLACEMENT_3D('',#3368,#2042,#2043);
#1667=AXIS2_PLACEMENT_3D('',#3369,#2044,#2045);
#1668=AXIS2_PLACEMENT_3D('',#3370,#2046,#2047);
#1669=AXIS2_PLACEMENT_3D('',#3371,#2048,#2049);
#1670=AXIS2_PLACEMENT_3D('',#3372,#2050,#2051);
#1671=AXIS2_PLACEMENT_3D('',#3373,#2052,#2053);
#1672=AXIS2_PLACEMENT_3D('',#3374,#2054,#2055);
#1673=AXIS2_PLACEMENT_3D('',#3375,#2056,#2057);
#1674=AXIS2_PLACEMENT_3D('',#3376,#2058,#2059);
#1675=AXIS2_PLACEMENT_3D('',#3377,#2060,#2061);
#1676=AXIS2_PLACEMENT_3D('',#3378,#2062,#2063);
#1677=AXIS2_PLACEMENT_3D('',#3379,#2064,#2065);
#1678=AXIS2_PLACEMENT_3D('',#3380,#2066,#2067);
#1679=AXIS2_PLACEMENT_3D('',#3381,#2068,#2069);
#1680=AXIS2_PLACEMENT_3D('',#3382,#2070,#2071);
#1681=AXIS2_PLACEMENT_3D('',#3383,#2072,#2073);
#1682=AXIS2_PLACEMENT_3D('',#3392,#2078,#2079);
#1683=AXIS2_PLACEMENT_3D('',#3398,#2083,#2084);
#1684=AXIS2_PLACEMENT_3D('',#3404,#2088,#2089);
#1685=AXIS2_PLACEMENT_3D('',#3407,#2092,#2093);
#1686=AXIS2_PLACEMENT_3D('',#3408,#2094,#2095);
#1687=DIRECTION('',(0.,0.,1.));
#1688=DIRECTION('',(1.,0.,0.));
#1689=DIRECTION('',(0.,0.,-1.));
#1690=DIRECTION('',(-1.,0.,0.));
#1691=DIRECTION('',(0.,0.,1.));
#1692=DIRECTION('',(1.,0.,0.));
#1693=DIRECTION('',(0.,0.,-1.));
#1694=DIRECTION('',(0.,0.,1.));
#1695=DIRECTION('',(1.,0.,0.));
#1696=DIRECTION('',(0.,0.,-1.));
#1697=DIRECTION('',(0.,0.,1.));
#1698=DIRECTION('',(1.,0.,0.));
#1699=DIRECTION('',(0.,0.,-1.));
#1700=DIRECTION('',(0.,0.,1.));
#1701=DIRECTION('',(1.,0.,0.));
#1702=DIRECTION('',(0.,0.,-1.));
#1703=DIRECTION('',(0.,0.,1.));
#1704=DIRECTION('',(1.,0.,0.));
#1705=DIRECTION('',(0.,0.,-1.));
#1706=DIRECTION('',(0.,0.,-1.));
#1707=DIRECTION('',(0.,1.,0.));
#1708=DIRECTION('',(0.,0.,1.));
#1709=DIRECTION('',(1.,0.,0.));
#1710=DIRECTION('',(0.,0.,-1.));
#1711=DIRECTION('',(1.,0.,0.));
#1712=DIRECTION('',(0.,0.,-1.));
#1713=DIRECTION('',(0.,0.,1.));
#1714=DIRECTION('',(1.,0.,0.));
#1715=DIRECTION('',(0.,0.,1.));
#1716=DIRECTION('',(1.,0.,0.));
#1717=DIRECTION('',(0.,0.,1.));
#1718=DIRECTION('',(1.,0.,0.));
#1719=DIRECTION('',(-1.73472347597681E-16,-1.,0.));
#1720=DIRECTION('',(0.,0.,1.));
#1721=DIRECTION('',(1.,0.,0.));
#1722=DIRECTION('',(-1.73472347597681E-16,-1.,0.));
#1723=DIRECTION('',(1.,0.,0.));
#1724=DIRECTION('',(1.,-1.7347234759768E-16,0.));
#1725=DIRECTION('',(1.73472347597681E-16,1.,0.));
#1726=DIRECTION('',(-1.73472347597681E-16,-1.,0.));
#1727=DIRECTION('',(0.,0.,1.));
#1728=DIRECTION('',(-1.73472347597681E-16,-1.,0.));
#1729=DIRECTION('',(0.,0.,-1.));
#1730=DIRECTION('',(1.,-1.7347234759768E-16,0.));
#1731=DIRECTION('',(1.73472347597681E-16,1.,0.));
#1732=DIRECTION('',(-1.73472347597681E-16,-1.,0.));
#1733=DIRECTION('',(0.,0.,-1.));
#1734=DIRECTION('',(-1.73472347597681E-16,-1.,0.));
#1735=DIRECTION('',(0.,0.,-1.));
#1736=DIRECTION('',(0.,0.,1.));
#1737=DIRECTION('',(1.,0.,0.));
#1738=DIRECTION('',(-1.87020259027435E-16,-1.,0.));
#1739=DIRECTION('',(-1.87020259027435E-16,-1.,0.));
#1740=DIRECTION('',(0.,0.,1.));
#1741=DIRECTION('',(1.,0.,0.));
#1742=DIRECTION('',(1.,-1.87020259027435E-16,0.));
#1743=DIRECTION('',(1.87020259027435E-16,1.,0.));
#1744=DIRECTION('',(-1.87020259027435E-16,-1.,0.));
#1745=DIRECTION('',(0.,0.,1.));
#1746=DIRECTION('',(-1.87020259027435E-16,-1.,0.));
#1747=DIRECTION('',(0.,0.,1.));
#1748=DIRECTION('',(1.,-1.87020259027435E-16,0.));
#1749=DIRECTION('',(1.87020259027435E-16,1.,0.));
#1750=DIRECTION('',(-1.87020259027435E-16,-1.,0.));
#1751=DIRECTION('',(0.,0.,-1.));
#1752=DIRECTION('',(-1.87020259027435E-16,-1.,0.));
#1753=DIRECTION('',(0.,0.,-1.));
#1754=DIRECTION('',(0.,0.,1.));
#1755=DIRECTION('',(1.,0.,0.));
#1756=DIRECTION('',(0.,0.,1.));
#1757=DIRECTION('',(1.,0.,0.));
#1758=DIRECTION('',(-1.87020259027435E-16,-1.,0.));
#1759=DIRECTION('',(-1.87020259027435E-16,-1.,0.));
#1760=DIRECTION('',(0.,0.,1.));
#1761=DIRECTION('',(1.,0.,0.));
#1762=DIRECTION('',(-1.73472347597681E-16,-1.,0.));
#1763=DIRECTION('',(1.,0.,0.));
#1764=DIRECTION('',(-1.73472347597681E-16,-1.,0.));
#1765=DIRECTION('',(0.,0.,1.));
#1766=DIRECTION('',(1.,0.,0.));
#1767=DIRECTION('',(1.87020259027435E-16,1.,0.));
#1768=DIRECTION('',(-1.,1.87020259027435E-16,0.));
#1769=DIRECTION('',(0.,0.,1.));
#1770=DIRECTION('',(1.,0.,0.));
#1771=DIRECTION('',(1.73472347597681E-16,1.,0.));
#1772=DIRECTION('',(-1.,1.73472347597681E-16,0.));
#1773=DIRECTION('',(1.73472347597681E-16,1.,0.));
#1774=DIRECTION('',(-1.,1.73472347597681E-16,0.));
#1775=DIRECTION('',(1.,0.,0.));
#1776=DIRECTION('',(0.,0.,-1.));
#1777=DIRECTION('',(1.,0.,0.));
#1778=DIRECTION('',(0.,0.,-1.));
#1779=DIRECTION('',(1.,0.,0.));
#1780=DIRECTION('',(0.,0.,-1.));
#1781=DIRECTION('',(-1.73472347597681E-16,-1.,0.));
#1782=DIRECTION('',(1.,-1.73472347597681E-16,0.));
#1783=DIRECTION('',(-1.73472347597681E-16,-1.,0.));
#1784=DIRECTION('',(1.,-1.73472347597681E-16,0.));
#1785=DIRECTION('',(0.,0.,1.));
#1786=DIRECTION('',(1.,0.,0.));
#1787=DIRECTION('',(-1.87020259027435E-16,-1.,0.));
#1788=DIRECTION('',(1.,-1.87020259027435E-16,0.));
#1789=DIRECTION('',(-1.87020259027435E-16,-1.,0.));
#1790=DIRECTION('',(1.,-1.87020259027435E-16,0.));
#1791=DIRECTION('',(1.87020259027435E-16,1.,0.));
#1792=DIRECTION('',(-1.,1.87020259027435E-16,0.));
#1793=DIRECTION('',(0.,0.,1.));
#1794=DIRECTION('',(1.,0.,0.));
#1795=DIRECTION('',(1.73472347597681E-16,1.,0.));
#1796=DIRECTION('',(-1.,1.73472347597681E-16,0.));
#1797=DIRECTION('',(1.73472347597681E-16,1.,0.));
#1798=DIRECTION('',(-1.,1.73472347597681E-16,0.));
#1799=DIRECTION('',(-1.73472347597681E-16,-1.,0.));
#1800=DIRECTION('',(1.,-1.73472347597681E-16,0.));
#1801=DIRECTION('',(-1.73472347597681E-16,-1.,0.));
#1802=DIRECTION('',(1.,-1.73472347597681E-16,0.));
#1803=DIRECTION('',(0.,0.,1.));
#1804=DIRECTION('',(1.,0.,0.));
#1805=DIRECTION('',(0.,0.,-1.));
#1806=DIRECTION('',(-1.,0.,0.));
#1807=DIRECTION('',(0.,0.,-1.));
#1808=DIRECTION('',(-1.,0.,0.));
#1809=DIRECTION('',(0.,0.,-1.));
#1810=DIRECTION('',(-1.,0.,0.));
#1811=DIRECTION('',(0.,1.,0.));
#1812=DIRECTION('',(0.,0.,1.));
#1813=DIRECTION('',(-1.,0.,0.));
#1814=DIRECTION('',(0.,0.,1.));
#1815=DIRECTION('',(-1.,0.,0.));
#1816=DIRECTION('',(0.,0.,1.));
#1817=DIRECTION('',(-1.,0.,0.));
#1818=DIRECTION('',(0.,0.,1.));
#1819=DIRECTION('',(0.,1.,0.));
#1820=DIRECTION('',(0.,0.,1.));
#1821=DIRECTION('',(0.,0.,1.));
#1822=DIRECTION('',(1.,0.,0.));
#1823=DIRECTION('',(0.,0.,1.));
#1824=DIRECTION('',(1.,0.,0.));
#1825=DIRECTION('',(0.,0.,1.));
#1826=DIRECTION('',(1.,0.,0.));
#1827=DIRECTION('',(0.,0.,1.));
#1828=DIRECTION('',(1.,0.,0.));
#1829=DIRECTION('',(0.,0.,1.));
#1830=DIRECTION('',(1.,0.,0.));
#1831=DIRECTION('',(0.,0.,-1.));
#1832=DIRECTION('',(-1.,0.,0.));
#1833=DIRECTION('',(0.,0.,1.));
#1834=DIRECTION('',(1.,0.,0.));
#1835=DIRECTION('',(0.796406327541884,0.604761904761907,9.77430214133881E-15));
#1836=DIRECTION('',(-0.604761904761907,0.796406327541884,0.));
#1837=DIRECTION('',(0.,0.,1.));
#1838=DIRECTION('',(1.,0.,0.));
#1839=DIRECTION('',(0.796406327541884,-0.604761904761907,-1.25373916469456E-14));
#1840=DIRECTION('',(0.604761904761907,0.796406327541884,0.));
#1841=DIRECTION('',(0.,0.,-1.));
#1842=DIRECTION('',(-1.,0.,0.));
#1843=DIRECTION('',(0.,0.,-1.));
#1844=DIRECTION('',(-1.,0.,0.));
#1845=DIRECTION('',(0.,0.,-1.));
#1846=DIRECTION('',(-1.,0.,0.));
#1847=DIRECTION('',(0.,0.,1.));
#1848=DIRECTION('',(1.,0.,0.));
#1849=DIRECTION('',(0.,0.,-1.));
#1850=DIRECTION('',(-1.,0.,0.));
#1851=DIRECTION('',(0.,0.,1.));
#1852=DIRECTION('',(1.,0.,0.));
#1853=DIRECTION('',(-0.769957445006007,-0.638095238095241,1.33566325535504E-15));
#1854=DIRECTION('',(0.638095238095241,-0.769957445006007,0.));
#1855=DIRECTION('',(0.,0.,1.));
#1856=DIRECTION('',(1.,0.,0.));
#1857=DIRECTION('',(-0.769957445006009,0.638095238095238,-1.28623400815277E-14));
#1858=DIRECTION('',(-0.638095238095239,-0.769957445006009,0.));
#1859=DIRECTION('',(0.,0.,-1.));
#1860=DIRECTION('',(-1.,0.,0.));
#1861=DIRECTION('',(0.,0.,-1.));
#1862=DIRECTION('',(-1.,0.,0.));
#1863=DIRECTION('',(0.,0.,-1.));
#1864=DIRECTION('',(-1.,0.,0.));
#1865=DIRECTION('',(0.,0.,1.));
#1866=DIRECTION('',(1.,0.,0.));
#1867=DIRECTION('',(0.,0.,-1.));
#1868=DIRECTION('',(-1.,0.,0.));
#1869=DIRECTION('',(0.,0.,1.));
#1870=DIRECTION('',(1.,0.,0.));
#1871=DIRECTION('',(-0.700696696563461,-0.713459276640968,0.));
#1872=DIRECTION('',(0.713459276640968,-0.700696696563461,0.));
#1873=DIRECTION('',(-0.700696696563463,0.713459276640966,1.10281932707102E-14));
#1874=DIRECTION('',(-0.713459276640966,-0.700696696563463,0.));
#1875=DIRECTION('',(8.67361737988408E-16,-1.14084758644995E-15,-1.));
#1876=DIRECTION('',(0.,1.,-1.14084758644995E-15));
#1877=DIRECTION('',(0.,0.,-1.));
#1878=DIRECTION('',(-1.,0.,0.));
#1879=DIRECTION('',(3.46944695195361E-15,-4.56339034579977E-15,-1.));
#1880=DIRECTION('',(0.,1.,-4.56339034579977E-15));
#1881=DIRECTION('',(1.,-1.87020259027435E-16,0.));
#1882=DIRECTION('',(1.87020259027435E-16,1.,0.));
#1883=DIRECTION('',(0.,0.,-1.));
#1884=DIRECTION('',(-1.87020259027435E-16,-1.,0.));
#1885=DIRECTION('',(0.,0.,-1.));
#1886=DIRECTION('',(-1.87020259027435E-16,-1.,0.));
#1887=DIRECTION('',(1.,-1.87020259027435E-16,0.));
#1888=DIRECTION('',(1.87020259027435E-16,1.,0.));
#1889=DIRECTION('',(0.,0.,-1.));
#1890=DIRECTION('',(-1.87020259027435E-16,-1.,0.));
#1891=DIRECTION('',(0.,0.,-1.));
#1892=DIRECTION('',(-1.87020259027435E-16,-1.,0.));
#1893=DIRECTION('',(0.,0.,1.));
#1894=DIRECTION('',(1.,0.,0.));
#1895=DIRECTION('',(0.,0.,1.));
#1896=DIRECTION('',(1.,0.,0.));
#1897=DIRECTION('',(1.,0.,0.));
#1898=DIRECTION('',(0.,0.,1.));
#1899=DIRECTION('',(1.,0.,0.));
#1900=DIRECTION('',(0.,0.,1.));
#1901=DIRECTION('',(1.,0.,0.));
#1902=DIRECTION('',(1.,0.,0.));
#1903=DIRECTION('',(-1.87020259027435E-16,-1.,0.));
#1904=DIRECTION('',(-1.87020259027435E-16,-1.,0.));
#1905=DIRECTION('',(0.,1.,0.));
#1906=DIRECTION('',(0.,0.,1.));
#1907=DIRECTION('',(0.,0.,-1.));
#1908=DIRECTION('',(1.,0.,0.));
#1909=DIRECTION('',(0.,0.,-1.));
#1910=DIRECTION('',(0.,0.,1.));
#1911=DIRECTION('',(1.,0.,0.));
#1912=DIRECTION('',(0.,0.,1.));
#1913=DIRECTION('',(1.,0.,0.));
#1914=DIRECTION('',(0.,0.,1.));
#1915=DIRECTION('',(1.,0.,0.));
#1916=DIRECTION('',(0.,0.,1.));
#1917=DIRECTION('',(1.,0.,0.));
#1918=DIRECTION('',(0.,0.,-1.));
#1919=DIRECTION('',(-1.,0.,0.));
#1920=DIRECTION('',(0.,0.,-1.));
#1921=DIRECTION('',(-1.,0.,0.));
#1922=DIRECTION('',(1.87020259027435E-16,1.,0.));
#1923=DIRECTION('',(-1.,1.87020259027435E-16,0.));
#1924=DIRECTION('',(0.,-1.,0.));
#1925=DIRECTION('',(0.,0.,-1.));
#1926=DIRECTION('',(0.,0.,1.));
#1927=DIRECTION('',(1.,0.,0.));
#1928=DIRECTION('',(-1.,0.,0.));
#1929=DIRECTION('',(0.,0.,1.));
#1930=DIRECTION('',(1.,0.,0.));
#1931=DIRECTION('',(0.,0.,-1.));
#1932=DIRECTION('',(-1.,0.,0.));
#1933=DIRECTION('',(0.,0.,1.));
#1934=DIRECTION('',(0.,0.,1.));
#1935=DIRECTION('',(1.,0.,0.));
#1936=DIRECTION('',(-1.73472347597681E-15,1.,0.));
#1937=DIRECTION('',(-1.,-1.73472347597681E-15,0.));
#1938=DIRECTION('',(-1.87020259027435E-16,-1.,0.));
#1939=DIRECTION('',(1.,-1.87020259027435E-16,0.));
#1940=DIRECTION('',(1.,-1.87020259027435E-16,0.));
#1941=DIRECTION('',(1.87020259027435E-16,1.,0.));
#1942=DIRECTION('',(-1.87020259027435E-16,-1.,0.));
#1943=DIRECTION('',(0.,0.,-1.));
#1944=DIRECTION('',(-1.87020259027435E-16,-1.,0.));
#1945=DIRECTION('',(0.,0.,-1.));
#1946=DIRECTION('',(0.,1.,0.));
#1947=DIRECTION('',(0.,0.,1.));
#1948=DIRECTION('',(1.,0.,0.));
#1949=DIRECTION('',(1.,0.,0.));
#1950=DIRECTION('',(0.,0.,-1.));
#1951=DIRECTION('',(1.,-1.87020259027435E-16,0.));
#1952=DIRECTION('',(1.87020259027435E-16,1.,0.));
#1953=DIRECTION('',(-1.87020259027435E-16,-1.,0.));
#1954=DIRECTION('',(-1.87020259027435E-16,-1.,0.));
#1955=DIRECTION('',(0.,0.,-1.));
#1956=DIRECTION('',(0.,1.,0.));
#1957=DIRECTION('',(0.,0.,1.));
#1958=DIRECTION('',(1.,0.,0.));
#1959=DIRECTION('',(1.,0.,0.));
#1960=DIRECTION('',(0.,0.,1.));
#1961=DIRECTION('',(1.,0.,0.));
#1962=DIRECTION('',(0.,0.,1.));
#1963=DIRECTION('',(1.,0.,0.));
#1964=DIRECTION('',(0.,0.,1.));
#1965=DIRECTION('',(1.,0.,0.));
#1966=DIRECTION('',(0.,0.,1.));
#1967=DIRECTION('',(1.,0.,0.));
#1968=DIRECTION('',(0.,0.,1.));
#1969=DIRECTION('',(1.,0.,0.));
#1970=DIRECTION('',(1.,0.,0.));
#1971=DIRECTION('',(0.,0.,1.));
#1972=DIRECTION('',(1.,0.,0.));
#1973=DIRECTION('',(0.,0.,1.));
#1974=DIRECTION('',(1.,0.,0.));
#1975=DIRECTION('',(0.,0.,1.));
#1976=DIRECTION('',(1.,0.,0.));
#1977=DIRECTION('',(1.,0.,0.));
#1978=DIRECTION('',(0.,1.,0.));
#1979=DIRECTION('',(0.,0.,1.));
#1980=DIRECTION('',(0.,0.,-1.));
#1981=DIRECTION('',(1.,0.,0.));
#1982=DIRECTION('',(0.,0.,-1.));
#1983=DIRECTION('',(0.,0.,-1.));
#1984=DIRECTION('',(-1.,0.,0.));
#1985=DIRECTION('',(0.,0.,1.));
#1986=DIRECTION('',(1.,0.,0.));
#1987=DIRECTION('',(0.,0.,1.));
#1988=DIRECTION('',(1.,0.,0.));
#1989=DIRECTION('',(0.,0.,-1.));
#1990=DIRECTION('',(0.,0.,-1.));
#1991=DIRECTION('',(0.,0.,1.));
#1992=DIRECTION('',(1.,0.,0.));
#1993=DIRECTION('',(0.,0.,-1.));
#1994=DIRECTION('',(0.,0.,1.));
#1995=DIRECTION('',(1.,0.,0.));
#1996=DIRECTION('',(0.,0.,-1.));
#1997=DIRECTION('',(0.,0.,1.));
#1998=DIRECTION('',(1.,0.,0.));
#1999=DIRECTION('',(0.,0.,1.));
#2000=DIRECTION('',(1.,0.,0.));
#2001=DIRECTION('',(0.,0.,1.));
#2002=DIRECTION('',(1.,0.,0.));
#2003=DIRECTION('',(0.,0.,1.));
#2004=DIRECTION('',(1.,0.,0.));
#2005=DIRECTION('',(0.,1.,0.));
#2006=DIRECTION('',(0.,0.,1.));
#2007=DIRECTION('',(0.,0.,-1.));
#2008=DIRECTION('',(1.,0.,0.));
#2009=DIRECTION('',(0.,0.,-1.));
#2010=DIRECTION('',(1.,0.,0.));
#2011=DIRECTION('',(0.,0.,1.));
#2012=DIRECTION('',(1.,0.,0.));
#2013=DIRECTION('',(-1.87020259027435E-16,-1.,0.));
#2014=DIRECTION('',(1.,0.,0.));
#2015=DIRECTION('',(-1.87020259027435E-16,-1.,0.));
#2016=DIRECTION('',(0.,0.,1.));
#2017=DIRECTION('',(1.,0.,0.));
#2018=DIRECTION('',(0.,0.,1.));
#2019=DIRECTION('',(1.,0.,0.));
#2020=DIRECTION('',(-1.87020259027435E-16,-1.,0.));
#2021=DIRECTION('',(-1.87020259027435E-16,-1.,0.));
#2022=DIRECTION('',(0.,0.,1.));
#2023=DIRECTION('',(1.,0.,0.));
#2024=DIRECTION('',(1.,-1.87020259027435E-16,0.));
#2025=DIRECTION('',(1.87020259027435E-16,1.,0.));
#2026=DIRECTION('',(0.,0.,-1.));
#2027=DIRECTION('',(-1.87020259027435E-16,-1.,0.));
#2028=DIRECTION('',(1.,-1.87020259027435E-16,0.));
#2029=DIRECTION('',(1.87020259027435E-16,1.,0.));
#2030=DIRECTION('',(-1.87020259027435E-16,-1.,0.));
#2031=DIRECTION('',(0.,0.,-1.));
#2032=DIRECTION('',(0.,0.,1.));
#2033=DIRECTION('',(1.,0.,0.));
#2034=DIRECTION('',(0.,0.,-1.));
#2035=DIRECTION('',(-1.,0.,0.));
#2036=DIRECTION('',(0.,0.,-1.));
#2037=DIRECTION('',(-1.,0.,0.));
#2038=DIRECTION('',(0.,0.,1.));
#2039=DIRECTION('',(1.,0.,0.));
#2040=DIRECTION('',(0.,0.,1.));
#2041=DIRECTION('',(1.,0.,0.));
#2042=DIRECTION('',(0.,0.,1.));
#2043=DIRECTION('',(1.,0.,0.));
#2044=DIRECTION('',(0.707106781186548,0.,0.707106781186548));
#2045=DIRECTION('',(-0.707106781186548,0.,0.707106781186548));
#2046=DIRECTION('',(0.,0.,-1.));
#2047=DIRECTION('',(-1.,0.,0.));
#2048=DIRECTION('',(0.707106781186548,0.,-0.707106781186548));
#2049=DIRECTION('',(-0.707106781186548,0.,-0.707106781186548));
#2050=DIRECTION('',(0.,0.,1.));
#2051=DIRECTION('',(1.,0.,0.));
#2052=DIRECTION('',(1.,0.,0.));
#2053=DIRECTION('',(0.,0.,-1.));
#2054=DIRECTION('',(1.87020259027435E-16,1.,0.));
#2055=DIRECTION('',(-1.,1.87020259027435E-16,0.));
#2056=DIRECTION('',(0.,1.,0.));
#2057=DIRECTION('',(0.,0.,1.));
#2058=DIRECTION('',(0.,0.,1.));
#2059=DIRECTION('',(1.,0.,0.));
#2060=DIRECTION('',(-1.,0.,0.));
#2061=DIRECTION('',(0.,0.,1.));
#2062=DIRECTION('',(-1.,0.,0.));
#2063=DIRECTION('',(0.,0.,1.));
#2064=DIRECTION('',(-1.,0.,0.));
#2065=DIRECTION('',(0.,0.,1.));
#2066=DIRECTION('',(0.,0.,1.));
#2067=DIRECTION('',(1.,0.,0.));
#2068=DIRECTION('',(0.,-1.,0.));
#2069=DIRECTION('',(0.,0.,-1.));
#2070=DIRECTION('',(-1.87020259027435E-16,-1.,0.));
#2071=DIRECTION('',(1.,-1.87020259027435E-16,0.));
#2072=DIRECTION('',(0.,1.,0.));
#2073=DIRECTION('',(0.,0.,1.));
#2074=DIRECTION('',(1.,0.,0.));
#2075=DIRECTION('',(0.,0.,-1.));
#2076=DIRECTION('',(1.,0.,0.));
#2077=DIRECTION('',(0.,0.,-1.));
#2078=DIRECTION('',(1.,-1.7347234759768E-16,0.));
#2079=DIRECTION('',(1.73472347597681E-16,1.,0.));
#2080=DIRECTION('',(-1.73472347597681E-16,-1.,0.));
#2081=DIRECTION('',(-1.73472347597681E-16,-1.,0.));
#2082=DIRECTION('',(0.,0.,-1.));
#2083=DIRECTION('',(0.,1.,0.));
#2084=DIRECTION('',(0.,0.,1.));
#2085=DIRECTION('',(1.,0.,0.));
#2086=DIRECTION('',(1.,0.,0.));
#2087=DIRECTION('',(0.,0.,-1.));
#2088=DIRECTION('',(1.,-1.7347234759768E-16,0.));
#2089=DIRECTION('',(1.73472347597681E-16,1.,0.));
#2090=DIRECTION('',(-1.73472347597681E-16,-1.,0.));
#2091=DIRECTION('',(-1.73472347597681E-16,-1.,0.));
#2092=DIRECTION('',(0.,0.,1.));
#2093=DIRECTION('',(1.,0.,0.));
#2094=DIRECTION('',(0.,0.,1.));
#2095=DIRECTION('',(1.,0.,0.));
#2096=CARTESIAN_POINT('',(0.,0.,0.));
#2097=CARTESIAN_POINT('',(9.54097911787244E-18,0.04475,0.009));
#2098=CARTESIAN_POINT('',(9.54097911787244E-18,0.04475,-0.0085));
#2099=CARTESIAN_POINT('',(0.01,0.04475,-0.0085));
#2100=CARTESIAN_POINT('',(0.00638095238095237,0.0524495744500601,-0.004));
#2101=CARTESIAN_POINT('',(0.0066155352736846,0.052255166008708,-0.004));
#2102=CARTESIAN_POINT('',(0.00705554782250759,0.0518514773177525,-0.00383894184695532));
#2103=CARTESIAN_POINT('',(0.00733333333333333,0.0515486926847904,-0.00330684927772343));
#2104=CARTESIAN_POINT('',(0.00733333333333333,0.0515486926847904,-0.003));
#2105=CARTESIAN_POINT('',(0.00638095238095237,0.0524495744500601,-0.004));
#2106=CARTESIAN_POINT('',(0.00733333333333333,0.0515486926847904,-0.003));
#2107=CARTESIAN_POINT('',(0.00733333333333333,0.0515486926847904,0.009));
#2108=CARTESIAN_POINT('',(0.00733333333333333,0.0515486926847904,0.0085));
#2109=CARTESIAN_POINT('',(9.54097911787244E-18,0.04475,0.0085));
#2110=CARTESIAN_POINT('',(0.007,0.0376085715714572,0.0085));
#2111=CARTESIAN_POINT('',(0.007,0.0376085715714572,0.009));
#2112=CARTESIAN_POINT('',(0.007,0.0376085715714572,-0.003));
#2113=CARTESIAN_POINT('',(0.007,0.0376085715714572,-0.003));
#2114=CARTESIAN_POINT('',(0.007,0.0376085715714572,-0.00329919880044187));
#2115=CARTESIAN_POINT('',(0.00673502200617117,0.0373451047178268,-0.00382955344194973));
#2116=CARTESIAN_POINT('',(0.00628451825215821,0.036965829336203,-0.004));
#2117=CARTESIAN_POINT('',(0.00604761904761906,0.0367859367245812,-0.004));
#2118=CARTESIAN_POINT('',(0.00604761904761906,0.0367859367245812,-0.004));
#2119=CARTESIAN_POINT('',(9.54097911787244E-18,0.04475,-0.004));
#2120=CARTESIAN_POINT('',(-0.00604761904761905,0.0367859367245812,-0.004));
#2121=CARTESIAN_POINT('',(-0.00604761904761905,0.0367859367245812,-0.004));
#2122=CARTESIAN_POINT('',(-0.00628470068840038,0.0369659678716283,-0.004));
#2123=CARTESIAN_POINT('',(-0.00673188058662054,0.0373422915825383,-0.00383231349503844));
#2124=CARTESIAN_POINT('',(-0.007,0.0376085715714572,-0.00329949547871413));
#2125=CARTESIAN_POINT('',(-0.007,0.0376085715714572,-0.003));
#2126=CARTESIAN_POINT('',(-0.007,0.0376085715714572,-0.003));
#2127=CARTESIAN_POINT('',(-0.007,0.0376085715714572,0.009));
#2128=CARTESIAN_POINT('',(-0.007,0.0376085715714572,0.0085));
#2129=CARTESIAN_POINT('',(9.54097911787244E-18,0.04475,0.0085));
#2130=CARTESIAN_POINT('',(-0.00733333333333334,0.0515486926847904,0.0085));
#2131=CARTESIAN_POINT('',(-0.00733333333333334,0.0515486926847904,0.009));
#2132=CARTESIAN_POINT('',(-0.00733333333333334,0.0515486926847904,-0.003));
#2133=CARTESIAN_POINT('',(-0.00733333333333334,0.0515486926847904,-0.003));
#2134=CARTESIAN_POINT('',(-0.00733333333333334,0.0515486926847904,-0.00330660480572347));
#2135=CARTESIAN_POINT('',(-0.00705813855668398,0.0518489361009844,-0.00383668911280655));
#2136=CARTESIAN_POINT('',(-0.00661541508630408,0.0522552656129078,-0.004));
#2137=CARTESIAN_POINT('',(-0.00638095238095239,0.0524495744500601,-0.004));
#2138=CARTESIAN_POINT('',(-0.00638095238095239,0.0524495744500601,-0.004));
#2139=CARTESIAN_POINT('',(9.54097911787244E-18,0.04475,-0.004));
#2140=CARTESIAN_POINT('',(0.00392646237414996,0.0128918734535158,0.00850000000000001));
#2141=CARTESIAN_POINT('',(0.00392646237414996,0.0128918734535158,-0.0085));
#2142=CARTESIAN_POINT('',(-7.58941520739853E-19,0.0139540632732421,0.0085));
#2143=CARTESIAN_POINT('',(-7.58941520739853E-19,0.0139540632732421,-0.0085));
#2144=CARTESIAN_POINT('',(-0.00392646237414994,0.0128918734535158,0.0085));
#2145=CARTESIAN_POINT('',(-0.00392646237414994,0.0128918734535158,-0.0085));
#2146=CARTESIAN_POINT('',(-0.00725515644530561,0.00986701276561564,0.0085));
#2147=CARTESIAN_POINT('',(-0.00725515644530561,0.00986701276561564,-0.0085));
#2148=CARTESIAN_POINT('',(-0.00947931871582046,0.00533998882884391,0.0085));
#2149=CARTESIAN_POINT('',(-0.00947931871582046,0.00533998882884391,-0.0085));
#2150=CARTESIAN_POINT('',(-0.0102603406420898,4.8856860397628E-18,0.0085));
#2151=CARTESIAN_POINT('',(-0.0102603406420898,4.8856860397628E-18,-0.0085));
#2152=CARTESIAN_POINT('',(-0.00947931871582046,-0.00533998882884393,0.0085));
#2153=CARTESIAN_POINT('',(-0.00947931871582046,-0.00533998882884393,-0.0085));
#2154=CARTESIAN_POINT('',(-0.0072551564453056,-0.00986701276561565,0.0085));
#2155=CARTESIAN_POINT('',(-0.0072551564453056,-0.00986701276561565,-0.0085));
#2156=CARTESIAN_POINT('',(-0.00392646237414997,-0.0128918734535158,0.0085));
#2157=CARTESIAN_POINT('',(-0.00392646237414997,-0.0128918734535158,-0.0085));
#2158=CARTESIAN_POINT('',(1.17176354166343E-17,-0.0139540632732421,0.0085));
#2159=CARTESIAN_POINT('',(1.17176354166343E-17,-0.0139540632732421,-0.0085));
#2160=CARTESIAN_POINT('',(0.00392646237414992,-0.0128918734535158,0.0085));
#2161=CARTESIAN_POINT('',(0.00392646237414992,-0.0128918734535158,-0.0085));
#2162=CARTESIAN_POINT('',(0.00725515644530563,-0.00986701276561561,0.0085));
#2163=CARTESIAN_POINT('',(0.00725515644530563,-0.00986701276561561,-0.0085));
#2164=CARTESIAN_POINT('',(0.00947931871582044,-0.00533998882884397,0.0085));
#2165=CARTESIAN_POINT('',(0.00947931871582044,-0.00533998882884397,-0.0085));
#2166=CARTESIAN_POINT('',(0.0102603406420898,5.34443908399573E-17,0.0085));
#2167=CARTESIAN_POINT('',(0.0102603406420898,5.34443908399573E-17,-0.0085));
#2168=CARTESIAN_POINT('',(0.00947931871582046,0.00533998882884388,0.0085));
#2169=CARTESIAN_POINT('',(0.00947931871582046,0.00533998882884388,-0.0085));
#2170=CARTESIAN_POINT('',(0.00725515644530564,0.0098670127656156,0.0085));
#2171=CARTESIAN_POINT('',(0.00725515644530564,0.0098670127656156,-0.0085));
#2172=CARTESIAN_POINT('',(0.00392646237414996,0.0128918734535158,0.00850000000000001));
#2173=CARTESIAN_POINT('',(0.00392646237414996,0.0128918734535158,-0.0085));
#2174=CARTESIAN_POINT('',(-7.58941520739853E-19,0.0139540632732421,0.0085));
#2175=CARTESIAN_POINT('',(-7.58941520739853E-19,0.0139540632732421,-0.0085));
#2176=CARTESIAN_POINT('',(-0.00392646237414994,0.0128918734535158,0.0085));
#2177=CARTESIAN_POINT('',(-0.00392646237414994,0.0128918734535158,-0.0085));
#2178=CARTESIAN_POINT('',(0.00235144214953875,0.0133433071531653,-0.0085));
#2179=CARTESIAN_POINT('',(-2.17804708349393E-6,0.0137277421076285,-0.0085));
#2180=CARTESIAN_POINT('',(-0.00234272996120476,0.0133457244163207,-0.0085));
#2181=CARTESIAN_POINT('',(-0.00516583002171459,0.0119394866832923,-0.0085));
#2182=CARTESIAN_POINT('',(-0.00782201854820782,0.00898878774428332,-0.0085));
#2183=CARTESIAN_POINT('',(-0.00961126794127711,0.00465383224911998,-0.0085));
#2184=CARTESIAN_POINT('',(-0.0101949482050126,2.14824517316066E-6,-0.0085));
#2185=CARTESIAN_POINT('',(-0.00970660732954043,-0.00388139324894413,-0.0085));
#2186=CARTESIAN_POINT('',(-0.00872657517243536,-0.00679267274087658,-0.0085));
#2187=CARTESIAN_POINT('',(-0.00765011723514579,-0.00888673134096717,-0.0085));
#2188=CARTESIAN_POINT('',(-0.00624196784058826,-0.0107433665887272,-0.0085));
#2189=CARTESIAN_POINT('',(-0.00446667065331586,-0.0122869534337335,-0.0085));
#2190=CARTESIAN_POINT('',(-0.00235695867426213,-0.0133416504854826,-0.0085));
#2191=CARTESIAN_POINT('',(-5.17927866282853E-6,-0.0137266373668472,-0.0085));
#2192=CARTESIAN_POINT('',(0.00232187562904746,-0.0133517647589986,-0.0085));
#2193=CARTESIAN_POINT('',(0.00515295649076137,-0.0119519370628896,-0.0085));
#2194=CARTESIAN_POINT('',(0.00781805446322092,-0.0089956295224103,-0.0085));
#2195=CARTESIAN_POINT('',(0.00961020402228126,-0.00466289656060227,-0.0085));
#2196=CARTESIAN_POINT('',(0.0101933127580018,3.6977422203152E-6,-0.0085));
#2197=CARTESIAN_POINT('',(0.00961654339679446,0.00462956414451132,-0.0085));
#2198=CARTESIAN_POINT('',(0.0078291550697834,0.0089834662393851,-0.0085));
#2199=CARTESIAN_POINT('',(0.0051615674500514,0.0119405070483249,-0.0085));
#2200=CARTESIAN_POINT('',(0.00235144214953875,0.0133433071531653,-0.0085));
#2201=CARTESIAN_POINT('',(-2.17804708349393E-6,0.0137277421076285,-0.0085));
#2202=CARTESIAN_POINT('',(-0.00234272996120476,0.0133457244163207,-0.0085));
#2203=CARTESIAN_POINT('',(0.,0.0136,-0.0085));
#2204=CARTESIAN_POINT('',(0.00599327036167952,0.0108868582200609,-0.004));
#2205=CARTESIAN_POINT('',(0.00622195018792083,0.0106540131899463,-0.004));
#2206=CARTESIAN_POINT('',(0.00654233682183768,0.0102949601650803,-0.00388151227866229));
#2207=CARTESIAN_POINT('',(0.00686968776335823,0.00988507966428425,-0.00347740879141884));
#2208=CARTESIAN_POINT('',(0.00695197228500486,0.00977593895552906,-0.00316455743066746));
#2209=CARTESIAN_POINT('',(0.00695197228500486,0.00977593895552906,-0.003));
#2210=CARTESIAN_POINT('',(0.00599327036167952,0.0108868582200609,-0.004));
#2211=CARTESIAN_POINT('',(0.00695197228500486,0.00977593895552906,-0.003));
#2212=CARTESIAN_POINT('',(0.00695197228500486,0.00977593895552906,-0.003));
#2213=CARTESIAN_POINT('',(0.00695197228500486,0.00977593895552906,0.0085));
#2214=CARTESIAN_POINT('',(0.00695197228500486,0.00977593895552906,0.0085));
#2215=CARTESIAN_POINT('',(0.00769017355915353,0.00880497712375634,0.0085));
#2216=CARTESIAN_POINT('',(0.00886885468784862,0.00666267826685114,0.0085));
#2217=CARTESIAN_POINT('',(0.0101769020215761,0.00199056752447786,0.0085));
#2218=CARTESIAN_POINT('',(0.0100522389980861,-0.00295154664279547,0.0085));
#2219=CARTESIAN_POINT('',(0.00849495986396948,-0.00751856168193479,0.0085));
#2220=CARTESIAN_POINT('',(0.00651515822214526,-0.0106130911712424,0.0085));
#2221=CARTESIAN_POINT('',(0.0041177511047005,-0.0125696127800711,0.0085));
#2222=CARTESIAN_POINT('',(0.00184011193200617,-0.0134433864848004,0.0085));
#2223=CARTESIAN_POINT('',(-0.000614538354702014,-0.0137570028035346,0.0085));
#2224=CARTESIAN_POINT('',(-0.00363172213551598,-0.0129700358006944,0.00849999999999999));
#2225=CARTESIAN_POINT('',(-0.00650275256845069,-0.0106235101999146,0.0085));
#2226=CARTESIAN_POINT('',(-0.00848695699420894,-0.00753970188449703,0.0085));
#2227=CARTESIAN_POINT('',(-0.0100597626296073,-0.002930340209334,0.0085));
#2228=CARTESIAN_POINT('',(-0.0101994356531482,0.00322385387974631,0.0085));
#2229=CARTESIAN_POINT('',(-0.00842894975571483,0.00783325909209827,0.0085));
#2230=CARTESIAN_POINT('',(-0.00695197228500486,0.00977593895552906,0.0085));
#2231=CARTESIAN_POINT('',(-0.00695197228500486,0.00977593895552905,0.0085));
#2232=CARTESIAN_POINT('',(-0.00695197228500486,0.00977593895552906,0.0085));
#2233=CARTESIAN_POINT('',(-0.00695197228500486,0.00977593895552906,-0.003));
#2234=CARTESIAN_POINT('',(-0.00695197228500486,0.00977593895552906,-0.003));
#2235=CARTESIAN_POINT('',(-0.00695197228500486,0.00977593895552906,-0.0031645992493665));
#2236=CARTESIAN_POINT('',(-0.00687013567683666,0.00988448401622339,-0.00347613651918276));
#2237=CARTESIAN_POINT('',(-0.00654325263352987,0.010293904083762,-0.00388125796837881));
#2238=CARTESIAN_POINT('',(-0.00622173055297117,0.0106542368253553,-0.004));
#2239=CARTESIAN_POINT('',(-0.00599327036167952,0.0108868582200609,-0.004));
#2240=CARTESIAN_POINT('',(-0.00599327036167952,0.0108868582200609,-0.004));
#2241=CARTESIAN_POINT('',(-0.00599327036167952,0.0108868582200609,-0.004));
#2242=CARTESIAN_POINT('',(-0.00519982881783588,0.0116947516106019,-0.004));
#2243=CARTESIAN_POINT('',(-0.00338761835825962,0.0130518453747555,-0.004));
#2244=CARTESIAN_POINT('',(-8.6892189379699E-6,0.013869150357897,-0.004));
#2245=CARTESIAN_POINT('',(0.003349938107314,0.0130714937260783,-0.004));
#2246=CARTESIAN_POINT('',(0.00519819066796151,0.0116964195979496,-0.004));
#2247=CARTESIAN_POINT('',(0.00599327036167952,0.0108868582200609,-0.004));
#2248=CARTESIAN_POINT('',(-2.60208521396521E-18,0.08975,0.0035));
#2249=CARTESIAN_POINT('',(-0.0067,0.08975,-0.003));
#2250=CARTESIAN_POINT('',(0.0067,0.08975,-0.003));
#2251=CARTESIAN_POINT('',(-0.0067,0.08975,-0.003));
#2252=CARTESIAN_POINT('',(-0.0067,0.08975,0.0085));
#2253=CARTESIAN_POINT('',(-0.0067,0.08975,0.0085));
#2254=CARTESIAN_POINT('',(-2.60208521396521E-18,0.08975,0.0085));
#2255=CARTESIAN_POINT('',(0.0067,0.08975,0.0085));
#2256=CARTESIAN_POINT('',(0.0067,0.08975,0.0035));
#2257=CARTESIAN_POINT('',(0.,0.029875,-0.009));
#2258=CARTESIAN_POINT('',(9.54097911787244E-18,0.04475,-0.009));
#2259=CARTESIAN_POINT('',(0.00950000000000001,0.04475,-0.009));
#2260=CARTESIAN_POINT('',(-6.93889390390723E-18,0.06975,-0.0035));
#2261=CARTESIAN_POINT('',(0.0067,0.051689740629159,-0.0035));
#2262=CARTESIAN_POINT('',(0.0067,0.08925,-0.0035));
#2263=CARTESIAN_POINT('',(0.0067,0.0528345531725631,-0.0035));
#2264=CARTESIAN_POINT('',(9.54097911787244E-18,0.04475,-0.0035));
#2265=CARTESIAN_POINT('',(-0.0067,0.0528345531725631,-0.0035));
#2266=CARTESIAN_POINT('',(-0.0067,0.06975,-0.0035));
#2267=CARTESIAN_POINT('',(-0.0067,0.08925,-0.0035));
#2268=CARTESIAN_POINT('',(0.0067,0.08925,-0.0035));
#2269=CARTESIAN_POINT('',(-0.0072,0.06975,0.0035));
#2270=CARTESIAN_POINT('',(-0.0072,0.06975,-0.003));
#2271=CARTESIAN_POINT('',(-0.0072,0.08925,-0.003));
#2272=CARTESIAN_POINT('',(-0.0072,0.0518886273190299,-0.003));
#2273=CARTESIAN_POINT('',(-0.0072,0.0518886273190299,0.0085));
#2274=CARTESIAN_POINT('',(-0.0072,0.0518886273190299,0.0085));
#2275=CARTESIAN_POINT('',(-0.0072,0.08975,0.0085));
#2276=CARTESIAN_POINT('',(-0.0072,0.08925,0.0085));
#2277=CARTESIAN_POINT('',(-0.0072,0.08925,-0.003));
#2278=CARTESIAN_POINT('',(0.0072,0.06975,0.0035));
#2279=CARTESIAN_POINT('',(0.0072,0.06975,0.0085));
#2280=CARTESIAN_POINT('',(0.0072,0.08925,0.0085));
#2281=CARTESIAN_POINT('',(0.0072,0.0518886273190299,0.0085));
#2282=CARTESIAN_POINT('',(0.0072,0.0518886273190299,0.0035));
#2283=CARTESIAN_POINT('',(0.0072,0.0518886273190299,-0.003));
#2284=CARTESIAN_POINT('',(0.0072,0.08975,-0.003));
#2285=CARTESIAN_POINT('',(0.0072,0.08925,-0.003));
#2286=CARTESIAN_POINT('',(0.0072,0.08925,0.0035));
#2287=CARTESIAN_POINT('',(0.,0.029875,-0.0035));
#2288=CARTESIAN_POINT('',(0.00635,0.009908185706778,-0.0035));
#2289=CARTESIAN_POINT('',(0.00635,0.0363877335608102,-0.0035));
#2290=CARTESIAN_POINT('',(0.00635,0.0112372065683426,-0.0035));
#2291=CARTESIAN_POINT('',(0.00635,0.0112372065683426,-0.0035));
#2292=CARTESIAN_POINT('',(0.00550813748795808,0.0120944028728469,-0.0035));
#2293=CARTESIAN_POINT('',(0.0035591303095574,0.0135397365934793,-0.0035));
#2294=CARTESIAN_POINT('',(-4.39672106915553E-6,0.0143832794470228,-0.0035));
#2295=CARTESIAN_POINT('',(-0.00358412413025027,0.0135271263781156,-0.0035));
#2296=CARTESIAN_POINT('',(-0.00550915745072667,0.0120933643323448,-0.0035));
#2297=CARTESIAN_POINT('',(-0.00635,0.0112372065683426,-0.0035));
#2298=CARTESIAN_POINT('',(-0.00635,0.0112372065683426,-0.0035));
#2299=CARTESIAN_POINT('',(-0.00635,0.029875,-0.0035));
#2300=CARTESIAN_POINT('',(-0.00635,0.0363877335608102,-0.0035));
#2301=CARTESIAN_POINT('',(9.54097911787244E-18,0.04475,-0.0035));
#2302=CARTESIAN_POINT('',(-0.00685,0.0212322846666257,0.0035));
#2303=CARTESIAN_POINT('',(-0.00685,0.0212322846666257,-0.003));
#2304=CARTESIAN_POINT('',(-0.00685,0.03725150015003,-0.003));
#2305=CARTESIAN_POINT('',(-0.00685,0.0100785508159968,-0.003));
#2306=CARTESIAN_POINT('',(-0.00685,0.0100785508159968,0.0085));
#2307=CARTESIAN_POINT('',(-0.00685,0.0100785508159968,0.0085));
#2308=CARTESIAN_POINT('',(-0.00685,0.0374645693332515,0.0085));
#2309=CARTESIAN_POINT('',(-0.00685,0.03725150015003,0.0085));
#2310=CARTESIAN_POINT('',(-0.00685,0.03725150015003,-0.003));
#2311=CARTESIAN_POINT('',(0.00685,0.0212322846666257,0.0035));
#2312=CARTESIAN_POINT('',(0.00685,0.0212322846666257,0.0085));
#2313=CARTESIAN_POINT('',(0.00685,0.03725150015003,0.0085));
#2314=CARTESIAN_POINT('',(0.00685,0.0100785508159968,0.0085));
#2315=CARTESIAN_POINT('',(0.00685,0.0100785508159968,0.0035));
#2316=CARTESIAN_POINT('',(0.00685,0.0100785508159968,-0.003));
#2317=CARTESIAN_POINT('',(0.00685,0.0374645693332515,-0.003));
#2318=CARTESIAN_POINT('',(0.00685,0.03725150015003,-0.003));
#2319=CARTESIAN_POINT('',(0.00685,0.03725150015003,0.0035));
#2320=CARTESIAN_POINT('',(0.,0.,-0.009));
#2321=CARTESIAN_POINT('',(-0.00224384286830934,0.0128491009556811,-0.00900000000000001));
#2322=CARTESIAN_POINT('',(-2.68114890978276E-6,0.013226387064684,-0.00899999999999999));
#2323=CARTESIAN_POINT('',(0.00225456746394846,0.0128453507855828,-0.00900000000000001));
#2324=CARTESIAN_POINT('',(0.00491873047700916,0.011481351838201,-0.00900000000000001));
#2325=CARTESIAN_POINT('',(0.00745509073395737,0.00861254541927927,-0.009));
#2326=CARTESIAN_POINT('',(0.00913717368731348,0.00443652420088339,-0.009));
#2327=CARTESIAN_POINT('',(0.00968248771575469,4.77142321540697E-6,-0.009));
#2328=CARTESIAN_POINT('',(0.0091328750963442,-0.00446434493436736,-0.009));
#2329=CARTESIAN_POINT('',(0.00744302108809629,-0.00862349610503154,-0.009));
#2330=CARTESIAN_POINT('',(0.00492328302219475,-0.0114836582875249,-0.009));
#2331=CARTESIAN_POINT('',(0.00222563099517031,-0.0128547779204307,-0.009));
#2332=CARTESIAN_POINT('',(-4.79529507611465E-6,-0.013224743990583,-0.009));
#2333=CARTESIAN_POINT('',(-0.00225641844951977,-0.0128462157547885,-0.00900000000000001));
#2334=CARTESIAN_POINT('',(-0.0049408995005489,-0.0114644887426779,-0.009));
#2335=CARTESIAN_POINT('',(-0.00694687078828177,-0.00919046920427357,-0.009));
#2336=CARTESIAN_POINT('',(-0.00829846920930931,-0.00651140309271267,-0.00900000000000001));
#2337=CARTESIAN_POINT('',(-0.0092233991681317,-0.0037183394794381,-0.009));
#2338=CARTESIAN_POINT('',(-0.00968381081070967,1.95625543912428E-6,-0.009));
#2339=CARTESIAN_POINT('',(-0.00913343987552922,0.00445758581977251,-0.00900000000000001));
#2340=CARTESIAN_POINT('',(-0.00744629885098007,0.00861743680908489,-0.009));
#2341=CARTESIAN_POINT('',(-0.0049346668500426,0.0114725831902234,-0.009));
#2342=CARTESIAN_POINT('',(-0.00224384286830934,0.0128491009556811,-0.00900000000000001));
#2343=CARTESIAN_POINT('',(-2.68114890978276E-6,0.013226387064684,-0.00899999999999999));
#2344=CARTESIAN_POINT('',(0.00225456746394846,0.0128453507855828,-0.00900000000000001));
#2345=CARTESIAN_POINT('',(-6.58574268646024E-19,0.0131,-0.009));
#2346=CARTESIAN_POINT('',(0.,0.,0.009));
#2347=CARTESIAN_POINT('',(-0.00635,0.00906646568817608,0.009));
#2348=CARTESIAN_POINT('',(-0.00635,0.0376840605720117,0.009));
#2349=CARTESIAN_POINT('',(-0.00635,0.00973385451311485,0.009));
#2350=CARTESIAN_POINT('',(-0.00635000000000814,0.00973385451311485,0.009));
#2351=CARTESIAN_POINT('',(-0.00709581846697033,0.00880860196193881,0.009));
#2352=CARTESIAN_POINT('',(-0.00828985663918308,0.00674942282185233,0.009));
#2353=CARTESIAN_POINT('',(-0.00964196035095342,0.00221281797766979,0.009));
#2354=CARTESIAN_POINT('',(-0.00959742257172439,-0.0025743350329839,0.009));
#2355=CARTESIAN_POINT('',(-0.00814257614508611,-0.00708642488865373,0.009));
#2356=CARTESIAN_POINT('',(-0.00627029112138732,-0.0101199830507858,0.009));
#2357=CARTESIAN_POINT('',(-0.00352529308254621,-0.012460700377753,0.009));
#2358=CARTESIAN_POINT('',(-0.000591112227500421,-0.0132602515257385,0.009));
#2359=CARTESIAN_POINT('',(0.00179541800070125,-0.0129393902824222,0.009));
#2360=CARTESIAN_POINT('',(0.00400205848566192,-0.0120528419321999,0.009));
#2361=CARTESIAN_POINT('',(0.00629015878622077,-0.0101005764122703,0.009));
#2362=CARTESIAN_POINT('',(0.00815656671215568,-0.00704997704271634,0.009));
#2363=CARTESIAN_POINT('',(0.00959118913274809,-0.00259081752083388,0.009));
#2364=CARTESIAN_POINT('',(0.00963965396983665,0.00222948864453994,0.009));
#2365=CARTESIAN_POINT('',(0.00829198635793868,0.00674248886409412,0.009));
#2366=CARTESIAN_POINT('',(0.00709521600288547,0.00880934937093681,0.009));
#2367=CARTESIAN_POINT('',(0.00635,0.00973385451312493,0.009));
#2368=CARTESIAN_POINT('',(0.00635,0.00973385451312493,0.009));
#2369=CARTESIAN_POINT('',(0.00635,-1.18757864482421E-18,0.009));
#2370=CARTESIAN_POINT('',(0.00635,0.0376840605720117,0.009));
#2371=CARTESIAN_POINT('',(9.54097911787244E-18,0.04475,0.009));
#2372=CARTESIAN_POINT('',(0.0067,0.0514849832961931,0.009));
#2373=CARTESIAN_POINT('',(0.0067,-1.16226472890446E-18,0.009));
#2374=CARTESIAN_POINT('',(0.0067,0.08925,0.009));
#2375=CARTESIAN_POINT('',(0.,0.08925,0.009));
#2376=CARTESIAN_POINT('',(-0.0067,0.08925,0.009));
#2377=CARTESIAN_POINT('',(-0.0067,0.051689740629159,0.009));
#2378=CARTESIAN_POINT('',(-0.0067,0.0514849832961931,0.009));
#2379=CARTESIAN_POINT('',(9.54097911787244E-18,0.04475,0.009));
#2380=CARTESIAN_POINT('',(0.00613394679139251,0.00999388954982192,0.009));
#2381=CARTESIAN_POINT('',(0.00651369142318769,0.0103191494683836,0.009));
#2382=CARTESIAN_POINT('',(0.00651369142318769,0.0103191494683836,0.0085));
#2383=CARTESIAN_POINT('',(0.00690700323689239,0.00909133740558573,0.009));
#2384=CARTESIAN_POINT('',(0.00732135836818876,0.00937618917407735,0.009));
#2385=CARTESIAN_POINT('',(0.00732135837105989,0.00937618917653714,0.0085));
#2386=CARTESIAN_POINT('',(0.00817207632864843,0.00702833843558676,0.009));
#2387=CARTESIAN_POINT('',(0.00863305679136045,0.00723406376341065,0.009));
#2388=CARTESIAN_POINT('',(0.00863305679005988,0.00723406376229642,0.0085));
#2389=CARTESIAN_POINT('',(0.00961425109335144,0.00248744797439346,0.009));
#2390=CARTESIAN_POINT('',(0.0101180739183958,0.00255316818878912,0.009));
#2391=CARTESIAN_POINT('',(0.0101180739191563,0.00255316818944073,0.0085));
#2392=CARTESIAN_POINT('',(0.00962288010188824,-0.00240289714902635,0.009));
#2393=CARTESIAN_POINT('',(0.0101269490527785,-0.00246628854459966,0.009));
#2394=CARTESIAN_POINT('',(0.0101269490526568,-0.00246628854470399,0.0085));
#2395=CARTESIAN_POINT('',(0.00821431621753258,-0.00692798163452683,0.009));
#2396=CARTESIAN_POINT('',(0.0086765423583533,-0.00713047931444033,0.009));
#2397=CARTESIAN_POINT('',(0.00867654235837628,-0.00713047931442065,0.0085));
#2398=CARTESIAN_POINT('',(0.00635071035810379,-0.010034004638536,0.009));
#2399=CARTESIAN_POINT('',(0.00674525363859315,-0.0103540657812652,0.009));
#2400=CARTESIAN_POINT('',(0.00674525363858686,-0.0103540657812706,0.0085));
#2401=CARTESIAN_POINT('',(0.00404877585265248,-0.0120271192342498,0.009));
#2402=CARTESIAN_POINT('',(0.00432785000343359,-0.0124535533232431,0.009));
#2403=CARTESIAN_POINT('',(0.00432785000343437,-0.0124535533232424,0.0085));
#2404=CARTESIAN_POINT('',(0.00181759057370543,-0.0129353803808361,0.009));
#2405=CARTESIAN_POINT('',(0.00195012869188813,-0.0134230736300825,0.009));
#2406=CARTESIAN_POINT('',(0.00195012869188797,-0.0134230736300826,0.0085));
#2407=CARTESIAN_POINT('',(-0.000598275026394379,-0.0132643174820539,0.009));
#2408=CARTESIAN_POINT('',(-0.000642375881885031,-0.0137767832541975,0.009));
#2409=CARTESIAN_POINT('',(-0.000642375881884841,-0.0137767832541976,0.0085));
#2410=CARTESIAN_POINT('',(-0.00356842521468685,-0.0124441520403943,0.009));
#2411=CARTESIAN_POINT('',(-0.0038243545006036,-0.0128934873719641,0.009));
#2412=CARTESIAN_POINT('',(-0.00382435450060445,-0.0128934873719635,0.0085));
#2413=CARTESIAN_POINT('',(-0.00633087967032436,-0.0100536830806197,0.009));
#2414=CARTESIAN_POINT('',(-0.0067242732283185,-0.0103745199132357,0.00900000000000002));
#2415=CARTESIAN_POINT('',(-0.00672427322831547,-0.0103745199132383,0.0085));
#2416=CARTESIAN_POINT('',(-0.00819936741359355,-0.00696638588123206,0.009));
#2417=CARTESIAN_POINT('',(-0.00866116812113252,-0.0071701755134785,0.00899999999999993));
#2418=CARTESIAN_POINT('',(-0.00866116812114378,-0.00717017551346883,0.0085));
#2419=CARTESIAN_POINT('',(-0.00927389231404303,-0.00353080747019106,0.009));
#2420=CARTESIAN_POINT('',(-0.00976773923312941,-0.00362883795901133,0.00900000000000027));
#2421=CARTESIAN_POINT('',(-0.00976773923308742,-0.00362883795904743,0.0085));
#2422=CARTESIAN_POINT('',(-0.00961721519674539,4.8995207646723E-5,0.009));
#2423=CARTESIAN_POINT('',(-0.0101205240950081,5.03685426746601E-5,0.008999999999999));
#2424=CARTESIAN_POINT('',(-0.0101205240951648,5.0368542809373E-5,0.0085));
#2425=CARTESIAN_POINT('',(-0.00913681782960528,0.00478589430323256,0.009));
#2426=CARTESIAN_POINT('',(-0.00962625929910564,0.00491870468290989,0.0090000000000053));
#2427=CARTESIAN_POINT('',(-0.00962625929827353,0.00491870468219464,0.0085));
#2428=CARTESIAN_POINT('',(-0.00769071805256501,0.00817746666599133,0.009));
#2429=CARTESIAN_POINT('',(-0.00814018150807761,0.00842137945834789,0.00899999999997649));
#2430=CARTESIAN_POINT('',(-0.00814018151176798,0.00842137946151999,0.0085));
#2431=CARTESIAN_POINT('',(-0.00613172549663893,0.00999648213429697,0.009));
#2432=CARTESIAN_POINT('',(-0.00651137066416261,0.0103218581425949,0.009));
#2433=CARTESIAN_POINT('',(-0.00651137066416261,0.0103218581425949,0.0085));
#2434=CARTESIAN_POINT('',(0.00695197228501113,0.00977593895552081,0.0085));
#2435=CARTESIAN_POINT('',(0.00695197228501113,0.00977593895552081,0.008646516950047));
#2436=CARTESIAN_POINT('',(0.00678803651800181,0.00976340345462904,0.00891770105291207));
#2437=CARTESIAN_POINT('',(0.00649620436000136,0.00974322663467199,0.009));
#2438=CARTESIAN_POINT('',(0.00635,0.00973385451312494,0.009));
#2439=CARTESIAN_POINT('',(-0.00695197228500486,0.00977593895552905,0.0085));
#2440=CARTESIAN_POINT('',(-0.00695197228500486,0.00977593895552905,0.00864651695004469));
#2441=CARTESIAN_POINT('',(-0.006788036518008,0.00976340345459463,0.00891770105291171));
#2442=CARTESIAN_POINT('',(-0.00649620435999898,0.00974322663473283,0.00900000000000023));
#2443=CARTESIAN_POINT('',(-0.00635000000000322,0.00973385451311943,0.009));
#2444=CARTESIAN_POINT('',(-0.00635,1.18757864482422E-18,0.0085));
#2445=CARTESIAN_POINT('',(-0.00685,0.0100785508159968,0.0085));
#2446=CARTESIAN_POINT('',(-0.00685,0.0100785508159968,0.00864701632152854));
#2447=CARTESIAN_POINT('',(-0.00671118079974738,0.00998535947996504,0.00891772812458046));
#2448=CARTESIAN_POINT('',(-0.00647012679045546,0.00981858664510933,0.00900000000000076));
#2449=CARTESIAN_POINT('',(-0.00635000000000124,0.00973385451311883,0.009));
#2450=CARTESIAN_POINT('',(-0.00685,0.0372515001500301,0.0085));
#2451=CARTESIAN_POINT('',(-0.00685,0.0372515001500301,0.00865457995622369));
#2452=CARTESIAN_POINT('',(-0.00669681207613958,0.037379777534725,0.00892877574607335));
#2453=CARTESIAN_POINT('',(-0.00646536724679469,0.0375812388769083,0.009));
#2454=CARTESIAN_POINT('',(-0.00635,0.0376840605720117,0.009));
#2455=CARTESIAN_POINT('',(9.54097911787244E-18,0.04475,0.0085));
#2456=CARTESIAN_POINT('',(-0.00733333333333334,0.0515486926847904,0.0085));
#2457=CARTESIAN_POINT('',(-0.00733333333333334,0.0515486926847904,0.00865135002155521));
#2458=CARTESIAN_POINT('',(-0.00715081893680865,0.051529134500793,0.0089249481468058));
#2459=CARTESIAN_POINT('',(-0.00685064593118323,0.0514992538583062,0.009));
#2460=CARTESIAN_POINT('',(-0.0067,0.0514849832961931,0.009));
#2461=CARTESIAN_POINT('',(-0.007,0.0376085715714572,0.0085));
#2462=CARTESIAN_POINT('',(-0.007,0.0376085715714572,0.00865371206506638));
#2463=CARTESIAN_POINT('',(-0.00680663716100405,0.0376321165516936,0.00892888865135276));
#2464=CARTESIAN_POINT('',(-0.00650273243334277,0.0376670957652264,0.009));
#2465=CARTESIAN_POINT('',(-0.00635,0.0376840605720117,0.009));
#2466=CARTESIAN_POINT('',(-0.0067,1.16226472890446E-18,0.0085));
#2467=CARTESIAN_POINT('',(-0.0072,0.0518886273190299,0.0085));
#2468=CARTESIAN_POINT('',(-0.0072,0.0518886273190299,0.00865190889820729));
#2469=CARTESIAN_POINT('',(-0.00705143093083231,0.0517725200499919,0.00892545825242609));
#2470=CARTESIAN_POINT('',(-0.00681680317459232,0.0515820601928887,0.009));
#2471=CARTESIAN_POINT('',(-0.0067,0.0514849832961931,0.009));
#2472=CARTESIAN_POINT('',(-0.0067,0.08925,0.0085));
#2473=CARTESIAN_POINT('',(-2.60208521396521E-18,0.08925,0.0085));
#2474=CARTESIAN_POINT('',(-0.0067,0.08925,0.0085));
#2475=CARTESIAN_POINT('',(0.0067,0.08925,0.0085));
#2476=CARTESIAN_POINT('',(0.0067,0.06975,0.0085));
#2477=CARTESIAN_POINT('',(0.0072,0.0518886273190299,0.0085));
#2478=CARTESIAN_POINT('',(0.0072,0.0518886273190299,0.00865190889820729));
#2479=CARTESIAN_POINT('',(0.00705143093083232,0.0517725200499919,0.0089254582524261));
#2480=CARTESIAN_POINT('',(0.00681680317459232,0.0515820601928887,0.009));
#2481=CARTESIAN_POINT('',(0.0067,0.0514849832961931,0.009));
#2482=CARTESIAN_POINT('',(0.0067,0.08925,0.0085));
#2483=CARTESIAN_POINT('',(9.54097911787244E-18,0.04475,0.0085));
#2484=CARTESIAN_POINT('',(0.00733333333333333,0.0515486926847904,0.0085));
#2485=CARTESIAN_POINT('',(0.00733333333333333,0.0515486926847904,0.0086513500215552));
#2486=CARTESIAN_POINT('',(0.00715081893680866,0.051529134500793,0.0089249481468058));
#2487=CARTESIAN_POINT('',(0.00685064593118322,0.0514992538583062,0.009));
#2488=CARTESIAN_POINT('',(0.0067,0.0514849832961931,0.009));
#2489=CARTESIAN_POINT('',(0.007,0.0376085715714572,0.0085));
#2490=CARTESIAN_POINT('',(0.007,0.0376085715714572,0.00865371206506638));
#2491=CARTESIAN_POINT('',(0.00680663716100401,0.0376321165516931,0.00892888865135277));
#2492=CARTESIAN_POINT('',(0.00650273243334287,0.0376670957652274,0.00900000000000001));
#2493=CARTESIAN_POINT('',(0.00635,0.0376840605720117,0.009));
#2494=CARTESIAN_POINT('',(0.00635,0.0212322846666257,0.0085));
#2495=CARTESIAN_POINT('',(0.00685,0.0100785508159968,0.0085));
#2496=CARTESIAN_POINT('',(0.00685,0.0100785508159968,0.00864701632152803));
#2497=CARTESIAN_POINT('',(0.00671118079973122,0.00998535947999034,0.00891772812457932));
#2498=CARTESIAN_POINT('',(0.00647012679049172,0.00981858664506142,0.009));
#2499=CARTESIAN_POINT('',(0.00635,0.00973385451312494,0.009));
#2500=CARTESIAN_POINT('',(0.00685,0.03725150015003,0.0085));
#2501=CARTESIAN_POINT('',(0.00685,0.03725150015003,0.0086545799562237));
#2502=CARTESIAN_POINT('',(0.00669681207613959,0.037379777534725,0.00892877574607335));
#2503=CARTESIAN_POINT('',(0.00646536724679469,0.0375812388769083,0.00900000000000001));
#2504=CARTESIAN_POINT('',(0.00635,0.0376840605720117,0.009));
#2505=CARTESIAN_POINT('',(0.00176081288091231,0.0128718580991061,-0.009));
#2506=CARTESIAN_POINT('',(0.00188724697042685,0.0133556084696575,-0.009));
#2507=CARTESIAN_POINT('',(0.00188724697042685,0.0133556084696575,-0.0085));
#2508=CARTESIAN_POINT('',(0.0010405570873069,0.0130602542568217,-0.009));
#2509=CARTESIAN_POINT('',(0.00111691509016802,0.013557012216428,-0.009));
#2510=CARTESIAN_POINT('',(0.00111691509016802,0.013557012216428,-0.0085));
#2511=CARTESIAN_POINT('',(-0.000456004514985405,0.0132085290056612,-0.00900000000000001));
#2512=CARTESIAN_POINT('',(-0.000490222665303663,0.0137166898300739,-0.00900000000000001));
#2513=CARTESIAN_POINT('',(-0.000490222665303659,0.0137166898300739,-0.0085));
#2514=CARTESIAN_POINT('',(-0.00266814280897872,0.0126908519287371,-0.009));
#2515=CARTESIAN_POINT('',(-0.00285994470474505,0.0131606750790184,-0.009));
#2516=CARTESIAN_POINT('',(-0.00285994470474506,0.0131606750790184,-0.0085));
#2517=CARTESIAN_POINT('',(-0.00462416161509791,0.0115520317599975,-0.00900000000000001));
#2518=CARTESIAN_POINT('',(-0.00493276316224272,0.0119516627315463,-0.009));
#2519=CARTESIAN_POINT('',(-0.00493276316224272,0.0119516627315463,-0.0085));
#2520=CARTESIAN_POINT('',(-0.00677868866556158,0.00945873624603669,-0.009));
#2521=CARTESIAN_POINT('',(-0.00719097483772932,0.00975508788955389,-0.009));
#2522=CARTESIAN_POINT('',(-0.00719097483772932,0.00975508788955389,-0.0085));
#2523=CARTESIAN_POINT('',(-0.00860422904928937,0.00616852521114801,-0.00900000000000001));
#2524=CARTESIAN_POINT('',(-0.00907912683069273,0.00634412537818685,-0.009));
#2525=CARTESIAN_POINT('',(-0.00907912683069273,0.00634412537818685,-0.0085));
#2526=CARTESIAN_POINT('',(-0.00959733239338163,0.00179199785259692,-0.009));
#2527=CARTESIAN_POINT('',(-0.0101000344424792,0.00184076517077876,-0.009));
#2528=CARTESIAN_POINT('',(-0.0101000344424792,0.00184076517077877,-0.0085));
#2529=CARTESIAN_POINT('',(-0.00948096916021403,-0.00270827513894186,-0.009));
#2530=CARTESIAN_POINT('',(-0.00998057003047218,-0.00278239268952816,-0.009));
#2531=CARTESIAN_POINT('',(-0.00998057003047217,-0.00278239268952816,-0.0085));
#2532=CARTESIAN_POINT('',(-0.00827712711600439,-0.00698376787759801,-0.009));
#2533=CARTESIAN_POINT('',(-0.00874214320803773,-0.00718564537838769,-0.009));
#2534=CARTESIAN_POINT('',(-0.00874214320803773,-0.00718564537838769,-0.0085));
#2535=CARTESIAN_POINT('',(-0.00621845227492987,-0.0101806972826139,-0.00900000000000001));
#2536=CARTESIAN_POINT('',(-0.00660809768310801,-0.0105083905585425,-0.00900000000000001));
#2537=CARTESIAN_POINT('',(-0.00660809768310801,-0.0105083905585425,-0.0085));
#2538=CARTESIAN_POINT('',(-0.00388573502268258,-0.0120645465329427,-0.00900000000000001));
#2539=CARTESIAN_POINT('',(-0.00415315354834488,-0.0124938588099674,-0.009));
#2540=CARTESIAN_POINT('',(-0.00415315354834488,-0.0124938588099674,-0.0085));
#2541=CARTESIAN_POINT('',(-0.00181754550969424,-0.0129808501894647,-0.009));
#2542=CARTESIAN_POINT('',(-0.00195124460906022,-0.0134715014627496,-0.009));
#2543=CARTESIAN_POINT('',(-0.00195124460906022,-0.0134715014627496,-0.0085));
#2544=CARTESIAN_POINT('',(0.000463388640556296,-0.0132096294656108,-0.009));
#2545=CARTESIAN_POINT('',(0.000498126115493112,-0.0137178807744239,-0.00900000000000001));
#2546=CARTESIAN_POINT('',(0.000498126115493112,-0.0137178807744239,-0.0085));
#2547=CARTESIAN_POINT('',(0.00266315648913578,-0.0126919902063127,-0.009));
#2548=CARTESIAN_POINT('',(0.00285463173899453,-0.0131618765588613,-0.009));
#2549=CARTESIAN_POINT('',(0.00285463173899453,-0.0131618765588613,-0.0085));
#2550=CARTESIAN_POINT('',(0.00462437362189942,-0.0115512944679634,-0.00900000000000001));
#2551=CARTESIAN_POINT('',(0.00493295049485886,-0.0119509053820881,-0.00900000000000001));
#2552=CARTESIAN_POINT('',(0.00493295049485886,-0.0119509053820881,-0.0085));
#2553=CARTESIAN_POINT('',(0.00623132712347454,-0.00999362505916318,-0.009));
#2554=CARTESIAN_POINT('',(0.00661741677801399,-0.0103163446982323,-0.009));
#2555=CARTESIAN_POINT('',(0.00661741677801399,-0.0103163446982323,-0.0085));
#2556=CARTESIAN_POINT('',(0.00751143197317737,-0.00813518086262869,-0.00900000000000001));
#2557=CARTESIAN_POINT('',(0.00794845691502087,-0.00838275259236406,-0.009));
#2558=CARTESIAN_POINT('',(0.00794845691502087,-0.00838275259236406,-0.00850000000000001));
#2559=CARTESIAN_POINT('',(0.00876420298735047,-0.00545400337345741,-0.00900000000000001));
#2560=CARTESIAN_POINT('',(0.00924378047950226,-0.00560909000279785,-0.009));
#2561=CARTESIAN_POINT('',(0.00924378047950226,-0.00560909000279785,-0.0085));
#2562=CARTESIAN_POINT('',(0.00959909734786594,-0.00178798968633656,-0.009));
#2563=CARTESIAN_POINT('',(0.0101017615699597,-0.0018365473133894,-0.009));
#2564=CARTESIAN_POINT('',(0.0101017615699597,-0.0018365473133894,-0.0085));
#2565=CARTESIAN_POINT('',(0.00950070239120713,0.00196202000935291,-0.00900000000000001));
#2566=CARTESIAN_POINT('',(0.0100008904984651,0.00201567870745835,-0.009));
#2567=CARTESIAN_POINT('',(0.0100008904984651,0.00201567870745835,-0.0085));
#2568=CARTESIAN_POINT('',(0.00887731051692047,0.00484350058436275,-0.009));
#2569=CARTESIAN_POINT('',(0.00935947775539547,0.00498156263438229,-0.00900000000000001));
#2570=CARTESIAN_POINT('',(0.00935947775539547,0.00498156263438229,-0.0085));
#2571=CARTESIAN_POINT('',(0.00810466894090046,0.00696269402945828,-0.00900000000000001));
#2572=CARTESIAN_POINT('',(0.00856235000154527,0.00716868469471259,-0.009));
#2573=CARTESIAN_POINT('',(0.00856235000154527,0.00716868469471259,-0.0085));
#2574=CARTESIAN_POINT('',(0.00703660707728267,0.00890969327652021,-0.009));
#2575=CARTESIAN_POINT('',(0.0074557751172265,0.00918696303159059,-0.009));
#2576=CARTESIAN_POINT('',(0.0074557751172265,0.00918696303159059,-0.0085));
#2577=CARTESIAN_POINT('',(0.0056202740281267,0.0106676989733521,-0.009));
#2578=CARTESIAN_POINT('',(0.00597878398534004,0.0110216509106837,-0.00900000000000001));
#2579=CARTESIAN_POINT('',(0.00597878398534004,0.0110216509106837,-0.0085));
#2580=CARTESIAN_POINT('',(0.00386553024664709,0.0120781520593675,-0.00900000000000001));
#2581=CARTESIAN_POINT('',(0.00413176861624933,0.0125082673494512,-0.00900000000000001));
#2582=CARTESIAN_POINT('',(0.00413176861624932,0.0125082673494512,-0.00850000000000001));
#2583=CARTESIAN_POINT('',(0.00248106867451773,0.0126834619413905,-0.009));
#2584=CARTESIAN_POINT('',(0.00265757885068568,0.0131542047228871,-0.009));
#2585=CARTESIAN_POINT('',(0.00265757885068568,0.0131542047228871,-0.0085));
#2586=CARTESIAN_POINT('',(0.00176081288091231,0.0128718580991061,-0.009));
#2587=CARTESIAN_POINT('',(0.00188724697042685,0.0133556084696575,-0.009));
#2588=CARTESIAN_POINT('',(0.00188724697042685,0.0133556084696575,-0.0085));
#2589=CARTESIAN_POINT('',(-0.00635,0.0212322846666257,-0.003));
#2590=CARTESIAN_POINT('',(-0.00635,0.0112372065683426,-0.0035));
#2591=CARTESIAN_POINT('',(-0.00640303431703187,0.0111292059864866,-0.0035));
#2592=CARTESIAN_POINT('',(-0.00650511040344928,0.0109129099300081,-0.00348388105099948));
#2593=CARTESIAN_POINT('',(-0.00664788197736653,0.0105863941590794,-0.00341176417178395));
#2594=CARTESIAN_POINT('',(-0.00677255472782324,0.0102817410607323,-0.00329186146621535));
#2595=CARTESIAN_POINT('',(-0.00685,0.0100785508159968,-0.00312257814588256));
#2596=CARTESIAN_POINT('',(-0.00685,0.0100785508159968,-0.003));
#2597=CARTESIAN_POINT('',(-0.00685,0.03725150015003,-0.003));
#2598=CARTESIAN_POINT('',(-0.00685,0.03725150015003,-0.0031021148766928));
#2599=CARTESIAN_POINT('',(-0.00678778993675317,0.0371292751570243,-0.00327271550766051));
#2600=CARTESIAN_POINT('',(-0.00661579826165093,0.0368128152711141,-0.00344830694953777));
#2601=CARTESIAN_POINT('',(-0.00646057717560691,0.0365556701053367,-0.0035));
#2602=CARTESIAN_POINT('',(-0.00635,0.0363877335608102,-0.0035));
#2603=CARTESIAN_POINT('',(0.00635,0.029875,-0.003));
#2604=CARTESIAN_POINT('',(0.00685,0.0100785508159968,-0.003));
#2605=CARTESIAN_POINT('',(0.00685,0.0100785508159968,-0.00312281480651484));
#2606=CARTESIAN_POINT('',(0.00677267473647643,0.0102814306849304,-0.00329153702070683));
#2607=CARTESIAN_POINT('',(0.00664791063713315,0.0105863484461847,-0.00341184343869278));
#2608=CARTESIAN_POINT('',(0.00650478339291747,0.0109136213985759,-0.00348395587197911));
#2609=CARTESIAN_POINT('',(0.00640307218106447,0.0111291288791006,-0.0035));
#2610=CARTESIAN_POINT('',(0.00635,0.0112372065683426,-0.0035));
#2611=CARTESIAN_POINT('',(0.00635,0.0363877335608102,-0.0035));
#2612=CARTESIAN_POINT('',(0.00646047617761884,0.0365555167169632,-0.0035));
#2613=CARTESIAN_POINT('',(0.00661593936819236,0.0368130568412452,-0.00344820540649518));
#2614=CARTESIAN_POINT('',(0.00678779346156506,0.0371292868734009,-0.00327272614947654));
#2615=CARTESIAN_POINT('',(0.00685000000000025,0.0372515001500301,-0.00310200303356587));
#2616=CARTESIAN_POINT('',(0.00685000000000026,0.0372515001500302,-0.00300000000000005));
#2617=CARTESIAN_POINT('',(9.54097911787244E-18,0.04475,-0.0085));
#2618=CARTESIAN_POINT('',(0.0067,0.06975,-0.003));
#2619=CARTESIAN_POINT('',(0.0072,0.0518886273190299,-0.003));
#2620=CARTESIAN_POINT('',(0.0072,0.0518886273190299,-0.00310773291247242));
#2621=CARTESIAN_POINT('',(0.00713331421243138,0.0520325811079658,-0.00327886607133071));
#2622=CARTESIAN_POINT('',(0.00696282803807512,0.0523756500295866,-0.00344914087702443));
#2623=CARTESIAN_POINT('',(0.00680935398789601,0.0526533009244142,-0.0035));
#2624=CARTESIAN_POINT('',(0.0067,0.0528345531725631,-0.0035));
#2625=CARTESIAN_POINT('',(0.0067,0.08925,-0.003));
#2626=CARTESIAN_POINT('',(-0.0067,0.06975,-0.003));
#2627=CARTESIAN_POINT('',(-0.0067,0.0528345531725631,-0.0035));
#2628=CARTESIAN_POINT('',(-0.00680928347533474,0.0526534177977034,-0.0035));
#2629=CARTESIAN_POINT('',(-0.0069629657823394,0.05237538562256,-0.00344897799356333));
#2630=CARTESIAN_POINT('',(-0.00713326458308229,0.0520326797730188,-0.00327901859428489));
#2631=CARTESIAN_POINT('',(-0.00720000000000123,0.0518886273190287,-0.0031075249853104));
#2632=CARTESIAN_POINT('',(-0.00720000000000133,0.0518886273190285,-0.00300000000000047));
#2633=CARTESIAN_POINT('',(-0.0067,0.08925,-0.003));
#2634=CARTESIAN_POINT('',(0.0067,0.08925,0.0085));
#2635=CARTESIAN_POINT('',(0.0067,0.08925,0.0085));
#2636=CARTESIAN_POINT('',(0.0067,0.08925,0.0035));
#2637=CARTESIAN_POINT('',(0.0067,0.08925,-0.003));
#2638=CARTESIAN_POINT('',(0.0067,0.08925,-0.003));
#2639=CARTESIAN_POINT('',(0.0067,0.08925,-0.003));
#2640=CARTESIAN_POINT('',(-6.93889390390723E-18,0.08925,-0.003));
#2641=CARTESIAN_POINT('',(-0.0067,0.08925,-0.003));
#2642=CARTESIAN_POINT('',(-0.0067,0.08925,-0.003));
#2643=CARTESIAN_POINT('',(-0.0067,0.08925,-0.003));
#2644=CARTESIAN_POINT('',(-0.0067,0.08925,0.0035));
#2645=CARTESIAN_POINT('',(-0.0067,0.08925,0.0085));
#2646=CARTESIAN_POINT('',(-0.0067,0.08925,0.0085));
#2647=CARTESIAN_POINT('',(0.00635000000000001,0.0376840605720117,0.009));
#2648=CARTESIAN_POINT('',(0.00635,0.0376840605720117,0.009));
#2649=CARTESIAN_POINT('',(0.00635,0.0376840605720117,0.009));
#2650=CARTESIAN_POINT('',(0.00651547638014403,0.0376657086733267,0.009));
#2651=CARTESIAN_POINT('',(0.00649487142633067,0.0376194982651481,0.00899999999867448));
#2652=CARTESIAN_POINT('',(0.00647426643148707,0.0375732878752529,0.009));
#2653=CARTESIAN_POINT('',(0.00684611273309528,0.0376274019202531,0.00890467825228328));
#2654=CARTESIAN_POINT('',(0.00678530365793445,0.0374911683167021,0.0088513587266622));
#2655=CARTESIAN_POINT('',(0.00672829652033482,0.037352992687209,0.0089046782522828));
#2656=CARTESIAN_POINT('',(0.00700000001127067,0.0376085715825046,0.00863744241655385));
#2657=CARTESIAN_POINT('',(0.0068500000129093,0.0374615421567455,0.00861318779977994));
#2658=CARTESIAN_POINT('',(0.00685,0.0372515001334547,0.0086374424165548));
#2659=CARTESIAN_POINT('',(0.007,0.0376085715714572,0.0085));
#2660=CARTESIAN_POINT('',(0.00685,0.0374615421626342,0.0085));
#2661=CARTESIAN_POINT('',(0.00685,0.03725150015003,0.0085));
#2662=CARTESIAN_POINT('',(0.00735,0.03725150015003,0.0085));
#2663=CARTESIAN_POINT('',(0.00735,0.03725150015003,0.009));
#2664=CARTESIAN_POINT('',(0.00735,0.03725150015003,-0.003));
#2665=CARTESIAN_POINT('',(0.007,0.0376085715714571,-0.003));
#2666=CARTESIAN_POINT('',(0.00685,0.0374615421626342,-0.003));
#2667=CARTESIAN_POINT('',(0.00685,0.03725150015003,-0.003));
#2668=CARTESIAN_POINT('',(0.00699999992248287,0.0376085714954752,-0.00330828119172491));
#2669=CARTESIAN_POINT('',(0.00684999992568652,0.037461542092934,-0.00321761035032515));
#2670=CARTESIAN_POINT('',(0.00685,0.037251500070218,-0.00315414059586255));
#2671=CARTESIAN_POINT('',(0.0067218964263129,0.037332975871354,-0.00383966379439302));
#2672=CARTESIAN_POINT('',(0.00655408746026523,0.0371838439321063,-0.00359810474593776));
#2673=CARTESIAN_POINT('',(0.00670399560381897,0.0369621246640077,-0.00341983188982644));
#2674=CARTESIAN_POINT('',(0.00627976502670033,0.0369622199102325,-0.00399999997051992));
#2675=CARTESIAN_POINT('',(0.00619183368260366,0.0368954480415958,-0.0035686466992295));
#2676=CARTESIAN_POINT('',(0.00647187663831178,0.0365728309076032,-0.0035));
#2677=CARTESIAN_POINT('',(0.00604761904761905,0.0367859367245811,-0.004));
#2678=CARTESIAN_POINT('',(0.00604761904761905,0.0367859367245811,-0.0035));
#2679=CARTESIAN_POINT('',(0.00635,0.0363877335608102,-0.0035));
#2680=CARTESIAN_POINT('',(0.00635,0.0363877335608102,-0.004));
#2681=CARTESIAN_POINT('',(9.54097911787244E-18,0.04475,-0.004));
#2682=CARTESIAN_POINT('',(-0.00635,0.0363877335608102,-0.004));
#2683=CARTESIAN_POINT('',(-0.00604761904761905,0.0367859367245811,-0.004));
#2684=CARTESIAN_POINT('',(-0.00604761904761905,0.0367859367245811,-0.0035));
#2685=CARTESIAN_POINT('',(-0.00635,0.0363877335608102,-0.0035));
#2686=CARTESIAN_POINT('',(-0.00627989330315143,0.0369623173186888,-0.00399999996600899));
#2687=CARTESIAN_POINT('',(-0.00619190790131242,0.0368955044008247,-0.00356868202338416));
#2688=CARTESIAN_POINT('',(-0.00647194398324352,0.0365729331870224,-0.0035));
#2689=CARTESIAN_POINT('',(-0.00671895232094709,0.0373303418309323,-0.00384222179026602));
#2690=CARTESIAN_POINT('',(-0.0065515041914689,0.0371816082613637,-0.00359942086831585));
#2691=CARTESIAN_POINT('',(-0.0067024499560736,0.0369593589212935,-0.00342111088663528));
#2692=CARTESIAN_POINT('',(-0.00699999995093673,0.0376085715233655,-0.00330853842952518));
#2693=CARTESIAN_POINT('',(-0.00684999995292286,0.0374615421184682,-0.00321779192854897));
#2694=CARTESIAN_POINT('',(-0.00685,0.0372515000995055,-0.00315426921476256));
#2695=CARTESIAN_POINT('',(-0.007,0.0376085715714571,-0.003));
#2696=CARTESIAN_POINT('',(-0.00685,0.0374615421626342,-0.003));
#2697=CARTESIAN_POINT('',(-0.00685,0.03725150015003,-0.003));
#2698=CARTESIAN_POINT('',(-0.00735,0.03725150015003,-0.003));
#2699=CARTESIAN_POINT('',(-0.00735,0.03725150015003,0.009));
#2700=CARTESIAN_POINT('',(-0.00735,0.03725150015003,0.0085));
#2701=CARTESIAN_POINT('',(-0.00635,0.0376840605720117,0.009));
#2702=CARTESIAN_POINT('',(-0.00635,0.0376840605720117,0.009));
#2703=CARTESIAN_POINT('',(-0.00635,0.0376840605720117,0.009));
#2704=CARTESIAN_POINT('',(-0.00647426643148459,0.0375732878752473,0.009));
#2705=CARTESIAN_POINT('',(-0.00649487142633008,0.037619498265149,0.00900000000301141));
#2706=CARTESIAN_POINT('',(-0.00651547638014615,0.0376657086733324,0.009));
#2707=CARTESIAN_POINT('',(-0.00672829652033605,0.0373529926872118,0.00890467825228291));
#2708=CARTESIAN_POINT('',(-0.00678530365793461,0.0374911683167013,0.00885135872441256));
#2709=CARTESIAN_POINT('',(-0.00684611273309412,0.0376274019202502,0.00890467825228291));
#2710=CARTESIAN_POINT('',(-0.00684999999999999,0.0372515001334547,0.00863744241655456));
#2711=CARTESIAN_POINT('',(-0.00685000001290958,0.0374615421567461,0.00861318779978002));
#2712=CARTESIAN_POINT('',(-0.00700000001127084,0.0376085715825048,0.00863744241655456));
#2713=CARTESIAN_POINT('',(-0.00684999999999999,0.03725150015003,0.0085));
#2714=CARTESIAN_POINT('',(-0.00684999999999999,0.0374615421626342,0.0085));
#2715=CARTESIAN_POINT('',(-0.00699999999999999,0.0376085715714572,0.0085));
#2716=CARTESIAN_POINT('',(-0.0067,0.0514849832961931,0.009));
#2717=CARTESIAN_POINT('',(-0.0067,0.0514849832961931,0.009));
#2718=CARTESIAN_POINT('',(-0.0067,0.0514849832961931,0.009));
#2719=CARTESIAN_POINT('',(-0.0068617800893878,0.0515002769830013,0.009));
#2720=CARTESIAN_POINT('',(-0.00684336396799275,0.0515445647976804,0.00899999999876801));
#2721=CARTESIAN_POINT('',(-0.00682494780969155,0.0515888525970124,0.009));
#2722=CARTESIAN_POINT('',(-0.0071851465679774,0.0515327220039571,0.0089030754664963));
#2723=CARTESIAN_POINT('',(-0.00713004103063782,0.0516628221487945,0.00885581043493016));
#2724=CARTESIAN_POINT('',(-0.00707999852008029,0.051795196841674,0.0089030754664963));
#2725=CARTESIAN_POINT('',(-0.00733333334350349,0.0515486926738205,0.00863673775393652));
#2726=CARTESIAN_POINT('',(-0.00720000001398557,0.0516925111898184,0.00861570111385391));
#2727=CARTESIAN_POINT('',(-0.00719999999999999,0.0518886273347422,0.00863673775393652));
#2728=CARTESIAN_POINT('',(-0.00733333333333333,0.0515486926847904,0.0085));
#2729=CARTESIAN_POINT('',(-0.00719999999999999,0.0516925111838917,0.0085));
#2730=CARTESIAN_POINT('',(-0.00719999999999999,0.0518886273190299,0.0085));
#2731=CARTESIAN_POINT('',(-0.0077,0.0518886273190299,0.0085));
#2732=CARTESIAN_POINT('',(-0.0077,0.0518886273190299,0.009));
#2733=CARTESIAN_POINT('',(-0.0077,0.0518886273190299,-0.003));
#2734=CARTESIAN_POINT('',(-0.00733333333333333,0.0515486926847904,-0.003));
#2735=CARTESIAN_POINT('',(-0.0072,0.0516925111838917,-0.003));
#2736=CARTESIAN_POINT('',(-0.0072,0.0518886273190299,-0.003));
#2737=CARTESIAN_POINT('',(-0.00733333324814212,0.0515486927766809,-0.00331614994094485));
#2738=CARTESIAN_POINT('',(-0.00719999991732305,0.0516925112695125,-0.00322495294463975));
#2739=CARTESIAN_POINT('',(-0.0072,0.0518886274155442,-0.00315807497047229));
#2740=CARTESIAN_POINT('',(-0.00704523848237153,0.0518619758480524,-0.00384602286903814));
#2741=CARTESIAN_POINT('',(-0.00689041684485924,0.0520125407645268,-0.00360648919652323));
#2742=CARTESIAN_POINT('',(-0.00704875018124179,0.0522175746413084,-0.00342301142737323));
#2743=CARTESIAN_POINT('',(-0.00661088426368054,0.0522590204909982,-0.00399999997141629));
#2744=CARTESIAN_POINT('',(-0.00652799450199818,0.0523277146432106,-0.00357151836787114));
#2745=CARTESIAN_POINT('',(-0.00682071423771346,0.0526344715138121,-0.0035));
#2746=CARTESIAN_POINT('',(-0.00638095238095238,0.0524495744500601,-0.004));
#2747=CARTESIAN_POINT('',(-0.00638095238095238,0.0524495744500601,-0.0035));
#2748=CARTESIAN_POINT('',(-0.0067,0.0528345531725631,-0.0035));
#2749=CARTESIAN_POINT('',(-0.0067,0.0528345531725631,-0.004));
#2750=CARTESIAN_POINT('',(9.54097911787244E-18,0.04475,-0.004));
#2751=CARTESIAN_POINT('',(0.0067,0.0528345531725631,-0.004));
#2752=CARTESIAN_POINT('',(0.00638095238095238,0.0524495744500601,-0.004));
#2753=CARTESIAN_POINT('',(0.00638095238095238,0.0524495744500601,-0.0035));
#2754=CARTESIAN_POINT('',(0.0067,0.0528345531725631,-0.0035));
#2755=CARTESIAN_POINT('',(0.0066109610809332,0.0522589568293978,-0.00399999996869824));
#2756=CARTESIAN_POINT('',(0.00652804011459518,0.052327676842005,-0.00357154055027273));
#2757=CARTESIAN_POINT('',(0.00682075456663364,0.0526344046688011,-0.0035));
#2758=CARTESIAN_POINT('',(0.00704285011807163,0.0518643163233593,-0.00384808167238858));
#2759=CARTESIAN_POINT('',(0.00688827680336614,0.0520145756057315,-0.0036075519970902));
#2760=CARTESIAN_POINT('',(0.00704749629661466,0.0522200321405439,-0.00342404082836885));
#2761=CARTESIAN_POINT('',(0.00733333327313872,0.0515486927497186,-0.00331635019607939));
#2762=CARTESIAN_POINT('',(0.00719999994155864,0.0516925112444411,-0.00322509543255803));
#2763=CARTESIAN_POINT('',(0.0072,0.0518886273872378,-0.00315817509803969));
#2764=CARTESIAN_POINT('',(0.00733333333333333,0.0515486926847904,-0.003));
#2765=CARTESIAN_POINT('',(0.0072,0.0516925111838917,-0.003));
#2766=CARTESIAN_POINT('',(0.0072,0.0518886273190299,-0.003));
#2767=CARTESIAN_POINT('',(0.0077,0.0518886273190299,-0.003));
#2768=CARTESIAN_POINT('',(0.0077,0.0518886273190299,0.009));
#2769=CARTESIAN_POINT('',(0.0077,0.0518886273190299,0.0085));
#2770=CARTESIAN_POINT('',(0.0067,0.0514849832961931,0.009));
#2771=CARTESIAN_POINT('',(0.0067,0.0514849832961931,0.009));
#2772=CARTESIAN_POINT('',(0.0067,0.0514849832961931,0.009));
#2773=CARTESIAN_POINT('',(0.00682494780968885,0.0515888525970209,0.009));
#2774=CARTESIAN_POINT('',(0.0068433639679917,0.0515445647976823,0.00900000000264477));
#2775=CARTESIAN_POINT('',(0.0068617800893871,0.0515002769829994,0.009));
#2776=CARTESIAN_POINT('',(0.00707999852008163,0.0517951968416712,0.0089030754664963));
#2777=CARTESIAN_POINT('',(0.00713004103063707,0.0516628221487979,0.00885581043292666));
#2778=CARTESIAN_POINT('',(0.00718514656797727,0.0515327220039585,0.0089030754664963));
#2779=CARTESIAN_POINT('',(0.0072,0.0518886273347393,0.00863673775393652));
#2780=CARTESIAN_POINT('',(0.0072000000139882,0.0516925111898096,0.00861570111385438));
#2781=CARTESIAN_POINT('',(0.00733333334350444,0.0515486926738194,0.00863673775393652));
#2782=CARTESIAN_POINT('',(0.0072,0.0518886273190299,0.0085));
#2783=CARTESIAN_POINT('',(0.0072,0.0516925111838917,0.0085));
#2784=CARTESIAN_POINT('',(0.00733333333333333,0.0515486926847904,0.0085));
#2785=CARTESIAN_POINT('',(-0.00635000000000322,0.00973385451311943,0.009));
#2786=CARTESIAN_POINT('',(-0.00635000000000223,0.00973385451311913,0.009));
#2787=CARTESIAN_POINT('',(-0.00635000000000123,0.00973385451311883,0.009));
#2788=CARTESIAN_POINT('',(-0.00650428742340144,0.00974371099539622,0.00900000000000024));
#2789=CARTESIAN_POINT('',(-0.00649029999292447,0.00978334452031332,0.0089999999990778));
#2790=CARTESIAN_POINT('',(-0.00647631253423512,0.0098229780352754,0.00899999999999969));
#2791=CARTESIAN_POINT('',(-0.006813681643476,0.00976530202402217,0.00889999263009003));
#2792=CARTESIAN_POINT('',(-0.0067704329743974,0.00988171941337095,0.00886425816724454));
#2793=CARTESIAN_POINT('',(-0.00673318206577685,0.0100003140199566,0.00889999263008984));
#2794=CARTESIAN_POINT('',(-0.00695197229305365,0.00977593894494242,0.0086354420993776));
#2795=CARTESIAN_POINT('',(-0.00685000001598697,0.00991006389450485,0.00862006241676834));
#2796=CARTESIAN_POINT('',(-0.00685,0.0100785508298591,0.00863544209937854));
#2797=CARTESIAN_POINT('',(-0.00695197228500488,0.00977593895552902,0.0085));
#2798=CARTESIAN_POINT('',(-0.00685,0.00991006388880356,0.0085));
#2799=CARTESIAN_POINT('',(-0.00685,0.0100785508159968,0.0085));
#2800=CARTESIAN_POINT('',(-0.00735,0.0100785508159968,0.0085));
#2801=CARTESIAN_POINT('',(-0.00735,0.0100785508159968,-0.003));
#2802=CARTESIAN_POINT('',(-0.00735,0.0100785508159968,-0.003));
#2803=CARTESIAN_POINT('',(-0.00695197228500487,0.00977593895552905,-0.003));
#2804=CARTESIAN_POINT('',(-0.00685,0.00991006388880358,-0.003));
#2805=CARTESIAN_POINT('',(-0.00685,0.0100785508159968,-0.003));
#2806=CARTESIAN_POINT('',(-0.00695197223060728,0.00977593902707861,-0.00316932326872804));
#2807=CARTESIAN_POINT('',(-0.0068499999465612,0.00991006395710174,-0.00312218578317399));
#2808=CARTESIAN_POINT('',(-0.00685,0.0100785508904618,-0.00308466163436413));
#2809=CARTESIAN_POINT('',(-0.00686536665411242,0.00989074100893976,-0.00348648119211292));
#2810=CARTESIAN_POINT('',(-0.00676143635167509,0.0100238770297911,-0.00335424202794283));
#2811=CARTESIAN_POINT('',(-0.00680494616529952,0.0101979964420332,-0.00324324059662101));
#2812=CARTESIAN_POINT('',(-0.00653523094674826,0.0103033424336244,-0.00388538394999595));
#2813=CARTESIAN_POINT('',(-0.00643168011725845,0.0104241927970288,-0.00359854980042901));
#2814=CARTESIAN_POINT('',(-0.00663302382010242,0.010627738108192,-0.00344269197217499));
#2815=CARTESIAN_POINT('',(-0.00621776972773898,0.0106582697935695,-0.00399999997515731));
#2816=CARTESIAN_POINT('',(-0.00614725056166883,0.010730073420008,-0.00357726765396826));
#2817=CARTESIAN_POINT('',(-0.00646736877802881,0.0109981934684852,-0.0035));
#2818=CARTESIAN_POINT('',(-0.00599327036167952,0.0108868582200609,-0.004));
#2819=CARTESIAN_POINT('',(-0.00599327036167952,0.0108868582200609,-0.0035));
#2820=CARTESIAN_POINT('',(-0.00635,0.0112372065683426,-0.0035));
#2821=CARTESIAN_POINT('',(-0.00635,0.0112372065683426,-0.004));
#2822=CARTESIAN_POINT('',(-0.00599327036167952,0.0108868582200609,-0.004));
#2823=CARTESIAN_POINT('',(-0.00599327036167952,0.0108868582200609,-0.0035));
#2824=CARTESIAN_POINT('',(-0.00635,0.0112372065683426,-0.0035));
#2825=CARTESIAN_POINT('',(-0.00518910156589225,0.0117056742500971,-0.004));
#2826=CARTESIAN_POINT('',(-0.00518910156648299,0.0117056742506902,-0.00350000000001067));
#2827=CARTESIAN_POINT('',(-0.00550915745137094,0.0120933643332362,-0.0035));
#2828=CARTESIAN_POINT('',(-0.00335778219017386,0.0130653457212296,-0.004));
#2829=CARTESIAN_POINT('',(-0.00335778218993093,0.013065345720923,-0.00349999999999472));
#2830=CARTESIAN_POINT('',(-0.0035841241299847,0.0135271263776588,-0.0035));
#2831=CARTESIAN_POINT('',(-4.06015008657914E-6,0.0138643493354422,-0.004));
#2832=CARTESIAN_POINT('',(-4.06015005074195E-6,0.0138643493356256,-0.00350000000000249));
#2833=CARTESIAN_POINT('',(-4.39672103222578E-6,0.0143832794472843,-0.0035));
#2834=CARTESIAN_POINT('',(0.0033341532161025,0.0130772389217262,-0.004));
#2835=CARTESIAN_POINT('',(0.00333415321571621,0.0130772389212991,-0.00349999999999534));
#2836=CARTESIAN_POINT('',(0.00355913030914404,0.0135397365928899,-0.0035));
#2837=CARTESIAN_POINT('',(0.00518812608923068,0.0117066674942164,-0.004));
#2838=CARTESIAN_POINT('',(0.00518812609010811,0.0117066674950906,-0.00350000000000921));
#2839=CARTESIAN_POINT('',(0.00550813748889799,0.0120944028740479,-0.0035));
#2840=CARTESIAN_POINT('',(0.00599327036167954,0.0108868582200608,-0.004));
#2841=CARTESIAN_POINT('',(0.00599327036167954,0.0108868582200608,-0.0035));
#2842=CARTESIAN_POINT('',(0.00635,0.0112372065683426,-0.0035));
#2843=CARTESIAN_POINT('',(0.00635,0.0112372065683426,-0.004));
#2844=CARTESIAN_POINT('',(0.00599327036167954,0.0108868582200608,-0.004));
#2845=CARTESIAN_POINT('',(0.00599327036167954,0.0108868582200608,-0.0035));
#2846=CARTESIAN_POINT('',(0.00635,0.0112372065683426,-0.0035));
#2847=CARTESIAN_POINT('',(0.00621795166588944,0.0106580845415741,-0.00399999997141631));
#2848=CARTESIAN_POINT('',(0.00614736570368123,0.0107299561803886,-0.00357732542853231));
#2849=CARTESIAN_POINT('',(0.00646746389546751,0.0109979997676986,-0.0035));
#2850=CARTESIAN_POINT('',(0.00653439208971463,0.0103043073601291,-0.00388559108899509));
#2851=CARTESIAN_POINT('',(0.00643094504897917,0.010425016761459,-0.00359845184419496));
#2852=CARTESIAN_POINT('',(0.0066325863093458,0.0106287446766571,-0.00344279554125283));
#2853=CARTESIAN_POINT('',(0.00686493275634728,0.00989131644998401,-0.00348768835174591));
#2854=CARTESIAN_POINT('',(0.00676097761986486,0.0100244624458613,-0.00335511153836618));
#2855=CARTESIAN_POINT('',(0.00680472046104404,0.0101985951619125,-0.00324384417652185));
#2856=CARTESIAN_POINT('',(0.00695197224132385,0.00977593901298303,-0.0031692461290315));
#2857=CARTESIAN_POINT('',(0.00684999995708074,0.00991006394366615,-0.00312213011789067));
#2858=CARTESIAN_POINT('',(0.00685,0.0100785508757925,-0.00308462306451586));
#2859=CARTESIAN_POINT('',(0.00695197228500487,0.00977593895552904,-0.003));
#2860=CARTESIAN_POINT('',(0.00685,0.00991006388880358,-0.003));
#2861=CARTESIAN_POINT('',(0.00685,0.0100785508159968,-0.003));
#2862=CARTESIAN_POINT('',(0.00735,0.0100785508159968,-0.003));
#2863=CARTESIAN_POINT('',(0.00735,0.0100785508159968,-0.003));
#2864=CARTESIAN_POINT('',(0.00735,0.0100785508159968,0.0085));
#2865=CARTESIAN_POINT('',(0.00635,0.00973385451312494,0.009));
#2866=CARTESIAN_POINT('',(0.00635,0.00973385451312494,0.009));
#2867=CARTESIAN_POINT('',(0.00635,0.00973385451312494,0.009));
#2868=CARTESIAN_POINT('',(0.00647631253426866,0.00982297803507823,0.009));
#2869=CARTESIAN_POINT('',(0.00649029999299013,0.00978334452012373,0.00900000000151146));
#2870=CARTESIAN_POINT('',(0.00650428742349818,0.00974371099521538,0.009));
#2871=CARTESIAN_POINT('',(0.0067331820657599,0.010000314020056,0.0088999926300903));
#2872=CARTESIAN_POINT('',(0.0067704329743643,0.0098817194134754,0.00886425816599549));
#2873=CARTESIAN_POINT('',(0.00681368164342065,0.00976530202412147,0.00889999263009018));
#2874=CARTESIAN_POINT('',(0.00685,0.0100785508298572,0.00863544209937763));
#2875=CARTESIAN_POINT('',(0.006850000015986,0.00991006389449006,0.00862006241676874));
#2876=CARTESIAN_POINT('',(0.00695197229306719,0.00977593894492461,0.00863544209937787));
#2877=CARTESIAN_POINT('',(0.00685,0.0100785508159968,0.0085));
#2878=CARTESIAN_POINT('',(0.00685,0.0099100638888036,0.0085));
#2879=CARTESIAN_POINT('',(0.00695197228500485,0.00977593895552907,0.0085));
#2880=CARTESIAN_POINT('',(0.00685,0.0212322846666257,0.0035));
#2881=CARTESIAN_POINT('',(0.00685,0.0055,-0.0035));
#2882=CARTESIAN_POINT('',(0.00685,0.0055,0.0035));
#2883=CARTESIAN_POINT('',(0.00685,0.0055,-0.003));
#2884=CARTESIAN_POINT('',(0.00685,0.00815055430270667,-0.003));
#2885=CARTESIAN_POINT('',(0.00685000000000164,0.00815055430270397,-0.003));
#2886=CARTESIAN_POINT('',(0.00685000000000164,0.00815055430270397,-1.7347234759768E-18));
#2887=CARTESIAN_POINT('',(0.00685,0.00815055430270667,0.0035));
#2888=CARTESIAN_POINT('',(0.00685,0.0212322846666257,0.0035));
#2889=CARTESIAN_POINT('',(-0.00685,0.0212322846666257,0.0035));
#2890=CARTESIAN_POINT('',(-0.00685,0.00815055430270665,-1.7347234759768E-18));
#2891=CARTESIAN_POINT('',(-0.00685,0.00815055430270665,-0.003));
#2892=CARTESIAN_POINT('',(-0.00685,0.00815055430270666,0.0035));
#2893=CARTESIAN_POINT('',(-0.00685,0.0212322846666257,-0.003));
#2894=CARTESIAN_POINT('',(-0.00685,0.0055,-0.003));
#2895=CARTESIAN_POINT('',(-0.00685,0.0055,0.0035));
#2896=CARTESIAN_POINT('',(-0.00685,0.0055,0.0035));
#2897=CARTESIAN_POINT('',(-0.00685,0.0212322846666257,0.0035));
#2898=CARTESIAN_POINT('',(0.,0.029875,0.0035));
#2899=CARTESIAN_POINT('',(-0.00635,0.0055,0.0035));
#2900=CARTESIAN_POINT('',(-0.00635,0.005,0.0035));
#2901=CARTESIAN_POINT('',(-2.60208521396521E-18,0.005,0.0035));
#2902=CARTESIAN_POINT('',(0.00635,0.005,0.0035));
#2903=CARTESIAN_POINT('',(0.00635,0.0055,0.0035));
#2904=CARTESIAN_POINT('',(0.00685,0.00815055430270667,0.0035));
#2905=CARTESIAN_POINT('',(0.00610820541926442,0.00936970550355815,0.0035));
#2906=CARTESIAN_POINT('',(0.00469086635109828,0.0110084049711548,0.0035));
#2907=CARTESIAN_POINT('',(0.00215300178094312,0.0123496829647654,0.0035));
#2908=CARTESIAN_POINT('',(2.55726076373444E-6,0.0127234165521936,0.0035));
#2909=CARTESIAN_POINT('',(-0.00212744552138406,0.0123566340286234,0.0035));
#2910=CARTESIAN_POINT('',(-0.00467470143101145,0.0110260082290232,0.0035));
#2911=CARTESIAN_POINT('',(-0.00610708855910709,0.00937154108100418,0.0035));
#2912=CARTESIAN_POINT('',(-0.00685,0.00815055430270666,0.0035));
#2913=CARTESIAN_POINT('',(0.,0.029875,-0.0035));
#2914=CARTESIAN_POINT('',(0.,0.0055,-0.0035));
#2915=CARTESIAN_POINT('',(0.00635,0.0055,-0.0035));
#2916=CARTESIAN_POINT('',(-0.00635,0.0055,-0.0035));
#2917=CARTESIAN_POINT('',(-0.00635,0.029875,-0.0035));
#2918=CARTESIAN_POINT('',(-0.00635,0.0089077136951136,-0.0035));
#2919=CARTESIAN_POINT('',(0.0063500000000001,0.0089077136951135,-0.0035));
#2920=CARTESIAN_POINT('',(0.00561301140487885,0.00993658944141375,-0.0035));
#2921=CARTESIAN_POINT('',(0.00424812155874605,0.0113124189435963,-0.0035));
#2922=CARTESIAN_POINT('',(0.00192334632468301,0.0124014438085282,-0.0035));
#2923=CARTESIAN_POINT('',(1.44344848449366E-6,0.0126981891380446,-0.0035));
#2924=CARTESIAN_POINT('',(-0.00190447614955898,0.0124057916728359,-0.0035));
#2925=CARTESIAN_POINT('',(-0.00423129515689165,0.0113264674339513,-0.0035));
#2926=CARTESIAN_POINT('',(-0.00560805825766393,0.00994350430152286,-0.0035));
#2927=CARTESIAN_POINT('',(-0.00635000000000003,0.00890771369511359,-0.0035));
#2928=CARTESIAN_POINT('',(0.0063500000000001,0.0089077136951135,-0.0035));
#2929=CARTESIAN_POINT('',(0.00635,0.0055,-0.0035));
#2930=CARTESIAN_POINT('',(-2.60208521396521E-18,0.005,0.0035));
#2931=CARTESIAN_POINT('',(-0.00635,0.005,0.0035));
#2932=CARTESIAN_POINT('',(-0.00635,0.005,-0.003));
#2933=CARTESIAN_POINT('',(-2.60208521396521E-18,0.005,-0.003));
#2934=CARTESIAN_POINT('',(0.00635,0.005,-0.003));
#2935=CARTESIAN_POINT('',(0.00635,0.005,0.0035));
#2936=CARTESIAN_POINT('',(0.0033985395087133,0.0119961060871593,0.0075));
#2937=CARTESIAN_POINT('',(0.0033985395087133,0.0119961060871593,-0.0075));
#2938=CARTESIAN_POINT('',(-7.58941520739853E-19,0.0129019469564203,0.0075));
#2939=CARTESIAN_POINT('',(-7.58941520739853E-19,0.0129019469564203,-0.0075));
#2940=CARTESIAN_POINT('',(-0.00339853950871329,0.0119961060871593,0.0075));
#2941=CARTESIAN_POINT('',(-0.00339853950871329,0.0119961060871593,-0.0075));
#2942=CARTESIAN_POINT('',(-0.00642198326441021,0.00927460137167265,0.0075));
#2943=CARTESIAN_POINT('',(-0.00642198326441021,0.00927460137167265,-0.0075));
#2944=CARTESIAN_POINT('',(-0.00850602822894218,0.00505105906810724,0.0075));
#2945=CARTESIAN_POINT('',(-0.00850602822894218,0.00505105906810724,-0.0075));
#2946=CARTESIAN_POINT('',(-0.00924698588552892,4.85180472187263E-18,0.0075));
#2947=CARTESIAN_POINT('',(-0.00924698588552892,4.85180472187263E-18,-0.0075));
#2948=CARTESIAN_POINT('',(-0.00850602822894218,-0.00505105906810725,0.0075));
#2949=CARTESIAN_POINT('',(-0.00850602822894218,-0.00505105906810725,-0.0075));
#2950=CARTESIAN_POINT('',(-0.0064219832644102,-0.00927460137167267,0.0075));
#2951=CARTESIAN_POINT('',(-0.0064219832644102,-0.00927460137167267,-0.0075));
#2952=CARTESIAN_POINT('',(-0.00339853950871331,-0.0119961060871593,0.0075));
#2953=CARTESIAN_POINT('',(-0.00339853950871331,-0.0119961060871593,-0.0075));
#2954=CARTESIAN_POINT('',(1.0486148773E-17,-0.0129019469564203,0.0075));
#2955=CARTESIAN_POINT('',(1.0486148773E-17,-0.0129019469564203,-0.0075));
#2956=CARTESIAN_POINT('',(0.00339853950871326,-0.0119961060871593,0.0075));
#2957=CARTESIAN_POINT('',(0.00339853950871326,-0.0119961060871593,-0.0075));
#2958=CARTESIAN_POINT('',(0.00642198326441023,-0.00927460137167262,0.0075));
#2959=CARTESIAN_POINT('',(0.00642198326441023,-0.00927460137167262,-0.0075));
#2960=CARTESIAN_POINT('',(0.00850602822894217,-0.00505105906810729,0.0075));
#2961=CARTESIAN_POINT('',(0.00850602822894217,-0.00505105906810729,-0.0075));
#2962=CARTESIAN_POINT('',(0.00924698588552892,5.10455935333332E-17,0.0075));
#2963=CARTESIAN_POINT('',(0.00924698588552892,5.10455935333332E-17,-0.0075));
#2964=CARTESIAN_POINT('',(0.00850602822894218,0.00505105906810721,0.0075));
#2965=CARTESIAN_POINT('',(0.00850602822894218,0.00505105906810721,-0.0075));
#2966=CARTESIAN_POINT('',(0.00642198326441024,0.00927460137167262,0.0075));
#2967=CARTESIAN_POINT('',(0.00642198326441024,0.00927460137167262,-0.0075));
#2968=CARTESIAN_POINT('',(0.0033985395087133,0.0119961060871593,0.0075));
#2969=CARTESIAN_POINT('',(0.0033985395087133,0.0119961060871593,-0.0075));
#2970=CARTESIAN_POINT('',(-7.58941520739853E-19,0.0129019469564203,0.0075));
#2971=CARTESIAN_POINT('',(-7.58941520739853E-19,0.0129019469564203,-0.0075));
#2972=CARTESIAN_POINT('',(-0.00339853950871329,0.0119961060871593,0.0075));
#2973=CARTESIAN_POINT('',(-0.00339853950871329,0.0119961060871593,-0.0075));
#2974=CARTESIAN_POINT('',(0.00214271368110591,-0.0123526914704856,-0.0075));
#2975=CARTESIAN_POINT('',(2.10498991172015E-6,-0.0127240214653937,-0.0075));
#2976=CARTESIAN_POINT('',(-0.0021511336407528,-0.0123512226679397,-0.0075));
#2977=CARTESIAN_POINT('',(-0.00470773887527798,-0.0109988495143025,-0.0075));
#2978=CARTESIAN_POINT('',(-0.00707284002936141,-0.00824179226114879,-0.0075));
#2979=CARTESIAN_POINT('',(-0.00866129838485645,-0.0042419285082618,-0.0075));
#2980=CARTESIAN_POINT('',(-0.0091703812938875,1.24264962676989E-5,-0.0075));
#2981=CARTESIAN_POINT('',(-0.00865715896282039,0.00425279712927282,-0.0075));
#2982=CARTESIAN_POINT('',(-0.00706926486437937,0.00825247885977252,-0.0075));
#2983=CARTESIAN_POINT('',(-0.00468607527599665,0.0110160582743509,-0.0075));
#2984=CARTESIAN_POINT('',(-0.00213797522449178,0.0123551334956614,-0.0075));
#2985=CARTESIAN_POINT('',(1.6412027167044E-5,0.0127239137523962,-0.0075));
#2986=CARTESIAN_POINT('',(0.00215316621620959,0.0123491257737805,-0.0075));
#2987=CARTESIAN_POINT('',(0.0047095202326968,0.0109978896905342,-0.0075));
#2988=CARTESIAN_POINT('',(0.00706985744562208,0.0082446109877726,-0.0075));
#2989=CARTESIAN_POINT('',(0.00865860878505209,0.00425199540366653,-0.0075));
#2990=CARTESIAN_POINT('',(0.00917164055769232,-6.49389797955796E-6,-0.0075));
#2991=CARTESIAN_POINT('',(0.00865482199138731,-0.00426433626283905,-0.0075));
#2992=CARTESIAN_POINT('',(0.00706774173512191,-0.00824987980446949,-0.0075));
#2993=CARTESIAN_POINT('',(0.00469645719580934,-0.0110087219419996,-0.0075));
#2994=CARTESIAN_POINT('',(0.00214271368110591,-0.0123526914704856,-0.0075));
#2995=CARTESIAN_POINT('',(2.10498991172015E-6,-0.0127240214653937,-0.0075));
#2996=CARTESIAN_POINT('',(-0.0021511336407528,-0.0123512226679397,-0.0075));
#2997=CARTESIAN_POINT('',(-1.05809483446331E-18,-0.0126,-0.0075));
#2998=CARTESIAN_POINT('',(-0.0021354623177474,-0.0123549199645938,0.0075));
#2999=CARTESIAN_POINT('',(-1.57903078160104E-6,-0.0127227629957422,0.0075));
#3000=CARTESIAN_POINT('',(0.00214177844087379,-0.0123540280524374,0.0075));
#3001=CARTESIAN_POINT('',(0.00470388592278009,-0.0110037728844318,0.0075));
#3002=CARTESIAN_POINT('',(0.00707542085383768,-0.00823879526884145,0.0075));
#3003=CARTESIAN_POINT('',(0.00866035924697506,-0.00424039717312879,0.0075));
#3004=CARTESIAN_POINT('',(0.00917058591466109,-5.13461960106229E-7,0.0075));
#3005=CARTESIAN_POINT('',(0.00865729600464933,0.00425757686809843,0.0075));
#3006=CARTESIAN_POINT('',(0.00706730502465522,0.00825102828237525,0.0075));
#3007=CARTESIAN_POINT('',(0.00469662285297534,0.0110093262323762,0.0075));
#3008=CARTESIAN_POINT('',(0.00213679836757604,0.0123553664079171,0.0075));
#3009=CARTESIAN_POINT('',(-5.03278208763366E-6,0.0127231266773454,0.0075));
#3010=CARTESIAN_POINT('',(-0.00214562433068107,0.0123521158836855,0.0075));
#3011=CARTESIAN_POINT('',(-0.00470111394058309,0.0110046442451925,0.0075));
#3012=CARTESIAN_POINT('',(-0.00706801133324625,0.00824971632137471,0.0075));
#3013=CARTESIAN_POINT('',(-0.00865881421360907,0.00425236808017266,0.0075));
#3014=CARTESIAN_POINT('',(-0.00917110368344678,-6.96594256891238E-6,0.0075));
#3015=CARTESIAN_POINT('',(-0.00865676661181351,-0.00425503876202132,0.0075));
#3016=CARTESIAN_POINT('',(-0.00707033150886776,-0.00824811241228118,0.0075));
#3017=CARTESIAN_POINT('',(-0.00469179915753434,-0.0110135554479165,0.0075));
#3018=CARTESIAN_POINT('',(-0.0021354623177474,-0.0123549199645938,0.0075));
#3019=CARTESIAN_POINT('',(-1.57903078160104E-6,-0.0127227629957422,0.0075));
#3020=CARTESIAN_POINT('',(0.00214177844087379,-0.0123540280524374,0.0075));
#3021=CARTESIAN_POINT('',(-1.05809483446331E-18,-0.0126,0.0075));
#3022=CARTESIAN_POINT('',(0.00685,0.00815055430270397,-0.003));
#3023=CARTESIAN_POINT('',(0.00685,0.00815055430270397,-0.00309543130449977));
#3024=CARTESIAN_POINT('',(0.00679336454458816,0.00824392204928943,-0.00326505993244497));
#3025=CARTESIAN_POINT('',(0.00661676140562102,0.00852312901684547,-0.00344970690530574));
#3026=CARTESIAN_POINT('',(0.00645956085595317,0.00875476084322376,-0.00349999999999998));
#3027=CARTESIAN_POINT('',(0.00635000000000011,0.00890771369511349,-0.0035));
#3028=CARTESIAN_POINT('',(-0.00635,0.00890771369511363,-0.0035));
#3029=CARTESIAN_POINT('',(-0.00645965390080633,0.00875463094760072,-0.0035));
#3030=CARTESIAN_POINT('',(-0.00661606663419918,0.00852418098130885,-0.00345008326406583));
#3031=CARTESIAN_POINT('',(-0.0067931683493389,0.00824425043474309,-0.00326546701383807));
#3032=CARTESIAN_POINT('',(-0.00685,0.00815055430270665,-0.00309570868513132));
#3033=CARTESIAN_POINT('',(-0.00685,0.00815055430270665,-0.003));
#3034=CARTESIAN_POINT('',(0.,0.,0.008));
#3035=CARTESIAN_POINT('',(0.00203464248434934,-0.0118587090468166,0.008));
#3036=CARTESIAN_POINT('',(1.11493740219079E-6,-0.0122210827220776,0.008));
#3037=CARTESIAN_POINT('',(-0.00203910223395813,-0.0118569600648729,0.008));
#3038=CARTESIAN_POINT('',(-0.00445892670304963,-0.0105428528300509,0.008));
#3039=CARTESIAN_POINT('',(-0.00669310945259542,-0.00787521947502822,0.008));
#3040=CARTESIAN_POINT('',(-0.00817893910482161,-0.00405691372273853,0.008));
#3041=CARTESIAN_POINT('',(-0.00866026501753078,-5.36006353293263E-6,0.008));
#3042=CARTESIAN_POINT('',(-0.00817999895380305,0.00405881822425049,0.008));
#3043=CARTESIAN_POINT('',(-0.00668827314992065,0.00788070644999747,0.008));
#3044=CARTESIAN_POINT('',(-0.00446585076238574,0.0105365478143534,0.008));
#3045=CARTESIAN_POINT('',(-0.00204373909778139,0.0118555902156218,0.008));
#3046=CARTESIAN_POINT('',(-1.36085810759306E-6,0.0122220163670059,0.008));
#3047=CARTESIAN_POINT('',(0.00204209815555866,0.0118563436017797,0.008));
#3048=CARTESIAN_POINT('',(0.00446670035933299,0.010536525025411,0.008));
#3049=CARTESIAN_POINT('',(0.00669142274609668,0.00787527630136941,0.008));
#3050=CARTESIAN_POINT('',(0.00818009282502935,0.00405742222508098,0.008));
#3051=CARTESIAN_POINT('',(0.00865976245474047,-6.42467158337395E-6,0.008));
#3052=CARTESIAN_POINT('',(0.00818085573290947,-0.0040499178879239,0.008));
#3053=CARTESIAN_POINT('',(0.0066931938764237,-0.00787315725755521,0.008));
#3054=CARTESIAN_POINT('',(0.0044673865197348,-0.0105377954872618,0.008));
#3055=CARTESIAN_POINT('',(0.00203464248434934,-0.0118587090468166,0.008));
#3056=CARTESIAN_POINT('',(1.11493740219079E-6,-0.0122210827220776,0.008));
#3057=CARTESIAN_POINT('',(-0.00203910223395813,-0.0118569600648729,0.008));
#3058=CARTESIAN_POINT('',(-1.08673746006035E-18,-0.0121,0.008));
#3059=CARTESIAN_POINT('',(0.,0.,-0.008));
#3060=CARTESIAN_POINT('',(-0.00205228024132058,-0.0118533113757863,-0.008));
#3061=CARTESIAN_POINT('',(1.08422082707987E-6,-0.0122233434102658,-0.008));
#3062=CARTESIAN_POINT('',(0.00204794335801225,-0.0118533149831504,-0.008));
#3063=CARTESIAN_POINT('',(0.00445670020610113,-0.0105426377848279,-0.00800000000000001));
#3064=CARTESIAN_POINT('',(0.00668905438057371,-0.00788090188121502,-0.008));
#3065=CARTESIAN_POINT('',(0.00817529319019798,-0.00407219474613737,-0.008));
#3066=CARTESIAN_POINT('',(0.00866092000367629,-1.02892994346208E-5,-0.008));
#3067=CARTESIAN_POINT('',(0.00818100891247515,0.00405295992578351,-0.008));
#3068=CARTESIAN_POINT('',(0.00669328964761883,0.00787023582355331,-0.008));
#3069=CARTESIAN_POINT('',(0.00447775774758166,0.0105262739229059,-0.008));
#3070=CARTESIAN_POINT('',(0.0020571349712037,0.0118502929382436,-0.008));
#3071=CARTESIAN_POINT('',(1.87718985528021E-5,0.012222839390574,-0.008));
#3072=CARTESIAN_POINT('',(-0.0020375975990089,0.0118582220152481,-0.008));
#3073=CARTESIAN_POINT('',(-0.00445232639297354,0.0105469104335053,-0.008));
#3074=CARTESIAN_POINT('',(-0.00668970155647953,0.00788297409074926,-0.008));
#3075=CARTESIAN_POINT('',(-0.00817863478304186,0.00405826301487061,-0.008));
#3076=CARTESIAN_POINT('',(-0.00865955156541083,1.35286328978156E-5,-0.008));
#3077=CARTESIAN_POINT('',(-0.00818313708877211,-0.00404559637996701,-0.008));
#3078=CARTESIAN_POINT('',(-0.00669423599360426,-0.00787052338278933,-0.008));
#3079=CARTESIAN_POINT('',(-0.00447465345073704,-0.0105286856336856,-0.008));
#3080=CARTESIAN_POINT('',(-0.00205228024132058,-0.0118533113757863,-0.008));
#3081=CARTESIAN_POINT('',(1.08422082707987E-6,-0.0122233434102658,-0.008));
#3082=CARTESIAN_POINT('',(0.00204794335801225,-0.0118533149831504,-0.008));
#3083=CARTESIAN_POINT('',(-4.02142944830554E-19,-0.0121,-0.008));
#3084=CARTESIAN_POINT('',(0.000247245474674583,-0.012595187963435,0.0075));
#3085=CARTESIAN_POINT('',(0.000247245474674583,-0.012595187963435,0.008));
#3086=CARTESIAN_POINT('',(0.000227794169443418,-0.0120955664599699,0.008));
#3087=CARTESIAN_POINT('',(0.000983288662896652,-0.0125661827616849,0.0075));
#3088=CARTESIAN_POINT('',(0.000983288662896652,-0.0125661827616849,0.008));
#3089=CARTESIAN_POINT('',(0.000906177328987754,-0.0120688035002798,0.008));
#3090=CARTESIAN_POINT('',(0.00245048125856152,-0.0122449686817457,0.0075));
#3091=CARTESIAN_POINT('',(0.00245048125856152,-0.0122449686817457,0.008));
#3092=CARTESIAN_POINT('',(0.00225990876752853,-0.0117735523205819,0.008));
#3093=CARTESIAN_POINT('',(0.00499382473785052,-0.0107480307942387,0.0075));
#3094=CARTESIAN_POINT('',(0.00499382473785051,-0.0107480307942386,0.00799999999999999));
#3095=CARTESIAN_POINT('',(0.00464278159960503,-0.0103751077781965,0.008));
#3096=CARTESIAN_POINT('',(0.00725347334125847,-0.00791142241899446,0.0075));
#3097=CARTESIAN_POINT('',(0.00725347334125847,-0.00791142241899446,0.008));
#3098=CARTESIAN_POINT('',(0.00680730436629053,-0.00766907379332772,0.008));
#3099=CARTESIAN_POINT('',(0.00872690814087896,-0.00392967985052291,0.0075));
#3100=CARTESIAN_POINT('',(0.00872690814087896,-0.00392967985052291,0.008));
#3101=CARTESIAN_POINT('',(0.00823436968312462,-0.00381760332947876,0.008));
#3102=CARTESIAN_POINT('',(0.00909128174065446,-0.000470613465861152,0.0075));
#3103=CARTESIAN_POINT('',(0.00909128174065446,-0.000470613465861152,0.008));
#3104=CARTESIAN_POINT('',(0.00858873300541364,-0.000457089035211007,0.008));
#3105=CARTESIAN_POINT('',(0.00888557771246323,0.00233792609574184,0.0075));
#3106=CARTESIAN_POINT('',(0.00888557771246324,0.00233792609574184,0.008));
#3107=CARTESIAN_POINT('',(0.0083888084184097,0.00227102098347561,0.008));
#3108=CARTESIAN_POINT('',(0.00834746961045271,0.0050533561145843,0.0075));
#3109=CARTESIAN_POINT('',(0.00834746961045271,0.0050533561145843,0.008));
#3110=CARTESIAN_POINT('',(0.00786672508689799,0.00490514179604048,0.008));
#3111=CARTESIAN_POINT('',(0.00701086998627837,0.00834140567794502,0.0075));
#3112=CARTESIAN_POINT('',(0.00701086998627837,0.00834140567794502,0.008));
#3113=CARTESIAN_POINT('',(0.00657320139931095,0.00808284994461965,0.008));
#3114=CARTESIAN_POINT('',(0.00461852513741482,0.011084825105241,0.0075));
#3115=CARTESIAN_POINT('',(0.00461852513741482,0.011084825105241,0.008));
#3116=CARTESIAN_POINT('',(0.00428658881048304,0.0106928584447667,0.008));
#3117=CARTESIAN_POINT('',(0.00197421583254099,0.0124178525975761,0.0075));
#3118=CARTESIAN_POINT('',(0.00197421583254099,0.0124178525975761,0.008));
#3119=CARTESIAN_POINT('',(0.00181816467303045,0.0119330889148697,0.008));
#3120=CARTESIAN_POINT('',(-0.000259459906393409,0.0127274073438954,0.0075));
#3121=CARTESIAN_POINT('',(-0.000259459906393409,0.0127274073438954,0.008));
#3122=CARTESIAN_POINT('',(-0.000238298106311221,0.012216998002398,0.008));
#3123=CARTESIAN_POINT('',(-0.00245472735699283,0.0122422719481591,0.0075));
#3124=CARTESIAN_POINT('',(-0.00245472735699283,0.0122422719481591,0.008));
#3125=CARTESIAN_POINT('',(-0.00226387390515035,0.0117710519703239,0.008));
#3126=CARTESIAN_POINT('',(-0.00499248167301751,0.0107484832323827,0.0075));
#3127=CARTESIAN_POINT('',(-0.00499248167301751,0.0107484832323827,0.008));
#3128=CARTESIAN_POINT('',(-0.00464154892503913,0.0103755009233696,0.008));
#3129=CARTESIAN_POINT('',(-0.00724811152031787,0.00791794005460388,0.0075));
#3130=CARTESIAN_POINT('',(-0.00724811152031788,0.00791794005460388,0.008));
#3131=CARTESIAN_POINT('',(-0.00680213699623645,0.00767530912149958,0.008));
#3132=CARTESIAN_POINT('',(-0.00872598613711848,0.00394471569656535,0.0075));
#3133=CARTESIAN_POINT('',(-0.00872598613711848,0.00394471569656535,0.008));
#3134=CARTESIAN_POINT('',(-0.00823346108391891,0.00383222484241018,0.008));
#3135=CARTESIAN_POINT('',(-0.00916331409543958,-0.000245689220712859,0.0075));
#3136=CARTESIAN_POINT('',(-0.00916331409543958,-0.00024568922071286,0.008));
#3137=CARTESIAN_POINT('',(-0.00865881809375942,-0.000238854713110471,0.008));
#3138=CARTESIAN_POINT('',(-0.00861072189638223,-0.0044134407866781,0.0075));
#3139=CARTESIAN_POINT('',(-0.00861072189638223,-0.0044134407866781,0.008));
#3140=CARTESIAN_POINT('',(-0.00812151778978969,-0.00428680400639339,0.008));
#3141=CARTESIAN_POINT('',(-0.00701113678034162,-0.00833908040470923,0.0075));
#3142=CARTESIAN_POINT('',(-0.00701113678034162,-0.00833908040470923,0.008));
#3143=CARTESIAN_POINT('',(-0.00657344517337808,-0.00808059701612335,0.008));
#3144=CARTESIAN_POINT('',(-0.00461208454242176,-0.0110919540814237,0.0075));
#3145=CARTESIAN_POINT('',(-0.00461208454242176,-0.0110919540814237,0.008));
#3146=CARTESIAN_POINT('',(-0.00428045175921469,-0.0106995853866873,0.008));
#3147=CARTESIAN_POINT('',(-0.0019657778707709,-0.0124189998922465,0.0075));
#3148=CARTESIAN_POINT('',(-0.0019657778707709,-0.0124189998922465,0.008));
#3149=CARTESIAN_POINT('',(-0.00181039018973748,-0.0119341300787223,0.008));
#3150=CARTESIAN_POINT('',(-0.000488797713547484,-0.0126241931651852,0.0075));
#3151=CARTESIAN_POINT('',(-0.000488797713547484,-0.0126241931651852,0.008));
#3152=CARTESIAN_POINT('',(-0.000450588990100915,-0.0121223294196599,0.008));
#3153=CARTESIAN_POINT('',(0.000247245474674583,-0.012595187963435,0.0075));
#3154=CARTESIAN_POINT('',(0.000247245474674583,-0.012595187963435,0.008));
#3155=CARTESIAN_POINT('',(0.000227794169443418,-0.0120955664599699,0.008));
#3156=CARTESIAN_POINT('',(0.00635,0.0055,0.0035));
#3157=CARTESIAN_POINT('',(0.00635,0.0055,-0.003));
#3158=CARTESIAN_POINT('',(-0.00635,0.0055,0.0035));
#3159=CARTESIAN_POINT('',(-0.00635,0.0055,-0.003));
#3160=CARTESIAN_POINT('',(0.0026925009089569,-0.0120168081975045,-0.0075));
#3161=CARTESIAN_POINT('',(0.0026925009089569,-0.0120168081975045,-0.008));
#3162=CARTESIAN_POINT('',(0.00248995897127569,-0.0115596684338869,-0.008));
#3163=CARTESIAN_POINT('',(0.00202371836494793,-0.0123120804815838,-0.0075));
#3164=CARTESIAN_POINT('',(0.00202371836494793,-0.0123120804815838,-0.008));
#3165=CARTESIAN_POINT('',(0.00186731356175454,-0.0118346796304019,-0.008));
#3166=CARTESIAN_POINT('',(0.00057814594306627,-0.0127062763598805,-0.0075));
#3167=CARTESIAN_POINT('',(0.00057814594306627,-0.0127062763598806,-0.00800000000000001));
#3168=CARTESIAN_POINT('',(0.000531081176665427,-0.0121976930324621,-0.008));
#3169=CARTESIAN_POINT('',(-0.00166642986202314,-0.0125087900029828,-0.0075));
#3170=CARTESIAN_POINT('',(-0.00166642986202314,-0.0125087900029828,-0.008));
#3171=CARTESIAN_POINT('',(-0.00153355048721264,-0.0120167893560717,-0.008));
#3172=CARTESIAN_POINT('',(-0.00370158002628332,-0.0115916802855671,-0.0075));
#3173=CARTESIAN_POINT('',(-0.00370158002628332,-0.0115916802855671,-0.008));
#3174=CARTESIAN_POINT('',(-0.00342870794967491,-0.0111654298061718,-0.008));
#3175=CARTESIAN_POINT('',(-0.00592517114456423,-0.00973878354259001,-0.0075));
#3176=CARTESIAN_POINT('',(-0.00592517114456423,-0.00973878354259001,-0.008));
#3177=CARTESIAN_POINT('',(-0.00553131389253935,-0.00941653023876347,-0.008));
#3178=CARTESIAN_POINT('',(-0.00783691576150457,-0.00669994922318778,-0.0075));
#3179=CARTESIAN_POINT('',(-0.00783691576150457,-0.00669994922318778,-0.008));
#3180=CARTESIAN_POINT('',(-0.0073713045084245,-0.0065005406475934,-0.008));
#3181=CARTESIAN_POINT('',(-0.00897107163828192,-0.00263709906688969,-0.0075));
#3182=CARTESIAN_POINT('',(-0.00897107163828192,-0.0026370990668897,-0.008));
#3183=CARTESIAN_POINT('',(-0.00847173614846759,-0.00256280796802978,-0.008));
#3184=CARTESIAN_POINT('',(-0.00909615513745517,0.00157535512538206,-0.0075));
#3185=CARTESIAN_POINT('',(-0.00909615513745517,0.00157535512538206,-0.008));
#3186=CARTESIAN_POINT('',(-0.00859342432485016,0.00153124017914327,-0.008));
#3187=CARTESIAN_POINT('',(-0.00822564904849773,0.00569332324120162,-0.0075));
#3188=CARTESIAN_POINT('',(-0.00822564904849772,0.00569332324120162,-0.008));
#3189=CARTESIAN_POINT('',(-0.00774793672970756,0.00552710982947387,-0.008));
#3190=CARTESIAN_POINT('',(-0.0065766112108765,0.00885926275117641,-0.0075));
#3191=CARTESIAN_POINT('',(-0.0065766112108765,0.00885926275117641,-0.008));
#3192=CARTESIAN_POINT('',(-0.00615600931537109,0.00857579511203995,-0.008));
#3193=CARTESIAN_POINT('',(-0.00459268121642594,0.0109324368189355,-0.0075));
#3194=CARTESIAN_POINT('',(-0.00459268121642594,0.0109324368189355,-0.008));
#3195=CARTESIAN_POINT('',(-0.00426871099912033,0.0105455333573516,-0.008));
#3196=CARTESIAN_POINT('',(-0.00274472946949179,0.0121174583536859,-0.0075));
#3197=CARTESIAN_POINT('',(-0.00274472946949179,0.0121174583536859,-0.008));
#3198=CARTESIAN_POINT('',(-0.00253371622795488,0.0116554973031881,-0.008));
#3199=CARTESIAN_POINT('',(-0.000560248304896149,0.0127088313973242,-0.0075));
#3200=CARTESIAN_POINT('',(-0.000560248304896149,0.0127088313973242,-0.008));
#3201=CARTESIAN_POINT('',(-0.000514612836652986,0.0122000352436509,-0.008));
#3202=CARTESIAN_POINT('',(0.00168191317986067,0.0125039126382455,-0.0075));
#3203=CARTESIAN_POINT('',(0.00168191317986067,0.0125039126382455,-0.008));
#3204=CARTESIAN_POINT('',(0.00154786261447447,0.0120123031463545,-0.008));
#3205=CARTESIAN_POINT('',(0.00371086501928235,0.011585275883469,-0.0075));
#3206=CARTESIAN_POINT('',(0.00371086501928235,0.011585275883469,-0.008));
#3207=CARTESIAN_POINT('',(0.00343744771428025,0.0111594191240996,-0.00800000000000001));
#3208=CARTESIAN_POINT('',(0.0059303506810863,0.0097325621025934,-0.0075));
#3209=CARTESIAN_POINT('',(0.0059303506810863,0.00973256210259341,-0.008));
#3210=CARTESIAN_POINT('',(0.00553626993414603,0.00941060236669406,-0.008));
#3211=CARTESIAN_POINT('',(0.00784221350319875,0.00668682832551478,-0.0075));
#3212=CARTESIAN_POINT('',(0.00784221350319875,0.00668682832551478,-0.008));
#3213=CARTESIAN_POINT('',(0.00737642943449542,0.00648785913085347,-0.008));
#3214=CARTESIAN_POINT('',(0.00896943285752544,0.00263879562968589,-0.0075));
#3215=CARTESIAN_POINT('',(0.00896943285752544,0.0026387956296859,-0.008));
#3216=CARTESIAN_POINT('',(0.00847015200474857,0.00256444192467836,-0.008));
#3217=CARTESIAN_POINT('',(0.00909750068010859,-0.00156959835273481,-0.0075));
#3218=CARTESIAN_POINT('',(0.00909750068010859,-0.00156959835273481,-0.008));
#3219=CARTESIAN_POINT('',(0.00859472153779894,-0.00152565533903208,-0.008));
#3220=CARTESIAN_POINT('',(0.00822389004242324,-0.00569592766720328,-0.0075));
#3221=CARTESIAN_POINT('',(0.00822389004242324,-0.00569592766720328,-0.008));
#3222=CARTESIAN_POINT('',(0.00774625908437949,-0.00552960285657023,-0.008));
#3223=CARTESIAN_POINT('',(0.00658248233112695,-0.00885186056474511,-0.0075));
#3224=CARTESIAN_POINT('',(0.00658248233112696,-0.00885186056474511,-0.008));
#3225=CARTESIAN_POINT('',(0.00616161593989468,-0.0085687333740683,-0.008));
#3226=CARTESIAN_POINT('',(0.0045908412071201,-0.0109346426554046,-0.0075));
#3227=CARTESIAN_POINT('',(0.0045908412071201,-0.0109346426554046,-0.008));
#3228=CARTESIAN_POINT('',(0.00426695363379233,-0.0105476258533718,-0.008));
#3229=CARTESIAN_POINT('',(0.00336128345296587,-0.0117215359134252,-0.0075));
#3230=CARTESIAN_POINT('',(0.00336128345296587,-0.0117215359134252,-0.008));
#3231=CARTESIAN_POINT('',(0.00311260438079684,-0.0112846572373718,-0.008));
#3232=CARTESIAN_POINT('',(0.0026925009089569,-0.0120168081975045,-0.0075));
#3233=CARTESIAN_POINT('',(0.0026925009089569,-0.0120168081975045,-0.008));
#3234=CARTESIAN_POINT('',(0.00248995897127569,-0.0115596684338869,-0.008));
#3235=CARTESIAN_POINT('',(0.00635,0.029875,-0.003));
#3236=CARTESIAN_POINT('',(0.00635,0.0055,-0.003));
#3237=CARTESIAN_POINT('',(0.00635,0.0055,-0.003));
#3238=CARTESIAN_POINT('',(0.00635,0.0055,-0.003));
#3239=CARTESIAN_POINT('',(-2.60208521396521E-18,0.0055,-0.003));
#3240=CARTESIAN_POINT('',(-0.00635,0.0055,-0.003));
#3241=CARTESIAN_POINT('',(-0.00635,0.0055,-0.003));
#3242=CARTESIAN_POINT('',(-0.00635,0.0055,-0.003));
#3243=CARTESIAN_POINT('',(-0.00635,0.0212322846666257,-0.003));
#3244=CARTESIAN_POINT('',(0.00585,0.0212322846666257,0.0035));
#3245=CARTESIAN_POINT('',(0.00585,0.0212322846666257,-0.0025));
#3246=CARTESIAN_POINT('',(0.00585,0.03875,-0.0025));
#3247=CARTESIAN_POINT('',(0.00585,0.006,-0.0025));
#3248=CARTESIAN_POINT('',(0.00585,0.006,0.0035));
#3249=CARTESIAN_POINT('',(0.00585,0.006,0.0025));
#3250=CARTESIAN_POINT('',(0.00585,0.0212322846666257,0.0025));
#3251=CARTESIAN_POINT('',(0.00585,0.03875,0.0025));
#3252=CARTESIAN_POINT('',(0.00585,0.03875,0.0035));
#3253=CARTESIAN_POINT('',(4.33680868994202E-18,0.03875,0.0035));
#3254=CARTESIAN_POINT('',(4.33680868994202E-18,0.03875,-0.0025));
#3255=CARTESIAN_POINT('',(-0.00585,0.03875,-0.0025));
#3256=CARTESIAN_POINT('',(4.33680868994202E-18,0.03875,0.0025));
#3257=CARTESIAN_POINT('',(-0.00585,0.03875,0.0025));
#3258=CARTESIAN_POINT('',(-0.00585,0.03875,0.0035));
#3259=CARTESIAN_POINT('',(-0.00585,0.0212322846666257,0.0035));
#3260=CARTESIAN_POINT('',(-0.00585,0.0212322846666257,-0.0025));
#3261=CARTESIAN_POINT('',(-0.00585,0.006,-0.0025));
#3262=CARTESIAN_POINT('',(-0.00585,0.0212322846666257,0.0025));
#3263=CARTESIAN_POINT('',(-0.00585,0.006,0.0025));
#3264=CARTESIAN_POINT('',(-0.00585,0.006,0.0035));
#3265=CARTESIAN_POINT('',(-2.60208521396521E-18,0.006,0.0035));
#3266=CARTESIAN_POINT('',(-2.60208521396521E-18,0.006,-0.0025));
#3267=CARTESIAN_POINT('',(-2.60208521396521E-18,0.006,0.0025));
#3268=CARTESIAN_POINT('',(0.,0.029875,0.0025));
#3269=CARTESIAN_POINT('',(0.,0.029875,-0.0025));
#3270=CARTESIAN_POINT('',(-6.93889390390723E-18,0.06975,0.0035));
#3271=CARTESIAN_POINT('',(9.54097911787244E-18,0.04475,0.0035));
#3272=CARTESIAN_POINT('',(0.00719196120925491,0.0501607017996349,0.0035));
#3273=CARTESIAN_POINT('',(-0.00719196120925492,0.0501607017996349,0.0035));
#3274=CARTESIAN_POINT('',(-0.0067,0.05025,0.0035));
#3275=CARTESIAN_POINT('',(-0.0067,0.04975,0.0035));
#3276=CARTESIAN_POINT('',(-9.54097911787244E-18,0.04975,0.0035));
#3277=CARTESIAN_POINT('',(0.0067,0.04975,0.0035));
#3278=CARTESIAN_POINT('',(0.0067,0.05025,0.0035));
#3279=CARTESIAN_POINT('',(-6.93889390390723E-18,0.06975,-0.0035));
#3280=CARTESIAN_POINT('',(9.54097911787244E-18,0.04475,-0.0035));
#3281=CARTESIAN_POINT('',(0.00712390342438752,0.05025,-0.0035));
#3282=CARTESIAN_POINT('',(-0.0071239034243875,0.05025,-0.0035));
#3283=CARTESIAN_POINT('',(-6.93889390390723E-18,0.05025,-0.0035));
#3284=CARTESIAN_POINT('',(-9.54097911787244E-18,0.04975,0.0035));
#3285=CARTESIAN_POINT('',(-0.0067,0.04975,0.0035));
#3286=CARTESIAN_POINT('',(-0.0067,0.04975,-0.003));
#3287=CARTESIAN_POINT('',(-9.54097911787244E-18,0.04975,-0.003));
#3288=CARTESIAN_POINT('',(0.0067,0.04975,-0.003));
#3289=CARTESIAN_POINT('',(0.0067,0.04975,0.0035));
#3290=CARTESIAN_POINT('',(9.54097911787244E-18,0.04475,0.009));
#3291=CARTESIAN_POINT('',(9.54097911787244E-18,0.04475,-0.0075));
#3292=CARTESIAN_POINT('',(0.00900000000000001,0.04475,-0.0075));
#3293=CARTESIAN_POINT('',(9.54097911787244E-18,0.04475,0.0075));
#3294=CARTESIAN_POINT('',(0.00900000000000001,0.04475,0.0075));
#3295=CARTESIAN_POINT('',(0.00719196120925491,0.0501607017996349,0.));
#3296=CARTESIAN_POINT('',(0.00719196120925491,0.0501607017996349,-0.00349196120925492));
#3297=CARTESIAN_POINT('',(0.00719196120925491,0.0501607017996349,-0.00349196120925492));
#3298=CARTESIAN_POINT('',(0.00716957806991302,0.0501904537016708,-0.00349736161737504));
#3299=CARTESIAN_POINT('',(0.00714689227117882,0.0502202235773856,-0.0035));
#3300=CARTESIAN_POINT('',(0.00712390342438752,0.05025,-0.0035));
#3301=CARTESIAN_POINT('',(-0.0071239034243875,0.05025,-0.0035));
#3302=CARTESIAN_POINT('',(-0.0071468922711788,0.0502202235773856,-0.0035));
#3303=CARTESIAN_POINT('',(-0.00716957806991302,0.0501904537016708,-0.00349736161737541));
#3304=CARTESIAN_POINT('',(-0.00719196120925492,0.0501607017996349,-0.00349196120925529));
#3305=CARTESIAN_POINT('',(-0.00719196120925492,0.0501607017996349,-0.00349196120925491));
#3306=CARTESIAN_POINT('',(-0.00719196120925492,0.0501607017996349,0.));
#3307=CARTESIAN_POINT('',(9.54097911787244E-18,0.04475,0.0035));
#3308=CARTESIAN_POINT('',(-0.00685,0.0389124063176682,0.0035));
#3309=CARTESIAN_POINT('',(0.00685,0.0389124063176682,0.0035));
#3310=CARTESIAN_POINT('',(-0.00685,0.0389124063176682,0.009));
#3311=CARTESIAN_POINT('',(-0.00685,0.0389124063176682,-0.003));
#3312=CARTESIAN_POINT('',(-0.00685,0.0389124063176682,-0.003));
#3313=CARTESIAN_POINT('',(-0.00685,0.0389124063176682,-0.00316523290063875));
#3314=CARTESIAN_POINT('',(-0.00668730416600542,0.0387209672615635,-0.00343133625226574));
#3315=CARTESIAN_POINT('',(-0.00646593615497806,0.038487537647214,-0.0035));
#3316=CARTESIAN_POINT('',(-0.00635,0.0383721084988846,-0.0035));
#3317=CARTESIAN_POINT('',(-0.00635,0.0383721084988846,-0.0035));
#3318=CARTESIAN_POINT('',(9.54097911787244E-18,0.04475,-0.0035));
#3319=CARTESIAN_POINT('',(0.00635,0.0383721084988846,-0.0035));
#3320=CARTESIAN_POINT('',(0.00635,0.0383721084988846,-0.0035));
#3321=CARTESIAN_POINT('',(0.00646600497577193,0.0384876061670439,-0.0035));
#3322=CARTESIAN_POINT('',(0.00668651874098029,0.0387201033122658,-0.00343197896519247));
#3323=CARTESIAN_POINT('',(0.00685,0.0389124063176682,-0.00316521489901107));
#3324=CARTESIAN_POINT('',(0.00685,0.0389124063176682,-0.003));
#3325=CARTESIAN_POINT('',(0.00685,0.0389124063176682,-0.003));
#3326=CARTESIAN_POINT('',(0.00685,0.0389124063176682,0.009));
#3327=CARTESIAN_POINT('',(0.,0.029875,0.008));
#3328=CARTESIAN_POINT('',(9.54097911787244E-18,0.04475,0.008));
#3329=CARTESIAN_POINT('',(0.00850000000000001,0.04475,0.008));
#3330=CARTESIAN_POINT('',(0.,0.029875,-0.008));
#3331=CARTESIAN_POINT('',(9.54097911787244E-18,0.04475,-0.008));
#3332=CARTESIAN_POINT('',(0.00850000000000001,0.04475,-0.008));
#3333=CARTESIAN_POINT('',(4.33680868994202E-18,0.03975,0.0035));
#3334=CARTESIAN_POINT('',(0.00635,0.03975,0.0035));
#3335=CARTESIAN_POINT('',(0.00635,0.03975,0.0035));
#3336=CARTESIAN_POINT('',(0.00635,0.03975,-0.003));
#3337=CARTESIAN_POINT('',(-0.00635,0.03975,-0.003));
#3338=CARTESIAN_POINT('',(-0.00635,0.03975,-0.003));
#3339=CARTESIAN_POINT('',(-0.00635,0.03975,0.0035));
#3340=CARTESIAN_POINT('',(-0.00635,0.03975,0.0035));
#3341=CARTESIAN_POINT('',(4.33680868994202E-18,0.03975,0.0035));
#3342=CARTESIAN_POINT('',(0.,0.029875,-0.0035));
#3343=CARTESIAN_POINT('',(-0.00635,0.029875,-0.0035));
#3344=CARTESIAN_POINT('',(-0.00635,0.03925,-0.0035));
#3345=CARTESIAN_POINT('',(0.00635,0.03925,-0.0035));
#3346=CARTESIAN_POINT('',(0.00635,0.03925,-0.0035));
#3347=CARTESIAN_POINT('',(0.00635,0.0389124063176682,-0.0035));
#3348=CARTESIAN_POINT('',(0.,0.029875,0.0035));
#3349=CARTESIAN_POINT('',(-0.00635,0.03925,0.0035));
#3350=CARTESIAN_POINT('',(-0.00685,0.03925,0.0035));
#3351=CARTESIAN_POINT('',(-0.00685,0.0212322846666257,0.0035));
#3352=CARTESIAN_POINT('',(0.00685,0.0212322846666257,0.0035));
#3353=CARTESIAN_POINT('',(0.00685,0.03925,0.0035));
#3354=CARTESIAN_POINT('',(0.00635,0.03925,0.0035));
#3355=CARTESIAN_POINT('',(-0.00685,0.0212322846666257,0.0035));
#3356=CARTESIAN_POINT('',(-0.00685,0.03925,-0.0035));
#3357=CARTESIAN_POINT('',(-0.00685,0.03925,-0.003));
#3358=CARTESIAN_POINT('',(-0.00685,0.0212322846666257,-0.003));
#3359=CARTESIAN_POINT('',(0.00685,0.0212322846666257,0.0035));
#3360=CARTESIAN_POINT('',(0.00685,0.03925,-0.003));
#3361=CARTESIAN_POINT('',(0.00685,0.03925,-0.003));
#3362=CARTESIAN_POINT('',(0.00685,0.03925,0.0035));
#3363=CARTESIAN_POINT('',(9.54097911787244E-18,0.04475,0.0075));
#3364=CARTESIAN_POINT('',(0.00635,0.03925,0.0035));
#3365=CARTESIAN_POINT('',(0.00635,0.03925,-0.003));
#3366=CARTESIAN_POINT('',(-0.00635,0.03925,0.0035));
#3367=CARTESIAN_POINT('',(-0.00635,0.03925,-0.003));
#3368=CARTESIAN_POINT('',(0.0067,0.05025,0.0035));
#3369=CARTESIAN_POINT('',(0.0067,0.05025,-0.003));
#3370=CARTESIAN_POINT('',(-0.0067,0.05025,0.0035));
#3371=CARTESIAN_POINT('',(-0.0067,0.05025,-0.003));
#3372=CARTESIAN_POINT('',(9.54097911787244E-18,0.04475,-0.0075));
#3373=CARTESIAN_POINT('',(-9.54097911787244E-18,0.05025,-0.003));
#3374=CARTESIAN_POINT('',(0.00635,0.029875,-0.003));
#3375=CARTESIAN_POINT('',(0.00635,0.03925,-0.003));
#3376=CARTESIAN_POINT('',(0.00635,0.03925,-0.003));
#3377=CARTESIAN_POINT('',(0.00635,0.03925,-0.003));
#3378=CARTESIAN_POINT('',(0.,0.03925,-0.003));
#3379=CARTESIAN_POINT('',(-0.00635,0.03925,-0.003));
#3380=CARTESIAN_POINT('',(-0.00635,0.03925,-0.003));
#3381=CARTESIAN_POINT('',(-0.00635,0.03925,-0.003));
#3382=CARTESIAN_POINT('',(-0.00635,0.0212322846666257,-0.003));
#3383=CARTESIAN_POINT('',(-2.60208521396521E-18,0.08875,0.0035));
#3384=CARTESIAN_POINT('',(-2.60208521396521E-18,0.08875,-0.0025));
#3385=CARTESIAN_POINT('',(-0.0062,0.08875,-0.0025));
#3386=CARTESIAN_POINT('',(0.0062,0.08875,-0.0025));
#3387=CARTESIAN_POINT('',(0.0062,0.08875,0.0035));
#3388=CARTESIAN_POINT('',(0.0062,0.08875,0.0025));
#3389=CARTESIAN_POINT('',(-2.60208521396521E-18,0.08875,0.0025));
#3390=CARTESIAN_POINT('',(-0.0062,0.08875,0.0025));
#3391=CARTESIAN_POINT('',(-0.0062,0.08875,0.0035));
#3392=CARTESIAN_POINT('',(-0.0062,0.06975,0.0035));
#3393=CARTESIAN_POINT('',(-0.0062,0.06975,-0.0025));
#3394=CARTESIAN_POINT('',(-0.0062,0.05075,-0.0025));
#3395=CARTESIAN_POINT('',(-0.0062,0.06975,0.0025));
#3396=CARTESIAN_POINT('',(-0.0062,0.05075,0.0025));
#3397=CARTESIAN_POINT('',(-0.0062,0.05075,0.0035));
#3398=CARTESIAN_POINT('',(-9.54097911787244E-18,0.05075,0.0035));
#3399=CARTESIAN_POINT('',(-9.54097911787244E-18,0.05075,-0.0025));
#3400=CARTESIAN_POINT('',(0.0062,0.05075,-0.0025));
#3401=CARTESIAN_POINT('',(-9.54097911787244E-18,0.05075,0.0025));
#3402=CARTESIAN_POINT('',(0.0062,0.05075,0.0025));
#3403=CARTESIAN_POINT('',(0.0062,0.05075,0.0035));
#3404=CARTESIAN_POINT('',(0.0062,0.06975,0.0035));
#3405=CARTESIAN_POINT('',(0.0062,0.06975,-0.0025));
#3406=CARTESIAN_POINT('',(0.0062,0.06975,0.0025));
#3407=CARTESIAN_POINT('',(-6.93889390390723E-18,0.06975,0.0025));
#3408=CARTESIAN_POINT('',(-6.93889390390723E-18,0.06975,-0.0025));
#3409=MECHANICAL_DESIGN_GEOMETRIC_PRESENTATION_REPRESENTATION('',(#1520),
#3410);
#3410=(
GEOMETRIC_REPRESENTATION_CONTEXT(3)
GLOBAL_UNCERTAINTY_ASSIGNED_CONTEXT((#3411))
GLOBAL_UNIT_ASSIGNED_CONTEXT((#3414,#3413,#3412))
REPRESENTATION_CONTEXT('Part 5','TOP_LEVEL_ASSEMBLY_PART')
);
#3411=UNCERTAINTY_MEASURE_WITH_UNIT(LENGTH_MEASURE(2.E-5),#3414,
'DISTANCE_ACCURACY_VALUE','Maximum Tolerance applied to model');
#3412=(
NAMED_UNIT(*)
SI_UNIT($,.STERADIAN.)
SOLID_ANGLE_UNIT()
);
#3413=(
NAMED_UNIT(*)
PLANE_ANGLE_UNIT()
SI_UNIT($,.RADIAN.)
);
#3414=(
LENGTH_UNIT()
NAMED_UNIT(*)
SI_UNIT($,.METRE.)
);
#3415=PRODUCT_DEFINITION_SHAPE('','',#3416);
#3416=PRODUCT_DEFINITION('','',#3418,#3417);
#3417=PRODUCT_DEFINITION_CONTEXT('',#3424,'design');
#3418=PRODUCT_DEFINITION_FORMATION_WITH_SPECIFIED_SOURCE('','',#3420,
 .NOT_KNOWN.);
#3419=PRODUCT_RELATED_PRODUCT_CATEGORY('','',(#3420));
#3420=PRODUCT('Part 5','Part 5','Part 5',(#3422));
#3421=PRODUCT_CATEGORY('','');
#3422=PRODUCT_CONTEXT('',#3424,'mechanical');
#3423=APPLICATION_PROTOCOL_DEFINITION('international standard',
'ap242_managed_model_based_3d_engineering',2020,#3424);
#3424=APPLICATION_CONTEXT('managed model based 3d engineering');
ENDSEC;
END-ISO-10303-21;
