ISO-10303-21;
HEADER;
/* Generated by software containing ST-Developer
 * from STEP Tools, Inc. (www.steptools.com) 
 */
/* OPTION: using custom renumber hook */

FILE_DESCRIPTION(
/* description */ ('STEP AP242 Edition 2',
'CAx-IF Rec.Pracs.---Representation and Presentation of Product Manufa
cturing Information (PMI)---4.0---2014-10-13',
'CAx-IF Rec.Pracs.---3D Tessellated Geometry---0.4---2014-09-14','2;1',
'CAx-IF Rec.Pracs.---User Defined Attributes---1.5---2016-08-15'),
/* implementation_level */ '2;1');

FILE_NAME(
/* name */ 'Part Studio 1 - Part 5',
/* time_stamp */ '2026-07-02T10:23:27Z',
/* author */ (''),
/* organization */ (''),
/* preprocessor_version */ 'ST-DEVELOPER v20',
/* originating_system */ 'ONSHAPE BY PTC INC, 1.217',
/* authorisation */ '  ');

FILE_SCHEMA (('AP242_MANAGED_MODEL_BASED_3D_ENGINEERING_MIM_LF { 1 0 10303 442 3 1 4 }'));
ENDSEC;

DATA;
#10=SHAPE_REPRESENTATION_RELATIONSHIP('','',#1406,#11);
#11=ADVANCED_BREP_SHAPE_REPRESENTATION('',(#1404),#3315);
#12=ORIENTED_CLOSED_SHELL('',*,#1392,.F.);
#13=ORIENTED_CLOSED_SHELL('',*,#1393,.F.);
#14=ORIENTED_CLOSED_SHELL('',*,#1394,.F.);
#15=ORIENTED_CLOSED_SHELL('',*,#1395,.F.);
#16=ELLIPSE('',#1535,0.000707106781186548,0.0005);
#17=ELLIPSE('',#1537,0.000707106781186548,0.0005);
#18=SPHERICAL_SURFACE('',#1447,0.0005);
#19=SPHERICAL_SURFACE('',#1451,0.0005);
#20=SPHERICAL_SURFACE('',#1455,0.0005);
#21=SPHERICAL_SURFACE('',#1459,0.0005);
#22=SPHERICAL_SURFACE('',#1501,0.0005);
#23=SPHERICAL_SURFACE('',#1505,0.0005);
#24=TOROIDAL_SURFACE('',#1430,0.0135,0.0005);
#25=TOROIDAL_SURFACE('',#1438,0.0135,0.0005);
#26=TOROIDAL_SURFACE('',#1442,0.0135,0.0005);
#27=TOROIDAL_SURFACE('',#1464,0.0145,0.0005);
#28=TOROIDAL_SURFACE('',#1473,0.0145,0.0005);
#29=TOROIDAL_SURFACE('',#1533,0.0115,0.0005);
#30=TOROIDAL_SURFACE('',#1538,0.0115,0.0005);
#31=(
BOUNDED_SURFACE()
B_SPLINE_SURFACE(3,2,((#2224,#2225,#2226),(#2227,#2228,#2229),(#2230,#2231,
#2232),(#2233,#2234,#2235),(#2236,#2237,#2238),(#2239,#2240,#2241),(#2242,
#2243,#2244),(#2245,#2246,#2247),(#2248,#2249,#2250),(#2251,#2252,#2253),
(#2254,#2255,#2256),(#2257,#2258,#2259),(#2260,#2261,#2262),(#2263,#2264,
#2265),(#2266,#2267,#2268),(#2269,#2270,#2271),(#2272,#2273,#2274),(#2275,
#2276,#2277),(#2278,#2279,#2280),(#2281,#2282,#2283),(#2284,#2285,#2286),
(#2287,#2288,#2289),(#2290,#2291,#2292),(#2293,#2294,#2295),(#2296,#2297,
#2298),(#2299,#2300,#2301)),.UNSPECIFIED.,.F.,.F.,.F.)
B_SPLINE_SURFACE_WITH_KNOTS((4,1,1,1,1,1,1,1,1,1,1,1,1,1,1,1,1,1,1,1,1,
1,1,4),(3,3),(0.0128368028172914,0.017782837417657,0.0227288720180225,0.0252018893182053,
0.0276749066183881,0.0326209412187536,0.0375669758191192,0.040039993119302,
0.0425130104194847,0.0474590450198503,0.049932062320033,0.0524050796202158,
0.0573511142205814,0.0598241315207641,0.0622971488209469,0.0672431834213125,
0.0697162007214952,0.072189218021678,0.0771352526220435,0.0796082699222263,
0.0820812872224091,0.0845543045225919,0.0870273218227746,0.0919733564231402),
(0.,1.),.UNSPECIFIED.)
GEOMETRIC_REPRESENTATION_ITEM()
RATIONAL_B_SPLINE_SURFACE(((1.,0.707106781186546,1.),(1.,0.707106781186546,
1.),(1.,0.707106781186546,1.),(1.,0.707106781186546,1.),(1.,0.707106781186546,
1.),(1.,0.707106781186546,1.),(1.,0.707106781186546,1.),(1.,0.707106781186547,
1.),(1.,0.707106781186546,1.),(1.,0.707106781186548,1.),(1.,0.707106781186546,
1.),(1.,0.707106781186546,1.),(1.,0.707106781186546,1.),(1.,0.707106781186546,
1.),(1.,0.707106781186546,1.),(1.,0.707106781186546,1.),(1.,0.707106781186546,
1.),(1.,0.707106781186546,1.),(1.,0.707106781186546,1.),(1.,0.707106781186548,
1.),(1.,0.707106781186546,1.),(1.,0.707106781186544,1.),(1.,0.707106781186547,
1.),(1.,0.707106781186544,1.),(1.,0.707106781186546,1.),(1.,0.707106781186546,
1.)))
REPRESENTATION_ITEM('')
SURFACE()
);
#32=(
BOUNDED_SURFACE()
B_SPLINE_SURFACE(3,2,((#2373,#2374,#2375),(#2376,#2377,#2378),(#2379,#2380,
#2381),(#2382,#2383,#2384),(#2385,#2386,#2387),(#2388,#2389,#2390),(#2391,
#2392,#2393),(#2394,#2395,#2396),(#2397,#2398,#2399),(#2400,#2401,#2402),
(#2403,#2404,#2405),(#2406,#2407,#2408),(#2409,#2410,#2411),(#2412,#2413,
#2414),(#2415,#2416,#2417),(#2418,#2419,#2420),(#2421,#2422,#2423),(#2424,
#2425,#2426),(#2427,#2428,#2429),(#2430,#2431,#2432),(#2433,#2434,#2435),
(#2436,#2437,#2438),(#2439,#2440,#2441),(#2442,#2443,#2444),(#2445,#2446,
#2447),(#2448,#2449,#2450),(#2451,#2452,#2453),(#2454,#2455,#2456),(#2457,
#2458,#2459),(#2460,#2461,#2462),(#2463,#2464,#2465),(#2466,#2467,#2468),
(#2469,#2470,#2471)),.UNSPECIFIED.,.T.,.F.,.F.)
B_SPLINE_SURFACE_WITH_KNOTS((1,3,1,1,1,1,1,1,1,1,1,1,1,1,1,1,1,1,1,1,1,
1,1,1,1,1,1,1,1,1,1,3,1),(3,3),(-0.00312365267739924,0.,0.00312365267739924,
0.00624730535479848,0.00937095803219772,0.012494610709597,0.0156182633869962,
0.0187419160643954,0.0218655687417947,0.0249892214191939,0.0281128740965931,
0.0312365267739924,0.0374838321287909,0.0406074848061901,0.0437311374835893,
0.0468547901609886,0.0499784428383878,0.0531020955157871,0.0562257481931863,
0.0593494008705855,0.0624730535479848,0.065596706225384,0.0687203589027832,
0.0718440115801825,0.0749676642575817,0.0812149696123802,0.0843386222897794,
0.0874622749671787,0.0905859276445779,0.0937095803219772,0.0968332329993764,
0.0999568856767756,0.103080538354175),(0.,1.),.UNSPECIFIED.)
GEOMETRIC_REPRESENTATION_ITEM()
RATIONAL_B_SPLINE_SURFACE(((1.,0.707106781186546,1.),(1.,0.707106781186546,
1.),(1.,0.707106781186546,1.),(1.,0.707106781186546,1.),(1.,0.707106781186546,
1.),(1.,0.707106781186547,1.),(1.,0.707106781186544,1.),(1.,0.707106781186547,
1.),(1.,0.707106781186546,1.),(1.,0.707106781186546,1.),(1.,0.707106781186549,
1.),(1.,0.707106781186543,1.),(1.,0.707106781186547,1.),(1.,0.707106781186546,
1.),(1.,0.707106781186546,1.),(1.,0.707106781186546,1.),(1.,0.707106781186546,
1.),(1.,0.707106781186546,1.),(1.,0.707106781186546,1.),(1.,0.707106781186546,
1.),(1.,0.707106781186547,1.),(1.,0.707106781186545,1.),(1.,0.707106781186547,
1.),(1.,0.707106781186546,1.),(1.,0.707106781186546,1.),(1.,0.707106781186546,
1.),(1.,0.707106781186547,1.),(1.,0.707106781186546,1.),(1.,0.707106781186546,
1.),(1.,0.707106781186546,1.),(1.,0.707106781186546,1.),(1.,0.707106781186546,
1.),(1.,0.707106781186546,1.)))
REPRESENTATION_ITEM('')
SURFACE()
);
#33=(
BOUNDED_SURFACE()
B_SPLINE_SURFACE(3,2,((#2530,#2531,#2532),(#2533,#2534,#2535),(#2536,#2537,
#2538),(#2539,#2540,#2541),(#2542,#2543,#2544)),.UNSPECIFIED.,.F.,.F.,.F.)
B_SPLINE_SURFACE_WITH_KNOTS((4,1,4),(3,3),(-7.42853172813348E-6,0.000806855915935848,
0.00162114036359983),(0.,1.),.UNSPECIFIED.)
GEOMETRIC_REPRESENTATION_ITEM()
RATIONAL_B_SPLINE_SURFACE(((1.,1.,1.),(1.,0.999999997705904,1.),(1.,0.965571126439946,
1.),(1.,0.924755320487505,1.),(1.,0.924755326447545,1.)))
REPRESENTATION_ITEM('')
SURFACE()
);
#34=(
BOUNDED_SURFACE()
B_SPLINE_SURFACE(3,2,((#2548,#2549,#2550),(#2551,#2552,#2553),(#2554,#2555,
#2556),(#2557,#2558,#2559),(#2560,#2561,#2562)),.UNSPECIFIED.,.F.,.F.,.F.)
B_SPLINE_SURFACE_WITH_KNOTS((4,1,4),(3,3),(2.49366499671666E-18,0.000924749714674418,
0.00184949942934883),(0.,1.),.UNSPECIFIED.)
GEOMETRIC_REPRESENTATION_ITEM()
RATIONAL_B_SPLINE_SURFACE(((1.,0.924755326447544,1.),(1.,0.924755308687489,
1.),(1.,0.86127174239034,1.),(1.,0.761261310841897,1.),(1.,0.707106781186551,
1.)))
REPRESENTATION_ITEM('')
SURFACE()
);
#35=(
BOUNDED_SURFACE()
B_SPLINE_SURFACE(3,2,((#2566,#2567,#2568),(#2569,#2570,#2571),(#2572,#2573,
#2574),(#2575,#2576,#2577),(#2578,#2579,#2580)),.UNSPECIFIED.,.F.,.F.,.F.)
B_SPLINE_SURFACE_WITH_KNOTS((4,1,4),(3,3),(2.05998412772246E-18,0.000923908016156886,
0.00184781603231377),(0.,1.),.UNSPECIFIED.)
GEOMETRIC_REPRESENTATION_ITEM()
RATIONAL_B_SPLINE_SURFACE(((1.,0.707106781186552,1.),(1.,0.761281474869908,
1.),(1.,0.860633362983298,1.),(1.,0.924755314880595,1.),(1.,0.924755326447545,
1.)))
REPRESENTATION_ITEM('')
SURFACE()
);
#36=(
BOUNDED_SURFACE()
B_SPLINE_SURFACE(3,2,((#2584,#2585,#2586),(#2587,#2588,#2589),(#2590,#2591,
#2592),(#2593,#2594,#2595),(#2596,#2597,#2598)),.UNSPECIFIED.,.F.,.F.,.F.)
B_SPLINE_SURFACE_WITH_KNOTS((4,1,4),(3,3),(-7.42853172817179E-6,0.000806855915935829,
0.00162114036359983),(0.,1.),.UNSPECIFIED.)
GEOMETRIC_REPRESENTATION_ITEM()
RATIONAL_B_SPLINE_SURFACE(((1.,1.,1.),(1.,0.999999997705904,1.),(1.,0.965571126439946,
1.),(1.,0.924755320487505,1.),(1.,0.924755326447545,1.)))
REPRESENTATION_ITEM('')
SURFACE()
);
#37=(
BOUNDED_SURFACE()
B_SPLINE_SURFACE(3,2,((#2599,#2600,#2601),(#2602,#2603,#2604),(#2605,#2606,
#2607),(#2608,#2609,#2610),(#2611,#2612,#2613)),.UNSPECIFIED.,.F.,.F.,.F.)
B_SPLINE_SURFACE_WITH_KNOTS((4,1,4),(3,3),(-7.35882815940533E-6,0.000808747795756766,
0.00162485441967294),(0.,1.),.UNSPECIFIED.)
GEOMETRIC_REPRESENTATION_ITEM()
RATIONAL_B_SPLINE_SURFACE(((1.,1.,1.),(1.,0.999999997638433,1.),(1.,0.964121212454366,
1.),(1.,0.921018919781209,1.),(1.,0.92101892601019,1.)))
REPRESENTATION_ITEM('')
SURFACE()
);
#38=(
BOUNDED_SURFACE()
B_SPLINE_SURFACE(3,2,((#2617,#2618,#2619),(#2620,#2621,#2622),(#2623,#2624,
#2625),(#2626,#2627,#2628),(#2629,#2630,#2631)),.UNSPECIFIED.,.F.,.F.,.F.)
B_SPLINE_SURFACE_WITH_KNOTS((4,1,4),(3,3),(-1.78893358460108E-18,0.000915429506948361,
0.00183085901389672),(0.,1.),.UNSPECIFIED.)
GEOMETRIC_REPRESENTATION_ITEM()
RATIONAL_B_SPLINE_SURFACE(((1.,0.92101892601019,1.),(1.,0.921018909133257,
1.),(1.,0.859347545229851,1.),(1.,0.760345150079921,1.),(1.,0.707106781186547,
1.)))
REPRESENTATION_ITEM('')
SURFACE()
);
#39=(
BOUNDED_SURFACE()
B_SPLINE_SURFACE(3,2,((#2635,#2636,#2637),(#2638,#2639,#2640),(#2641,#2642,
#2643),(#2644,#2645,#2646),(#2647,#2648,#2649)),.UNSPECIFIED.,.F.,.F.,.F.)
B_SPLINE_SURFACE_WITH_KNOTS((4,1,4),(3,3),(-7.26415455565288E-18,0.000914177268712061,
0.00182835453742413),(0.,1.),.UNSPECIFIED.)
GEOMETRIC_REPRESENTATION_ITEM()
RATIONAL_B_SPLINE_SURFACE(((1.,0.707106781186548,1.),(1.,0.760369624768155,
1.),(1.,0.858673746600608,1.),(1.,0.921018915486952,1.),(1.,0.92101892601019,
1.)))
REPRESENTATION_ITEM('')
SURFACE()
);
#40=(
BOUNDED_SURFACE()
B_SPLINE_SURFACE(3,2,((#2653,#2654,#2655),(#2656,#2657,#2658),(#2659,#2660,
#2661),(#2662,#2663,#2664),(#2665,#2666,#2667)),.UNSPECIFIED.,.F.,.F.,.F.)
B_SPLINE_SURFACE_WITH_KNOTS((4,1,4),(3,3),(-7.35882815940533E-6,0.000808747795756756,
0.00162485441967292),(0.,1.),.UNSPECIFIED.)
GEOMETRIC_REPRESENTATION_ITEM()
RATIONAL_B_SPLINE_SURFACE(((1.,1.,1.),(1.,0.999999997638433,1.),(1.,0.964121212454359,
1.),(1.,0.921018919781209,1.),(1.,0.92101892601019,1.)))
REPRESENTATION_ITEM('')
SURFACE()
);
#41=(
BOUNDED_SURFACE()
B_SPLINE_SURFACE(3,2,((#2668,#2669,#2670),(#2671,#2672,#2673),(#2674,#2675,
#2676),(#2677,#2678,#2679),(#2680,#2681,#2682)),.UNSPECIFIED.,.F.,.F.,.F.)
B_SPLINE_SURFACE_WITH_KNOTS((4,1,4),(3,3),(-8.07830014633452E-6,0.000794527561577512,
0.00159713342330136),(0.,1.),.UNSPECIFIED.)
GEOMETRIC_REPRESENTATION_ITEM()
RATIONAL_B_SPLINE_SURFACE(((1.,1.,1.),(1.,0.999999998563999,1.),(1.,0.975869019279053,
1.),(1.,0.94921390575855,1.),(1.,0.949213909916027,1.)))
REPRESENTATION_ITEM('')
SURFACE()
);
#42=(
BOUNDED_SURFACE()
B_SPLINE_SURFACE(3,2,((#2686,#2687,#2688),(#2689,#2690,#2691),(#2692,#2693,
#2694),(#2695,#2696,#2697),(#2698,#2699,#2700),(#2701,#2702,#2703)),
 .UNSPECIFIED.,.F.,.F.,.F.)
B_SPLINE_SURFACE_WITH_KNOTS((4,1,1,4),(3,3),(2.76471553983804E-18,0.000508803089778457,
0.00101760617955691,0.00203521235911382),(0.,1.),.UNSPECIFIED.)
GEOMETRIC_REPRESENTATION_ITEM()
RATIONAL_B_SPLINE_SURFACE(((1.,0.949213909916026,1.),(1.,0.949213896624892,
1.),(1.,0.927969361907683,1.),(1.,0.847133240764489,1.),(1.,0.767257764925727,
1.),(1.,0.707106781186546,1.)))
REPRESENTATION_ITEM('')
SURFACE()
);
#43=(
BOUNDED_SURFACE()
B_SPLINE_SURFACE(3,2,((#2705,#2706,#2707),(#2708,#2709,#2710),(#2711,#2712,
#2713),(#2714,#2715,#2716),(#2717,#2718,#2719),(#2720,#2721,#2722),(#2723,
#2724,#2725),(#2726,#2727,#2728)),.UNSPECIFIED.,.F.,.F.,.F.)
B_SPLINE_SURFACE_WITH_KNOTS((4,1,1,1,1,4),(3,3),(-4.33680868994202E-18,
0.00263800857636783,0.00527601715273566,0.0105520343054713,0.015828051458207,
0.0211040686109427),(0.,1.),.UNSPECIFIED.)
GEOMETRIC_REPRESENTATION_ITEM()
RATIONAL_B_SPLINE_SURFACE(((1.,0.707106781186547,1.),(1.,0.707106781186547,
1.),(1.,0.707106781186548,1.),(1.,0.707106781186547,1.),(1.,0.707106781186548,
1.),(1.,0.707106781186548,1.),(1.,0.707106781186547,1.),(1.,0.707106781186547,
1.)))
REPRESENTATION_ITEM('')
SURFACE()
);
#44=(
BOUNDED_SURFACE()
B_SPLINE_SURFACE(3,2,((#2730,#2731,#2732),(#2733,#2734,#2735),(#2736,#2737,
#2738),(#2739,#2740,#2741),(#2742,#2743,#2744),(#2745,#2746,#2747)),
 .UNSPECIFIED.,.F.,.F.,.F.)
B_SPLINE_SURFACE_WITH_KNOTS((4,1,1,4),(3,3),(-1.75640751942652E-17,0.00101264333244939,
0.0015189649986741,0.0020252866648988),(0.,1.),.UNSPECIFIED.)
GEOMETRIC_REPRESENTATION_ITEM()
RATIONAL_B_SPLINE_SURFACE(((1.,0.707106781186548,1.),(1.,0.767306631977479,
1.),(1.,0.846901466525861,1.),(1.,0.927885393253768,1.),(1.,0.949213899077642,
1.),(1.,0.949213909916011,1.)))
REPRESENTATION_ITEM('')
SURFACE()
);
#45=(
BOUNDED_SURFACE()
B_SPLINE_SURFACE(3,2,((#2751,#2752,#2753),(#2754,#2755,#2756),(#2757,#2758,
#2759),(#2760,#2761,#2762),(#2763,#2764,#2765)),.UNSPECIFIED.,.F.,.F.,.F.)
B_SPLINE_SURFACE_WITH_KNOTS((4,1,4),(3,3),(-8.07830014629E-6,0.000794527561577546,
0.00159713342330138),(0.,1.),.UNSPECIFIED.)
GEOMETRIC_REPRESENTATION_ITEM()
RATIONAL_B_SPLINE_SURFACE(((1.,1.,1.),(1.,0.999999998564014,1.),(1.,0.975869019279675,
1.),(1.,0.94921390575729,1.),(1.,0.949213909916029,1.)))
REPRESENTATION_ITEM('')
SURFACE()
);
#46=(
BOUNDED_SURFACE()
B_SPLINE_SURFACE(3,2,((#2995,#2996,#2997),(#2998,#2999,#3000),(#3001,#3002,
#3003),(#3004,#3005,#3006),(#3007,#3008,#3009),(#3010,#3011,#3012),(#3013,
#3014,#3015),(#3016,#3017,#3018),(#3019,#3020,#3021),(#3022,#3023,#3024),
(#3025,#3026,#3027),(#3028,#3029,#3030),(#3031,#3032,#3033),(#3034,#3035,
#3036),(#3037,#3038,#3039),(#3040,#3041,#3042),(#3043,#3044,#3045),(#3046,
#3047,#3048),(#3049,#3050,#3051),(#3052,#3053,#3054),(#3055,#3056,#3057),
(#3058,#3059,#3060),(#3061,#3062,#3063),(#3064,#3065,#3066),(#3067,#3068,
#3069),(#3070,#3071,#3072),(#3073,#3074,#3075),(#3076,#3077,#3078),(#3079,
#3080,#3081),(#3082,#3083,#3084)),.UNSPECIFIED.,.T.,.F.,.F.)
B_SPLINE_SURFACE_WITH_KNOTS((1,3,1,1,1,1,1,1,1,1,1,1,1,1,1,1,1,1,1,1,1,
1,1,1,1,1,1,1,3,1),(3,3),(-0.0027411390162756,0.,0.00274113901627559,0.00548227803255119,
0.00822341704882678,0.0109645560651024,0.013705695081378,0.0164468340976536,
0.0191879731139292,0.0219291121302047,0.0246702511464803,0.0274113901627559,
0.0301525291790315,0.0328936681953071,0.0383759462278583,0.0411170852441339,
0.0438582242604095,0.0465993632766851,0.0493405022929607,0.0520816413092363,
0.0548227803255119,0.0575639193417875,0.060305058358063,0.0657873363906142,
0.0712696144231654,0.0767518924557166,0.0822341704882678,0.0849753095045434,
0.087716448520819,0.0904575875370946),(0.,1.),.UNSPECIFIED.)
GEOMETRIC_REPRESENTATION_ITEM()
RATIONAL_B_SPLINE_SURFACE(((1.,0.707106781186547,1.),(1.,0.707106781186547,
1.),(1.,0.707106781186548,1.),(1.,0.707106781186547,1.),(1.,0.707106781186548,
1.),(1.,0.707106781186547,1.),(1.,0.707106781186547,1.),(1.,0.707106781186548,
1.),(1.,0.707106781186547,1.),(1.,0.707106781186548,1.),(1.,0.707106781186547,
1.),(1.,0.707106781186547,1.),(1.,0.707106781186548,1.),(1.,0.707106781186548,
1.),(1.,0.707106781186545,1.),(1.,0.70710678118655,1.),(1.,0.707106781186547,
1.),(1.,0.707106781186548,1.),(1.,0.707106781186545,1.),(1.,0.707106781186548,
1.),(1.,0.707106781186547,1.),(1.,0.707106781186547,1.),(1.,0.707106781186548,
1.),(1.,0.707106781186548,1.),(1.,0.707106781186545,1.),(1.,0.707106781186549,
1.),(1.,0.707106781186546,1.),(1.,0.707106781186548,1.),(1.,0.707106781186548,
1.),(1.,0.707106781186547,1.)))
REPRESENTATION_ITEM('')
SURFACE()
);
#47=(
BOUNDED_SURFACE()
B_SPLINE_SURFACE(3,2,((#3089,#3090,#3091),(#3092,#3093,#3094),(#3095,#3096,
#3097),(#3098,#3099,#3100),(#3101,#3102,#3103),(#3104,#3105,#3106),(#3107,
#3108,#3109),(#3110,#3111,#3112),(#3113,#3114,#3115),(#3116,#3117,#3118),
(#3119,#3120,#3121),(#3122,#3123,#3124),(#3125,#3126,#3127),(#3128,#3129,
#3130),(#3131,#3132,#3133),(#3134,#3135,#3136),(#3137,#3138,#3139),(#3140,
#3141,#3142),(#3143,#3144,#3145),(#3146,#3147,#3148),(#3149,#3150,#3151),
(#3152,#3153,#3154),(#3155,#3156,#3157),(#3158,#3159,#3160),(#3161,#3162,
#3163),(#3164,#3165,#3166),(#3167,#3168,#3169),(#3170,#3171,#3172),(#3173,
#3174,#3175)),.UNSPECIFIED.,.T.,.F.,.F.)
B_SPLINE_SURFACE_WITH_KNOTS((1,3,1,1,1,1,1,1,1,1,1,1,1,1,1,1,1,1,1,1,1,
1,1,1,1,1,1,3,1),(3,3),(-0.00272875047688365,0.,0.00272875047688364,0.00545750095376729,
0.00818625143065093,0.0109150019075346,0.0136437523844182,0.0163725028613019,
0.0218300038150692,0.0272875047688364,0.0300162552457201,0.0327450057226037,
0.038202506676371,0.0409312571532547,0.0436600076301383,0.0463887581070219,
0.0491175085839056,0.0518462590607892,0.0545750095376729,0.0600325104914402,
0.0654900114452075,0.0682187619220911,0.0709475123989747,0.076405013352742,
0.0791337638296257,0.0818625143065093,0.084591264783393,0.0873200152602766,
0.0900487657371603),(0.,1.),.UNSPECIFIED.)
GEOMETRIC_REPRESENTATION_ITEM()
RATIONAL_B_SPLINE_SURFACE(((1.,0.707106781186547,1.),(1.,0.707106781186547,
1.),(1.,0.707106781186548,1.),(1.,0.707106781186548,1.),(1.,0.707106781186548,
1.),(1.,0.707106781186547,1.),(1.,0.707106781186548,1.),(1.,0.707106781186547,
1.),(1.,0.70710678118655,1.),(1.,0.707106781186547,1.),(1.,0.707106781186547,
1.),(1.,0.707106781186548,1.),(1.,0.707106781186546,1.),(1.,0.707106781186548,
1.),(1.,0.707106781186547,1.),(1.,0.707106781186548,1.),(1.,0.707106781186548,
1.),(1.,0.707106781186548,1.),(1.,0.707106781186548,1.),(1.,0.707106781186548,
1.),(1.,0.707106781186547,1.),(1.,0.707106781186549,1.),(1.,0.707106781186547,
1.),(1.,0.707106781186548,1.),(1.,0.707106781186548,1.),(1.,0.707106781186548,
1.),(1.,0.707106781186548,1.),(1.,0.707106781186548,1.),(1.,0.707106781186547,
1.)))
REPRESENTATION_ITEM('')
SURFACE()
);
#48=PLANE('',#1414);
#49=PLANE('',#1415);
#50=PLANE('',#1417);
#51=PLANE('',#1419);
#52=PLANE('',#1420);
#53=PLANE('',#1421);
#54=PLANE('',#1423);
#55=PLANE('',#1424);
#56=PLANE('',#1425);
#57=PLANE('',#1426);
#58=PLANE('',#1486);
#59=PLANE('',#1487);
#60=PLANE('',#1488);
#61=PLANE('',#1491);
#62=PLANE('',#1492);
#63=PLANE('',#1493);
#64=PLANE('',#1494);
#65=PLANE('',#1508);
#66=PLANE('',#1509);
#67=PLANE('',#1510);
#68=PLANE('',#1511);
#69=PLANE('',#1512);
#70=PLANE('',#1513);
#71=PLANE('',#1514);
#72=PLANE('',#1518);
#73=PLANE('',#1520);
#74=PLANE('',#1526);
#75=PLANE('',#1528);
#76=PLANE('',#1530);
#77=PLANE('',#1531);
#78=PLANE('',#1532);
#79=PLANE('',#1541);
#80=PLANE('',#1542);
#81=PLANE('',#1543);
#82=PLANE('',#1544);
#83=PLANE('',#1545);
#84=PLANE('',#1546);
#85=B_SPLINE_SURFACE_WITH_KNOTS('',3,1,((#1958,#1959),(#1960,#1961),(#1962,
#1963),(#1964,#1965),(#1966,#1967),(#1968,#1969),(#1970,#1971),(#1972,#1973),
(#1974,#1975),(#1976,#1977),(#1978,#1979),(#1980,#1981),(#1982,#1983),(#1984,
#1985),(#1986,#1987),(#1988,#1989),(#1990,#1991),(#1992,#1993),(#1994,#1995)),
 .SURF_OF_LINEAR_EXTRUSION.,.T.,.F.,.F.,(1,1,1,1,1,1,1,1,1,1,1,1,1,1,1,
1,1,1,1,1,1,1,1),(2,2),(-1.17809724509617,-0.785398163397448,-0.392699081698725,
0.,0.392699081698724,0.785398163397448,1.17809724509617,1.5707963267949,
1.96349540849362,2.35619449019234,2.74889357189107,3.14159265358979,3.53429173528852,
3.92699081698724,4.31968989868597,4.71238898038469,5.10508806208341,5.49778714378214,
5.89048622548086,6.28318530717959,6.67588438887831,7.06858347057703,7.46128255227576),
(0.,1.),.UNSPECIFIED.);
#86=B_SPLINE_SURFACE_WITH_KNOTS('',3,1,((#2824,#2825),(#2826,#2827),(#2828,
#2829),(#2830,#2831),(#2832,#2833),(#2834,#2835),(#2836,#2837),(#2838,#2839),
(#2840,#2841),(#2842,#2843),(#2844,#2845),(#2846,#2847),(#2848,#2849),(#2850,
#2851),(#2852,#2853),(#2854,#2855),(#2856,#2857),(#2858,#2859),(#2860,#2861)),
 .SURF_OF_LINEAR_EXTRUSION.,.T.,.F.,.F.,(1,1,1,1,1,1,1,1,1,1,1,1,1,1,1,
1,1,1,1,1,1,1,1),(2,2),(-1.17809724509617,-0.785398163397448,-0.392699081698725,
0.,0.392699081698724,0.785398163397448,1.17809724509617,1.5707963267949,
1.96349540849362,2.35619449019234,2.74889357189107,3.14159265358979,3.53429173528852,
3.92699081698724,4.31968989868597,4.71238898038469,5.10508806208341,5.49778714378214,
5.89048622548086,6.28318530717959,6.67588438887831,7.06858347057703,7.46128255227576),
(0.,1.),.UNSPECIFIED.);
#87=LINE('',#1925,#174);
#88=LINE('',#1929,#175);
#89=LINE('',#1945,#176);
#90=LINE('',#1949,#177);
#91=LINE('',#2035,#178);
#92=LINE('',#2061,#179);
#93=LINE('',#2079,#180);
#94=LINE('',#2082,#181);
#95=LINE('',#2084,#182);
#96=LINE('',#2086,#183);
#97=LINE('',#2091,#184);
#98=LINE('',#2096,#185);
#99=LINE('',#2098,#186);
#100=LINE('',#2100,#187);
#101=LINE('',#2103,#188);
#102=LINE('',#2105,#189);
#103=LINE('',#2107,#190);
#104=LINE('',#2109,#191);
#105=LINE('',#2112,#192);
#106=LINE('',#2114,#193);
#107=LINE('',#2116,#194);
#108=LINE('',#2118,#195);
#109=LINE('',#2130,#196);
#110=LINE('',#2134,#197);
#111=LINE('',#2137,#198);
#112=LINE('',#2139,#199);
#113=LINE('',#2141,#200);
#114=LINE('',#2143,#201);
#115=LINE('',#2146,#202);
#116=LINE('',#2148,#203);
#117=LINE('',#2150,#204);
#118=LINE('',#2184,#205);
#119=LINE('',#2213,#206);
#120=LINE('',#2217,#207);
#121=LINE('',#2219,#208);
#122=LINE('',#2221,#209);
#123=LINE('',#2767,#210);
#124=LINE('',#2770,#211);
#125=LINE('',#2772,#212);
#126=LINE('',#2774,#213);
#127=LINE('',#2776,#214);
#128=LINE('',#2779,#215);
#129=LINE('',#2781,#216);
#130=LINE('',#2783,#217);
#131=LINE('',#2787,#218);
#132=LINE('',#2802,#219);
#133=LINE('',#2805,#220);
#134=LINE('',#2817,#221);
#135=LINE('',#2819,#222);
#136=LINE('',#2821,#223);
#137=LINE('',#2823,#224);
#138=LINE('',#3186,#225);
#139=LINE('',#3189,#226);
#140=LINE('',#3191,#227);
#141=LINE('',#3193,#228);
#142=LINE('',#3195,#229);
#143=LINE('',#3197,#230);
#144=LINE('',#3199,#231);
#145=LINE('',#3201,#232);
#146=LINE('',#3203,#233);
#147=LINE('',#3205,#234);
#148=LINE('',#3207,#235);
#149=LINE('',#3208,#236);
#150=LINE('',#3217,#237);
#151=LINE('',#3224,#238);
#152=LINE('',#3226,#239);
#153=LINE('',#3228,#240);
#154=LINE('',#3230,#241);
#155=LINE('',#3236,#242);
#156=LINE('',#3247,#243);
#157=LINE('',#3251,#244);
#158=LINE('',#3267,#245);
#159=LINE('',#3275,#246);
#160=LINE('',#3277,#247);
#161=LINE('',#3279,#248);
#162=LINE('',#3289,#249);
#163=LINE('',#3292,#250);
#164=LINE('',#3294,#251);
#165=LINE('',#3296,#252);
#166=LINE('',#3298,#253);
#167=LINE('',#3300,#254);
#168=LINE('',#3302,#255);
#169=LINE('',#3304,#256);
#170=LINE('',#3306,#257);
#171=LINE('',#3308,#258);
#172=LINE('',#3310,#259);
#173=LINE('',#3311,#260);
#174=VECTOR('',#1553,1.);
#175=VECTOR('',#1556,1.);
#176=VECTOR('',#1559,1.);
#177=VECTOR('',#1562,1.);
#178=VECTOR('',#1565,1.);
#179=VECTOR('',#1566,1.);
#180=VECTOR('',#1569,1.);
#181=VECTOR('',#1570,1.);
#182=VECTOR('',#1571,1.);
#183=VECTOR('',#1572,1.);
#184=VECTOR('',#1579,1.);
#185=VECTOR('',#1582,1.);
#186=VECTOR('',#1583,1.);
#187=VECTOR('',#1586,1.);
#188=VECTOR('',#1587,1.);
#189=VECTOR('',#1588,1.);
#190=VECTOR('',#1589,1.);
#191=VECTOR('',#1592,1.);
#192=VECTOR('',#1593,1.);
#193=VECTOR('',#1594,1.);
#194=VECTOR('',#1595,1.);
#195=VECTOR('',#1598,1.);
#196=VECTOR('',#1599,1.);
#197=VECTOR('',#1604,1.);
#198=VECTOR('',#1605,1.);
#199=VECTOR('',#1606,1.);
#200=VECTOR('',#1607,1.);
#201=VECTOR('',#1610,1.);
#202=VECTOR('',#1611,1.);
#203=VECTOR('',#1612,1.);
#204=VECTOR('',#1613,1.);
#205=VECTOR('',#1618,1.);
#206=VECTOR('',#1619,1.);
#207=VECTOR('',#1622,1.);
#208=VECTOR('',#1623,1.);
#209=VECTOR('',#1624,1.);
#210=VECTOR('',#1743,1.);
#211=VECTOR('',#1744,1.);
#212=VECTOR('',#1745,1.);
#213=VECTOR('',#1746,1.);
#214=VECTOR('',#1749,1.);
#215=VECTOR('',#1750,1.);
#216=VECTOR('',#1751,1.);
#217=VECTOR('',#1752,1.);
#218=VECTOR('',#1757,1.);
#219=VECTOR('',#1762,1.);
#220=VECTOR('',#1763,1.);
#221=VECTOR('',#1764,1.);
#222=VECTOR('',#1767,1.);
#223=VECTOR('',#1768,1.);
#224=VECTOR('',#1769,1.);
#225=VECTOR('',#1802,1.);
#226=VECTOR('',#1803,1.);
#227=VECTOR('',#1804,1.);
#228=VECTOR('',#1805,1.);
#229=VECTOR('',#1808,1.);
#230=VECTOR('',#1809,1.);
#231=VECTOR('',#1810,1.);
#232=VECTOR('',#1813,1.);
#233=VECTOR('',#1814,1.);
#234=VECTOR('',#1815,1.);
#235=VECTOR('',#1818,1.);
#236=VECTOR('',#1819,1.);
#237=VECTOR('',#1830,1.);
#238=VECTOR('',#1837,1.);
#239=VECTOR('',#1840,1.);
#240=VECTOR('',#1841,1.);
#241=VECTOR('',#1842,1.);
#242=VECTOR('',#1849,1.);
#243=VECTOR('',#1850,1.);
#244=VECTOR('',#1853,1.);
#245=VECTOR('',#1856,1.);
#246=VECTOR('',#1867,1.);
#247=VECTOR('',#1870,1.);
#248=VECTOR('',#1873,1.);
#249=VECTOR('',#1892,1.);
#250=VECTOR('',#1893,1.);
#251=VECTOR('',#1894,1.);
#252=VECTOR('',#1895,1.);
#253=VECTOR('',#1898,1.);
#254=VECTOR('',#1899,1.);
#255=VECTOR('',#1900,1.);
#256=VECTOR('',#1903,1.);
#257=VECTOR('',#1904,1.);
#258=VECTOR('',#1905,1.);
#259=VECTOR('',#1908,1.);
#260=VECTOR('',#1909,1.);
#261=B_SPLINE_CURVE_WITH_KNOTS('',3,(#1918,#1919,#1920,#1921,#1922),
 .UNSPECIFIED.,.F.,.F.,(4,1,4),(0.,0.000894803730303106,0.00178960746060621),
 .UNSPECIFIED.);
#262=B_SPLINE_CURVE_WITH_KNOTS('',3,(#1931,#1932,#1933,#1934,#1935),
 .UNSPECIFIED.,.F.,.F.,(4,1,4),(0.,0.000905756710275709,0.00181151342055142),
 .UNSPECIFIED.);
#263=B_SPLINE_CURVE_WITH_KNOTS('',3,(#1939,#1940,#1941,#1942,#1943),
 .UNSPECIFIED.,.F.,.F.,(4,1,4),(0.,0.000903905538808667,0.00180781107761733),
 .UNSPECIFIED.);
#264=B_SPLINE_CURVE_WITH_KNOTS('',3,(#1951,#1952,#1953,#1954,#1955),
 .UNSPECIFIED.,.F.,.F.,(4,1,4),(0.,0.000896809901180497,0.00179361980236099),
 .UNSPECIFIED.);
#265=B_SPLINE_CURVE_WITH_KNOTS('',3,(#1996,#1997,#1998,#1999,#2000,#2001,
#2002,#2003,#2004,#2005,#2006,#2007,#2008,#2009,#2010,#2011,#2012,#2013,
#2014,#2015,#2016,#2017,#2018,#2019,#2020,#2021,#2022,#2023,#2024,#2025),
 .UNSPECIFIED.,.T.,.F.,(1,1,1,1,1,1,1,1,1,1,1,1,1,1,1,1,1,1,1,1,1,1,1,1,
1,1,1,1,1,1,1,1,1,1),(-0.0130799459723196,-0.00653997298615981,-0.0032699864930799,
0.,0.00326998649307991,0.00653997298615982,0.00980995947923972,0.0130799459723196,
0.0163499324653995,0.0196199189584794,0.0228899054515594,0.0261598919446393,
0.0326998649307991,0.035969851423879,0.0392398379169589,0.0425098244100388,
0.0457798109031187,0.0490497973961986,0.0523197838892785,0.0555897703823584,
0.0588597568754383,0.0653997298615982,0.071939702847758,0.0784796758339178,
0.0817496623269977,0.0850196488200776,0.0882896353131575,0.0915596218062374,
0.0980995947923972,0.101369581285477,0.104639567778557,0.107909554271637,
0.111179540764717,0.114449527257797),.UNSPECIFIED.);
#266=B_SPLINE_CURVE_WITH_KNOTS('',3,(#2027,#2028,#2029,#2030,#2031,#2032),
 .UNSPECIFIED.,.F.,.F.,(4,1,1,4),(0.,0.000992354862814816,0.00148853229422222,
0.00198470972562963),.UNSPECIFIED.);
#267=B_SPLINE_CURVE_WITH_KNOTS('',3,(#2037,#2038,#2039,#2040,#2041,#2042,
#2043,#2044,#2045,#2046,#2047,#2048,#2049,#2050,#2051,#2052,#2053,#2054,
#2055,#2056,#2057,#2058,#2059),.UNSPECIFIED.,.F.,.F.,(4,1,1,1,1,1,1,1,1,
1,1,1,1,1,1,1,1,1,1,1,4),(0.000164329313017223,0.00519797132887989,0.00771479233681122,
0.0102316133447426,0.0152652553606052,0.0202988973764679,0.0253325393923305,
0.0278493604002619,0.0303661814081932,0.0353998234240559,0.0379166444319872,
0.0404334654399185,0.0454671074557812,0.0505007494716439,0.0555343914875065,
0.0605680335033692,0.0656016755192319,0.0706353175350945,0.0731521385430259,
0.0756689595509572,0.0807026015668199),.UNSPECIFIED.);
#268=B_SPLINE_CURVE_WITH_KNOTS('',3,(#2063,#2064,#2065,#2066,#2067,#2068),
 .UNSPECIFIED.,.F.,.F.,(4,1,1,4),(0.,0.000499147798058954,0.000998295596117908,
0.00199659119223582),.UNSPECIFIED.);
#269=B_SPLINE_CURVE_WITH_KNOTS('',3,(#2070,#2071,#2072,#2073,#2074,#2075,
#2076,#2077),.UNSPECIFIED.,.F.,.F.,(4,1,1,1,1,4),(0.,0.00253394271511656,
0.00506788543023311,0.0101357708604662,0.0152036562906993,0.0202715417209325),
 .UNSPECIFIED.);
#270=B_SPLINE_CURVE_WITH_KNOTS('',3,(#2121,#2122,#2123,#2124,#2125,#2126,
#2127,#2128),.UNSPECIFIED.,.F.,.F.,(4,1,1,1,1,4),(0.,0.00535803973988619,
0.0107160794797724,0.0160741192196586,0.0187531390896017,0.0214321589595447),
 .UNSPECIFIED.);
#271=B_SPLINE_CURVE_WITH_KNOTS('',3,(#2152,#2153,#2154,#2155,#2156,#2157,
#2158,#2159,#2160,#2161,#2162,#2163,#2164,#2165,#2166,#2167,#2168,#2169,
#2170,#2171,#2172,#2173,#2174,#2175,#2176,#2177,#2178,#2179,#2180,#2181),
 .UNSPECIFIED.,.T.,.F.,(1,1,1,1,1,1,1,1,1,1,1,1,1,1,1,1,1,1,1,1,1,1,1,1,
1,1,1,1,1,1,1,1,1,1),(-0.00947505773287838,-0.00631670515525225,-0.00315835257762613,
1.06760095241462E-19,0.00315835257762613,0.00631670515525226,0.0126334103105045,
0.0157917628881306,0.0189501154657568,0.0221084680433829,0.025266820621009,
0.0315835257762613,0.0379002309315135,0.0442169360867658,0.0473752886643919,
0.0505336412420181,0.0536919938196442,0.0568503463972703,0.0600086989748964,
0.0631670515525226,0.0663254041301487,0.0694837567077748,0.0758004618630271,
0.0789588144406532,0.0821171670182793,0.0852755195959055,0.0884338721735316,
0.0915922247511577,0.0947505773287839,0.09790892990641,0.101067282484036,
0.104225635061662,0.107383987639288,0.113700692794541),.UNSPECIFIED.);
#272=B_SPLINE_CURVE_WITH_KNOTS('',3,(#2187,#2188,#2189,#2190,#2191,#2192,
#2193,#2194,#2195,#2196,#2197,#2198,#2199,#2200,#2201,#2202,#2203,#2204,
#2205,#2206,#2207,#2208,#2209,#2210,#2211),.UNSPECIFIED.,.F.,.F.,(4,1,1,
1,1,1,1,1,1,1,1,1,1,1,1,1,1,1,1,1,1,1,4),(-0.000836375006149814,0.00407156570899574,
0.00652553606656851,0.00897950642414129,0.0114334767817141,0.0138874471392868,
0.0187953878544324,0.0212493582120052,0.0237033285695779,0.0286112692847235,
0.0310652396422963,0.033519209999869,0.0384271507150146,0.0408811210725874,
0.0433350914301601,0.0482430321453057,0.0506970025028785,0.0531509728604513,
0.0580589135755968,0.0629668542907424,0.0678747950058879,0.0727827357210335,
0.077690676436179),.UNSPECIFIED.);
#273=B_SPLINE_CURVE_WITH_KNOTS('',3,(#2302,#2303,#2304,#2305,#2306),
 .UNSPECIFIED.,.F.,.F.,(4,1,4),(5.90061033079422E-17,0.000437996822569655,
0.00087599364513925),.UNSPECIFIED.);
#274=B_SPLINE_CURVE_WITH_KNOTS('',3,(#2307,#2308,#2309,#2310,#2311),
 .UNSPECIFIED.,.F.,.F.,(4,1,4),(1.73472347597681E-18,0.000437996822569639,
0.000875993645139276),.UNSPECIFIED.);
#275=B_SPLINE_CURVE_WITH_KNOTS('',3,(#2313,#2314,#2315,#2316,#2317),
 .UNSPECIFIED.,.F.,.F.,(4,1,4),(0.,0.000439024492818168,0.000878048985636335),
 .UNSPECIFIED.);
#276=B_SPLINE_CURVE_WITH_KNOTS('',3,(#2318,#2319,#2320,#2321,#2322),
 .UNSPECIFIED.,.F.,.F.,(4,1,4),(0.,0.00046002122199515,0.000920042443990301),
 .UNSPECIFIED.);
#277=B_SPLINE_CURVE_WITH_KNOTS('',3,(#2324,#2325,#2326,#2327,#2328),
 .UNSPECIFIED.,.F.,.F.,(4,1,4),(0.,0.000461419816819408,0.000922839633638815),
 .UNSPECIFIED.);
#278=B_SPLINE_CURVE_WITH_KNOTS('',3,(#2329,#2330,#2331,#2332,#2333),
 .UNSPECIFIED.,.F.,.F.,(4,1,4),(0.,0.000458238491429254,0.000916476982858507),
 .UNSPECIFIED.);
#279=B_SPLINE_CURVE_WITH_KNOTS('',3,(#2335,#2336,#2337,#2338,#2339),
 .UNSPECIFIED.,.F.,.F.,(4,1,4),(0.,0.000463287405274807,0.000926574810549615),
 .UNSPECIFIED.);
#280=B_SPLINE_CURVE_WITH_KNOTS('',3,(#2345,#2346,#2347,#2348,#2349),
 .UNSPECIFIED.,.F.,.F.,(4,1,4),(0.,0.000463287405274797,0.000926574810549594),
 .UNSPECIFIED.);
#281=B_SPLINE_CURVE_WITH_KNOTS('',3,(#2352,#2353,#2354,#2355,#2356),
 .UNSPECIFIED.,.F.,.F.,(4,1,4),(0.,0.000461419816819398,0.000922839633638796),
 .UNSPECIFIED.);
#282=B_SPLINE_CURVE_WITH_KNOTS('',3,(#2357,#2358,#2359,#2360,#2361),
 .UNSPECIFIED.,.F.,.F.,(4,1,4),(0.,0.000458238491429241,0.000916476982858482),
 .UNSPECIFIED.);
#283=B_SPLINE_CURVE_WITH_KNOTS('',3,(#2363,#2364,#2365,#2366,#2367),
 .UNSPECIFIED.,.F.,.F.,(4,1,4),(0.,0.000439024492818177,0.000878048985636354),
 .UNSPECIFIED.);
#284=B_SPLINE_CURVE_WITH_KNOTS('',3,(#2368,#2369,#2370,#2371,#2372),
 .UNSPECIFIED.,.F.,.F.,(4,1,4),(0.,0.000460021221995144,0.000920042443990288),
 .UNSPECIFIED.);
#285=B_SPLINE_CURVE_WITH_KNOTS('',3,(#2473,#2474,#2475,#2476,#2477,#2478,
#2479),.UNSPECIFIED.,.F.,.F.,(4,1,1,1,4),(0.,0.000373758122716408,0.000747516245432816,
0.00112127436814922,0.00149503249086563),.UNSPECIFIED.);
#286=B_SPLINE_CURVE_WITH_KNOTS('',3,(#2480,#2481,#2482,#2483,#2484,#2485),
 .UNSPECIFIED.,.F.,.F.,(4,1,1,4),(0.,0.000311982605799838,0.000623965211599676,
0.00124793042319935),.UNSPECIFIED.);
#287=B_SPLINE_CURVE_WITH_KNOTS('',3,(#2487,#2488,#2489,#2490,#2491,#2492,
#2493),.UNSPECIFIED.,.F.,.F.,(4,1,1,1,4),(0.,0.000376147855332512,0.000752295710665024,
0.00112844356599754,0.00150459142133005),.UNSPECIFIED.);
#288=B_SPLINE_CURVE_WITH_KNOTS('',3,(#2494,#2495,#2496,#2497,#2498,#2499),
 .UNSPECIFIED.,.F.,.F.,(4,1,1,4),(0.,0.000622616513454603,0.000933924770181905,
0.00124523302690921),.UNSPECIFIED.);
#289=B_SPLINE_CURVE_WITH_KNOTS('',3,(#2502,#2503,#2504,#2505,#2506,#2507),
 .UNSPECIFIED.,.F.,.F.,(4,1,1,4),(0.,0.000305866227957549,0.000611732455915098,
0.0012234649118302),.UNSPECIFIED.);
#290=B_SPLINE_CURVE_WITH_KNOTS('',3,(#2510,#2511,#2512,#2513,#2514,#2515),
 .UNSPECIFIED.,.F.,.F.,(4,1,1,4),(0.,0.000609459972827807,0.000914189959241711,
0.00121891994565561),.UNSPECIFIED.);
#291=B_SPLINE_CURVE_WITH_KNOTS('',3,(#2790,#2791,#2792,#2793,#2794,#2795,
#2796,#2797,#2798,#2799,#2800),.UNSPECIFIED.,.F.,.F.,(4,1,1,1,1,1,1,1,4),
(0.,0.00319530073469497,0.00639060146938995,0.00958590220408492,0.0127812029387799,
0.0159765036734749,0.0191718044081698,0.0223671051428648,0.0255624058775598),
 .UNSPECIFIED.);
#292=B_SPLINE_CURVE_WITH_KNOTS('',3,(#2807,#2808,#2809,#2810,#2811,#2812,
#2813,#2814,#2815),.UNSPECIFIED.,.F.,.F.,(4,1,1,1,1,1,4),(0.00104690125601622,
0.00691338366658293,0.00984662487186629,0.0127798660771496,0.015713107282433,
0.0186463484877164,0.0245128308982831),.UNSPECIFIED.);
#293=B_SPLINE_CURVE_WITH_KNOTS('',3,(#2862,#2863,#2864,#2865,#2866,#2867,
#2868,#2869,#2870,#2871,#2872,#2873,#2874,#2875,#2876,#2877,#2878,#2879,
#2880,#2881,#2882,#2883,#2884,#2885,#2886,#2887),.UNSPECIFIED.,.T.,.F.,
(1,1,1,1,1,1,1,1,1,1,1,1,1,1,1,1,1,1,1,1,1,1,1,1,1,1,1,1,1,1),(-0.0115294675322842,
-0.00576473376614207,-0.00288236688307104,0.,0.00288236688307104,0.00576473376614208,
0.0115294675322842,0.0172942012984262,0.0230589350645683,0.0259413019476393,
0.0288236688307104,0.0345884025968525,0.0403531363629945,0.0432355032460656,
0.0461178701291366,0.0490002370122077,0.0518826038952787,0.0576473376614208,
0.0634120714275628,0.0662944383106339,0.0691768051937049,0.074941538959847,
0.077823905842918,0.0807062727259891,0.0864710064921312,0.0893533733752022,
0.0922357402582732,0.0951181071413443,0.0980004740244153,0.103765207790557),
 .UNSPECIFIED.);
#294=B_SPLINE_CURVE_WITH_KNOTS('',3,(#2889,#2890,#2891,#2892,#2893,#2894,
#2895,#2896,#2897,#2898,#2899,#2900,#2901,#2902,#2903,#2904,#2905,#2906,
#2907,#2908,#2909,#2910,#2911,#2912,#2913,#2914,#2915,#2916,#2917,#2918,
#2919),.UNSPECIFIED.,.T.,.F.,(1,1,1,1,1,1,1,1,1,1,1,1,1,1,1,1,1,1,1,1,1,
1,1,1,1,1,1,1,1,1,1,1,1,1,1),(-0.00858622913941834,-0.00572415275961223,
-0.00286207637980611,0.,0.00286207637980611,0.00572415275961222,0.00858622913941833,
0.0114483055192244,0.0171724582788367,0.0200345346586428,0.0228966110384489,
0.0286207637980611,0.0314828401778672,0.0343449165576733,0.0400690693172856,
0.0429311456970917,0.0457932220768978,0.0486552984567039,0.05151737483651,
0.0543794512163161,0.0572415275961222,0.0601036039759283,0.0629656803557344,
0.0658277567355406,0.0686898331153467,0.0744139858749589,0.077276062254765,
0.0801381386345711,0.0830002150143772,0.0858622913941833,0.0887243677739895,
0.0915864441537956,0.0944485205336017,0.0973105969134078,0.100172673293214),
 .UNSPECIFIED.);
#295=B_SPLINE_CURVE_WITH_KNOTS('',3,(#2921,#2922,#2923,#2924,#2925,#2926),
 .UNSPECIFIED.,.F.,.F.,(4,1,1,4),(0.,0.000313930755600428,0.000627861511200857,
0.00125572302240171),.UNSPECIFIED.);
#296=B_SPLINE_CURVE_WITH_KNOTS('',3,(#2927,#2928,#2929,#2930,#2931,#2932),
 .UNSPECIFIED.,.F.,.F.,(4,1,1,4),(0.,0.000618822521516293,0.00092823378227444,
0.00123764504303259),.UNSPECIFIED.);
#297=B_SPLINE_CURVE_WITH_KNOTS('',3,(#2934,#2935,#2936,#2937,#2938,#2939,
#2940,#2941,#2942,#2943,#2944,#2945,#2946,#2947,#2948,#2949,#2950,#2951,
#2952,#2953,#2954,#2955,#2956,#2957,#2958,#2959,#2960,#2961,#2962,#2963,
#2964),.UNSPECIFIED.,.T.,.F.,(1,1,1,1,1,1,1,1,1,1,1,1,1,1,1,1,1,1,1,1,1,
1,1,1,1,1,1,1,1,1,1,1,1,1,1),(-0.00835122430089619,-0.00556748286726413,
-0.00278374143363207,8.55194437912338E-20,0.00278374143363206,0.00556748286726413,
0.00835122430089619,0.0111349657345283,0.0139187071681603,0.0167024486017924,
0.0222699314690565,0.0250536729026886,0.0278374143363206,0.0306211557699527,
0.0334048972035848,0.0361886386372168,0.0389723800708489,0.041756121504481,
0.044539862938113,0.0473236043717451,0.0501073458053771,0.0556748286726413,
0.0584585701062733,0.0612423115399054,0.0668097944071695,0.0695935358408016,
0.0723772772744337,0.0779447601416978,0.0807285015753298,0.0835122430089619,
0.086295984442594,0.089079725876226,0.0918634673098581,0.0946472087434902,
0.0974309501771222),.UNSPECIFIED.);
#298=B_SPLINE_CURVE_WITH_KNOTS('',3,(#2967,#2968,#2969,#2970,#2971,#2972,
#2973,#2974,#2975,#2976,#2977,#2978,#2979,#2980,#2981,#2982,#2983,#2984,
#2985,#2986,#2987,#2988,#2989,#2990,#2991,#2992,#2993),.UNSPECIFIED.,.T.,
 .F.,(1,1,1,1,1,1,1,1,1,1,1,1,1,1,1,1,1,1,1,1,1,1,1,1,1,1,1,1,1,1,1),(-0.0109790907142758,
-0.00548954535713793,-0.00274477267856897,1.00943102125884E-20,0.00274477267856896,
0.00548954535713792,0.0109790907142758,0.0137238633928448,0.0164686360714138,
0.0219581814285517,0.0247029541071206,0.0274477267856896,0.0329372721428275,
0.0384268174999654,0.0411715901785344,0.0439163628571034,0.0466611355356723,
0.0494059082142413,0.0521506808928102,0.0548954535713792,0.0603849989285171,
0.0631297716070861,0.065874544285655,0.0713640896427929,0.0768536349999309,
0.0823431803570688,0.0850879530356377,0.0878327257142067,0.0905774983927757,
0.0933222710713446,0.0988118164284826),.UNSPECIFIED.);
#299=B_SPLINE_CURVE_WITH_KNOTS('',3,(#3238,#3239,#3240,#3241),
 .UNSPECIFIED.,.F.,.F.,(4,4),(0.,0.000293966193919868),.UNSPECIFIED.);
#300=B_SPLINE_CURVE_WITH_KNOTS('',3,(#3242,#3243,#3244,#3245),
 .UNSPECIFIED.,.F.,.F.,(4,4),(0.,0.000293999017689905),.UNSPECIFIED.);
#301=B_SPLINE_CURVE_WITH_KNOTS('',3,(#3253,#3254,#3255,#3256,#3257),
 .UNSPECIFIED.,.F.,.F.,(4,1,4),(0.,0.000442336811542029,0.000884673623084058),
 .UNSPECIFIED.);
#302=B_SPLINE_CURVE_WITH_KNOTS('',3,(#3261,#3262,#3263,#3264,#3265),
 .UNSPECIFIED.,.F.,.F.,(4,1,4),(0.,0.000441863624236765,0.000883727248473529),
 .UNSPECIFIED.);
#303=ORIENTED_EDGE('',*,*,#681,.T.);
#304=ORIENTED_EDGE('',*,*,#682,.T.);
#305=ORIENTED_EDGE('',*,*,#683,.T.);
#306=ORIENTED_EDGE('',*,*,#684,.T.);
#307=ORIENTED_EDGE('',*,*,#685,.T.);
#308=ORIENTED_EDGE('',*,*,#686,.T.);
#309=ORIENTED_EDGE('',*,*,#687,.T.);
#310=ORIENTED_EDGE('',*,*,#688,.T.);
#311=ORIENTED_EDGE('',*,*,#689,.T.);
#312=ORIENTED_EDGE('',*,*,#690,.T.);
#313=ORIENTED_EDGE('',*,*,#691,.T.);
#314=ORIENTED_EDGE('',*,*,#692,.T.);
#315=ORIENTED_EDGE('',*,*,#693,.T.);
#316=ORIENTED_EDGE('',*,*,#694,.T.);
#317=ORIENTED_EDGE('',*,*,#695,.T.);
#318=ORIENTED_EDGE('',*,*,#696,.T.);
#319=ORIENTED_EDGE('',*,*,#697,.T.);
#320=ORIENTED_EDGE('',*,*,#698,.T.);
#321=ORIENTED_EDGE('',*,*,#699,.T.);
#322=ORIENTED_EDGE('',*,*,#700,.T.);
#323=ORIENTED_EDGE('',*,*,#701,.T.);
#324=ORIENTED_EDGE('',*,*,#702,.T.);
#325=ORIENTED_EDGE('',*,*,#703,.T.);
#326=ORIENTED_EDGE('',*,*,#704,.T.);
#327=ORIENTED_EDGE('',*,*,#705,.T.);
#328=ORIENTED_EDGE('',*,*,#706,.T.);
#329=ORIENTED_EDGE('',*,*,#707,.T.);
#330=ORIENTED_EDGE('',*,*,#708,.T.);
#331=ORIENTED_EDGE('',*,*,#709,.T.);
#332=ORIENTED_EDGE('',*,*,#710,.T.);
#333=ORIENTED_EDGE('',*,*,#711,.T.);
#334=ORIENTED_EDGE('',*,*,#712,.T.);
#335=ORIENTED_EDGE('',*,*,#713,.T.);
#336=ORIENTED_EDGE('',*,*,#714,.T.);
#337=ORIENTED_EDGE('',*,*,#715,.T.);
#338=ORIENTED_EDGE('',*,*,#716,.T.);
#339=ORIENTED_EDGE('',*,*,#717,.T.);
#340=ORIENTED_EDGE('',*,*,#718,.T.);
#341=ORIENTED_EDGE('',*,*,#719,.T.);
#342=ORIENTED_EDGE('',*,*,#720,.T.);
#343=ORIENTED_EDGE('',*,*,#721,.T.);
#344=ORIENTED_EDGE('',*,*,#722,.T.);
#345=ORIENTED_EDGE('',*,*,#723,.T.);
#346=ORIENTED_EDGE('',*,*,#724,.T.);
#347=ORIENTED_EDGE('',*,*,#725,.T.);
#348=ORIENTED_EDGE('',*,*,#726,.T.);
#349=ORIENTED_EDGE('',*,*,#727,.T.);
#350=ORIENTED_EDGE('',*,*,#728,.T.);
#351=ORIENTED_EDGE('',*,*,#729,.T.);
#352=ORIENTED_EDGE('',*,*,#730,.T.);
#353=ORIENTED_EDGE('',*,*,#731,.T.);
#354=ORIENTED_EDGE('',*,*,#732,.T.);
#355=ORIENTED_EDGE('',*,*,#733,.T.);
#356=ORIENTED_EDGE('',*,*,#734,.T.);
#357=ORIENTED_EDGE('',*,*,#735,.T.);
#358=ORIENTED_EDGE('',*,*,#736,.T.);
#359=ORIENTED_EDGE('',*,*,#737,.T.);
#360=ORIENTED_EDGE('',*,*,#738,.T.);
#361=ORIENTED_EDGE('',*,*,#697,.F.);
#362=ORIENTED_EDGE('',*,*,#739,.T.);
#363=ORIENTED_EDGE('',*,*,#732,.F.);
#364=ORIENTED_EDGE('',*,*,#740,.T.);
#365=ORIENTED_EDGE('',*,*,#724,.F.);
#366=ORIENTED_EDGE('',*,*,#741,.T.);
#367=ORIENTED_EDGE('',*,*,#731,.F.);
#368=ORIENTED_EDGE('',*,*,#742,.T.);
#369=ORIENTED_EDGE('',*,*,#738,.F.);
#370=ORIENTED_EDGE('',*,*,#743,.T.);
#371=ORIENTED_EDGE('',*,*,#690,.F.);
#372=ORIENTED_EDGE('',*,*,#744,.T.);
#373=ORIENTED_EDGE('',*,*,#712,.F.);
#374=ORIENTED_EDGE('',*,*,#745,.T.);
#375=ORIENTED_EDGE('',*,*,#737,.F.);
#376=ORIENTED_EDGE('',*,*,#746,.T.);
#377=ORIENTED_EDGE('',*,*,#703,.F.);
#378=ORIENTED_EDGE('',*,*,#747,.T.);
#379=ORIENTED_EDGE('',*,*,#736,.F.);
#380=ORIENTED_EDGE('',*,*,#748,.T.);
#381=ORIENTED_EDGE('',*,*,#735,.F.);
#382=ORIENTED_EDGE('',*,*,#749,.T.);
#383=ORIENTED_EDGE('',*,*,#714,.F.);
#384=ORIENTED_EDGE('',*,*,#750,.T.);
#385=ORIENTED_EDGE('',*,*,#684,.F.);
#386=ORIENTED_EDGE('',*,*,#751,.T.);
#387=ORIENTED_EDGE('',*,*,#734,.F.);
#388=ORIENTED_EDGE('',*,*,#752,.T.);
#389=ORIENTED_EDGE('',*,*,#733,.F.);
#390=ORIENTED_EDGE('',*,*,#753,.T.);
#391=ORIENTED_EDGE('',*,*,#726,.F.);
#392=ORIENTED_EDGE('',*,*,#754,.T.);
#393=ORIENTED_EDGE('',*,*,#730,.F.);
#394=ORIENTED_EDGE('',*,*,#694,.F.);
#395=ORIENTED_EDGE('',*,*,#720,.F.);
#396=ORIENTED_EDGE('',*,*,#755,.T.);
#397=ORIENTED_EDGE('',*,*,#722,.F.);
#398=ORIENTED_EDGE('',*,*,#756,.T.);
#399=ORIENTED_EDGE('',*,*,#728,.F.);
#400=ORIENTED_EDGE('',*,*,#757,.T.);
#401=ORIENTED_EDGE('',*,*,#718,.F.);
#402=ORIENTED_EDGE('',*,*,#758,.T.);
#403=ORIENTED_EDGE('',*,*,#705,.F.);
#404=ORIENTED_EDGE('',*,*,#681,.F.);
#405=ORIENTED_EDGE('',*,*,#716,.F.);
#406=ORIENTED_EDGE('',*,*,#759,.T.);
#407=ORIENTED_EDGE('',*,*,#706,.F.);
#408=ORIENTED_EDGE('',*,*,#760,.T.);
#409=ORIENTED_EDGE('',*,*,#708,.F.);
#410=ORIENTED_EDGE('',*,*,#761,.T.);
#411=ORIENTED_EDGE('',*,*,#710,.F.);
#412=ORIENTED_EDGE('',*,*,#762,.T.);
#413=ORIENTED_EDGE('',*,*,#748,.F.);
#414=ORIENTED_EDGE('',*,*,#750,.F.);
#415=ORIENTED_EDGE('',*,*,#763,.F.);
#416=ORIENTED_EDGE('',*,*,#763,.T.);
#417=ORIENTED_EDGE('',*,*,#717,.F.);
#418=ORIENTED_EDGE('',*,*,#764,.F.);
#419=ORIENTED_EDGE('',*,*,#704,.F.);
#420=ORIENTED_EDGE('',*,*,#764,.T.);
#421=ORIENTED_EDGE('',*,*,#760,.F.);
#422=ORIENTED_EDGE('',*,*,#765,.F.);
#423=ORIENTED_EDGE('',*,*,#765,.T.);
#424=ORIENTED_EDGE('',*,*,#709,.F.);
#425=ORIENTED_EDGE('',*,*,#766,.F.);
#426=ORIENTED_EDGE('',*,*,#701,.F.);
#427=ORIENTED_EDGE('',*,*,#766,.T.);
#428=ORIENTED_EDGE('',*,*,#762,.F.);
#429=ORIENTED_EDGE('',*,*,#767,.F.);
#430=ORIENTED_EDGE('',*,*,#767,.T.);
#431=ORIENTED_EDGE('',*,*,#713,.F.);
#432=ORIENTED_EDGE('',*,*,#768,.F.);
#433=ORIENTED_EDGE('',*,*,#702,.F.);
#434=ORIENTED_EDGE('',*,*,#768,.T.);
#435=ORIENTED_EDGE('',*,*,#746,.F.);
#436=ORIENTED_EDGE('',*,*,#747,.F.);
#437=ORIENTED_EDGE('',*,*,#752,.F.);
#438=ORIENTED_EDGE('',*,*,#754,.F.);
#439=ORIENTED_EDGE('',*,*,#769,.F.);
#440=ORIENTED_EDGE('',*,*,#769,.T.);
#441=ORIENTED_EDGE('',*,*,#729,.F.);
#442=ORIENTED_EDGE('',*,*,#770,.F.);
#443=ORIENTED_EDGE('',*,*,#685,.F.);
#444=ORIENTED_EDGE('',*,*,#770,.T.);
#445=ORIENTED_EDGE('',*,*,#758,.F.);
#446=ORIENTED_EDGE('',*,*,#771,.F.);
#447=ORIENTED_EDGE('',*,*,#686,.F.);
#448=ORIENTED_EDGE('',*,*,#771,.T.);
#449=ORIENTED_EDGE('',*,*,#721,.F.);
#450=ORIENTED_EDGE('',*,*,#772,.F.);
#451=ORIENTED_EDGE('',*,*,#687,.F.);
#452=ORIENTED_EDGE('',*,*,#772,.T.);
#453=ORIENTED_EDGE('',*,*,#756,.F.);
#454=ORIENTED_EDGE('',*,*,#773,.F.);
#455=ORIENTED_EDGE('',*,*,#688,.F.);
#456=ORIENTED_EDGE('',*,*,#773,.T.);
#457=ORIENTED_EDGE('',*,*,#725,.F.);
#458=ORIENTED_EDGE('',*,*,#774,.F.);
#459=ORIENTED_EDGE('',*,*,#689,.F.);
#460=ORIENTED_EDGE('',*,*,#774,.T.);
#461=ORIENTED_EDGE('',*,*,#742,.F.);
#462=ORIENTED_EDGE('',*,*,#744,.F.);
#463=ORIENTED_EDGE('',*,*,#743,.F.);
#464=ORIENTED_EDGE('',*,*,#745,.F.);
#465=ORIENTED_EDGE('',*,*,#775,.F.);
#466=ORIENTED_EDGE('',*,*,#775,.T.);
#467=ORIENTED_EDGE('',*,*,#711,.F.);
#468=ORIENTED_EDGE('',*,*,#776,.F.);
#469=ORIENTED_EDGE('',*,*,#691,.F.);
#470=ORIENTED_EDGE('',*,*,#776,.T.);
#471=ORIENTED_EDGE('',*,*,#761,.F.);
#472=ORIENTED_EDGE('',*,*,#777,.F.);
#473=ORIENTED_EDGE('',*,*,#692,.F.);
#474=ORIENTED_EDGE('',*,*,#777,.T.);
#475=ORIENTED_EDGE('',*,*,#707,.F.);
#476=ORIENTED_EDGE('',*,*,#778,.F.);
#477=ORIENTED_EDGE('',*,*,#693,.F.);
#478=ORIENTED_EDGE('',*,*,#778,.T.);
#479=ORIENTED_EDGE('',*,*,#759,.F.);
#480=ORIENTED_EDGE('',*,*,#779,.F.);
#481=ORIENTED_EDGE('',*,*,#682,.F.);
#482=ORIENTED_EDGE('',*,*,#779,.T.);
#483=ORIENTED_EDGE('',*,*,#715,.F.);
#484=ORIENTED_EDGE('',*,*,#780,.F.);
#485=ORIENTED_EDGE('',*,*,#683,.F.);
#486=ORIENTED_EDGE('',*,*,#780,.T.);
#487=ORIENTED_EDGE('',*,*,#749,.F.);
#488=ORIENTED_EDGE('',*,*,#751,.F.);
#489=ORIENTED_EDGE('',*,*,#740,.F.);
#490=ORIENTED_EDGE('',*,*,#741,.F.);
#491=ORIENTED_EDGE('',*,*,#781,.F.);
#492=ORIENTED_EDGE('',*,*,#781,.T.);
#493=ORIENTED_EDGE('',*,*,#723,.F.);
#494=ORIENTED_EDGE('',*,*,#782,.F.);
#495=ORIENTED_EDGE('',*,*,#698,.F.);
#496=ORIENTED_EDGE('',*,*,#782,.T.);
#497=ORIENTED_EDGE('',*,*,#755,.F.);
#498=ORIENTED_EDGE('',*,*,#783,.F.);
#499=ORIENTED_EDGE('',*,*,#699,.F.);
#500=ORIENTED_EDGE('',*,*,#783,.T.);
#501=ORIENTED_EDGE('',*,*,#719,.F.);
#502=ORIENTED_EDGE('',*,*,#784,.F.);
#503=ORIENTED_EDGE('',*,*,#700,.F.);
#504=ORIENTED_EDGE('',*,*,#784,.T.);
#505=ORIENTED_EDGE('',*,*,#757,.F.);
#506=ORIENTED_EDGE('',*,*,#785,.F.);
#507=ORIENTED_EDGE('',*,*,#695,.F.);
#508=ORIENTED_EDGE('',*,*,#785,.T.);
#509=ORIENTED_EDGE('',*,*,#727,.F.);
#510=ORIENTED_EDGE('',*,*,#786,.F.);
#511=ORIENTED_EDGE('',*,*,#696,.F.);
#512=ORIENTED_EDGE('',*,*,#786,.T.);
#513=ORIENTED_EDGE('',*,*,#753,.F.);
#514=ORIENTED_EDGE('',*,*,#739,.F.);
#515=ORIENTED_EDGE('',*,*,#787,.T.);
#516=ORIENTED_EDGE('',*,*,#788,.T.);
#517=ORIENTED_EDGE('',*,*,#789,.T.);
#518=ORIENTED_EDGE('',*,*,#790,.T.);
#519=ORIENTED_EDGE('',*,*,#791,.F.);
#520=ORIENTED_EDGE('',*,*,#792,.T.);
#521=ORIENTED_EDGE('',*,*,#793,.T.);
#522=ORIENTED_EDGE('',*,*,#794,.F.);
#523=ORIENTED_EDGE('',*,*,#794,.T.);
#524=ORIENTED_EDGE('',*,*,#795,.T.);
#525=ORIENTED_EDGE('',*,*,#796,.T.);
#526=ORIENTED_EDGE('',*,*,#797,.T.);
#527=ORIENTED_EDGE('',*,*,#790,.F.);
#528=ORIENTED_EDGE('',*,*,#798,.T.);
#529=ORIENTED_EDGE('',*,*,#799,.T.);
#530=ORIENTED_EDGE('',*,*,#800,.T.);
#531=ORIENTED_EDGE('',*,*,#801,.F.);
#532=ORIENTED_EDGE('',*,*,#802,.T.);
#533=ORIENTED_EDGE('',*,*,#803,.T.);
#534=ORIENTED_EDGE('',*,*,#804,.T.);
#535=ORIENTED_EDGE('',*,*,#805,.T.);
#536=ORIENTED_EDGE('',*,*,#796,.F.);
#537=ORIENTED_EDGE('',*,*,#806,.T.);
#538=ORIENTED_EDGE('',*,*,#807,.T.);
#539=ORIENTED_EDGE('',*,*,#798,.F.);
#540=ORIENTED_EDGE('',*,*,#789,.F.);
#541=ORIENTED_EDGE('',*,*,#808,.T.);
#542=ORIENTED_EDGE('',*,*,#801,.T.);
#543=ORIENTED_EDGE('',*,*,#809,.T.);
#544=ORIENTED_EDGE('',*,*,#791,.T.);
#545=ORIENTED_EDGE('',*,*,#810,.T.);
#546=ORIENTED_EDGE('',*,*,#811,.T.);
#547=ORIENTED_EDGE('',*,*,#810,.F.);
#548=ORIENTED_EDGE('',*,*,#807,.F.);
#549=ORIENTED_EDGE('',*,*,#805,.F.);
#550=ORIENTED_EDGE('',*,*,#812,.T.);
#551=ORIENTED_EDGE('',*,*,#787,.F.);
#552=ORIENTED_EDGE('',*,*,#797,.F.);
#553=ORIENTED_EDGE('',*,*,#793,.F.);
#554=ORIENTED_EDGE('',*,*,#813,.T.);
#555=ORIENTED_EDGE('',*,*,#803,.F.);
#556=ORIENTED_EDGE('',*,*,#795,.F.);
#557=ORIENTED_EDGE('',*,*,#806,.F.);
#558=ORIENTED_EDGE('',*,*,#811,.F.);
#559=ORIENTED_EDGE('',*,*,#808,.F.);
#560=ORIENTED_EDGE('',*,*,#788,.F.);
#561=ORIENTED_EDGE('',*,*,#814,.F.);
#562=ORIENTED_EDGE('',*,*,#802,.F.);
#563=ORIENTED_EDGE('',*,*,#814,.T.);
#564=ORIENTED_EDGE('',*,*,#812,.F.);
#565=ORIENTED_EDGE('',*,*,#815,.F.);
#566=ORIENTED_EDGE('',*,*,#815,.T.);
#567=ORIENTED_EDGE('',*,*,#804,.F.);
#568=ORIENTED_EDGE('',*,*,#816,.F.);
#569=ORIENTED_EDGE('',*,*,#799,.F.);
#570=ORIENTED_EDGE('',*,*,#816,.T.);
#571=ORIENTED_EDGE('',*,*,#813,.F.);
#572=ORIENTED_EDGE('',*,*,#817,.F.);
#573=ORIENTED_EDGE('',*,*,#809,.F.);
#574=ORIENTED_EDGE('',*,*,#800,.F.);
#575=ORIENTED_EDGE('',*,*,#817,.T.);
#576=ORIENTED_EDGE('',*,*,#792,.F.);
#577=ORIENTED_EDGE('',*,*,#818,.T.);
#578=ORIENTED_EDGE('',*,*,#819,.F.);
#579=ORIENTED_EDGE('',*,*,#820,.F.);
#580=ORIENTED_EDGE('',*,*,#821,.T.);
#581=ORIENTED_EDGE('',*,*,#822,.T.);
#582=ORIENTED_EDGE('',*,*,#821,.F.);
#583=ORIENTED_EDGE('',*,*,#823,.F.);
#584=ORIENTED_EDGE('',*,*,#824,.T.);
#585=ORIENTED_EDGE('',*,*,#825,.F.);
#586=ORIENTED_EDGE('',*,*,#824,.F.);
#587=ORIENTED_EDGE('',*,*,#826,.T.);
#588=ORIENTED_EDGE('',*,*,#827,.T.);
#589=ORIENTED_EDGE('',*,*,#828,.F.);
#590=ORIENTED_EDGE('',*,*,#827,.F.);
#591=ORIENTED_EDGE('',*,*,#829,.T.);
#592=ORIENTED_EDGE('',*,*,#819,.T.);
#593=ORIENTED_EDGE('',*,*,#820,.T.);
#594=ORIENTED_EDGE('',*,*,#829,.F.);
#595=ORIENTED_EDGE('',*,*,#826,.F.);
#596=ORIENTED_EDGE('',*,*,#823,.T.);
#597=ORIENTED_EDGE('',*,*,#818,.F.);
#598=ORIENTED_EDGE('',*,*,#822,.F.);
#599=ORIENTED_EDGE('',*,*,#825,.T.);
#600=ORIENTED_EDGE('',*,*,#828,.T.);
#601=ORIENTED_EDGE('',*,*,#830,.T.);
#602=ORIENTED_EDGE('',*,*,#831,.T.);
#603=ORIENTED_EDGE('',*,*,#832,.T.);
#604=ORIENTED_EDGE('',*,*,#833,.T.);
#605=ORIENTED_EDGE('',*,*,#834,.F.);
#606=ORIENTED_EDGE('',*,*,#835,.T.);
#607=ORIENTED_EDGE('',*,*,#836,.T.);
#608=ORIENTED_EDGE('',*,*,#837,.T.);
#609=ORIENTED_EDGE('',*,*,#838,.T.);
#610=ORIENTED_EDGE('',*,*,#832,.F.);
#611=ORIENTED_EDGE('',*,*,#839,.T.);
#612=ORIENTED_EDGE('',*,*,#840,.T.);
#613=ORIENTED_EDGE('',*,*,#830,.F.);
#614=ORIENTED_EDGE('',*,*,#841,.T.);
#615=ORIENTED_EDGE('',*,*,#842,.T.);
#616=ORIENTED_EDGE('',*,*,#834,.T.);
#617=ORIENTED_EDGE('',*,*,#843,.T.);
#618=ORIENTED_EDGE('',*,*,#844,.T.);
#619=ORIENTED_EDGE('',*,*,#845,.F.);
#620=ORIENTED_EDGE('',*,*,#846,.F.);
#621=ORIENTED_EDGE('',*,*,#847,.T.);
#622=ORIENTED_EDGE('',*,*,#848,.T.);
#623=ORIENTED_EDGE('',*,*,#849,.T.);
#624=ORIENTED_EDGE('',*,*,#850,.F.);
#625=ORIENTED_EDGE('',*,*,#851,.T.);
#626=ORIENTED_EDGE('',*,*,#852,.T.);
#627=ORIENTED_EDGE('',*,*,#845,.T.);
#628=ORIENTED_EDGE('',*,*,#853,.F.);
#629=ORIENTED_EDGE('',*,*,#848,.F.);
#630=ORIENTED_EDGE('',*,*,#854,.T.);
#631=ORIENTED_EDGE('',*,*,#850,.T.);
#632=ORIENTED_EDGE('',*,*,#855,.T.);
#633=ORIENTED_EDGE('',*,*,#846,.T.);
#634=ORIENTED_EDGE('',*,*,#853,.T.);
#635=ORIENTED_EDGE('',*,*,#851,.F.);
#636=ORIENTED_EDGE('',*,*,#840,.F.);
#637=ORIENTED_EDGE('',*,*,#838,.F.);
#638=ORIENTED_EDGE('',*,*,#856,.T.);
#639=ORIENTED_EDGE('',*,*,#841,.F.);
#640=ORIENTED_EDGE('',*,*,#833,.F.);
#641=ORIENTED_EDGE('',*,*,#844,.F.);
#642=ORIENTED_EDGE('',*,*,#857,.T.);
#643=ORIENTED_EDGE('',*,*,#836,.F.);
#644=ORIENTED_EDGE('',*,*,#831,.F.);
#645=ORIENTED_EDGE('',*,*,#839,.F.);
#646=ORIENTED_EDGE('',*,*,#852,.F.);
#647=ORIENTED_EDGE('',*,*,#843,.F.);
#648=ORIENTED_EDGE('',*,*,#835,.F.);
#649=ORIENTED_EDGE('',*,*,#842,.F.);
#650=ORIENTED_EDGE('',*,*,#856,.F.);
#651=ORIENTED_EDGE('',*,*,#837,.F.);
#652=ORIENTED_EDGE('',*,*,#857,.F.);
#653=ORIENTED_EDGE('',*,*,#847,.F.);
#654=ORIENTED_EDGE('',*,*,#855,.F.);
#655=ORIENTED_EDGE('',*,*,#849,.F.);
#656=ORIENTED_EDGE('',*,*,#854,.F.);
#657=ORIENTED_EDGE('',*,*,#858,.T.);
#658=ORIENTED_EDGE('',*,*,#859,.F.);
#659=ORIENTED_EDGE('',*,*,#860,.F.);
#660=ORIENTED_EDGE('',*,*,#861,.T.);
#661=ORIENTED_EDGE('',*,*,#862,.F.);
#662=ORIENTED_EDGE('',*,*,#861,.F.);
#663=ORIENTED_EDGE('',*,*,#863,.T.);
#664=ORIENTED_EDGE('',*,*,#864,.T.);
#665=ORIENTED_EDGE('',*,*,#865,.F.);
#666=ORIENTED_EDGE('',*,*,#864,.F.);
#667=ORIENTED_EDGE('',*,*,#866,.T.);
#668=ORIENTED_EDGE('',*,*,#867,.T.);
#669=ORIENTED_EDGE('',*,*,#868,.T.);
#670=ORIENTED_EDGE('',*,*,#867,.F.);
#671=ORIENTED_EDGE('',*,*,#869,.F.);
#672=ORIENTED_EDGE('',*,*,#859,.T.);
#673=ORIENTED_EDGE('',*,*,#860,.T.);
#674=ORIENTED_EDGE('',*,*,#869,.T.);
#675=ORIENTED_EDGE('',*,*,#866,.F.);
#676=ORIENTED_EDGE('',*,*,#863,.F.);
#677=ORIENTED_EDGE('',*,*,#858,.F.);
#678=ORIENTED_EDGE('',*,*,#862,.T.);
#679=ORIENTED_EDGE('',*,*,#865,.T.);
#680=ORIENTED_EDGE('',*,*,#868,.F.);
#681=EDGE_CURVE('',#870,#870,#984,.T.);
#682=EDGE_CURVE('',#871,#872,#261,.T.);
#683=EDGE_CURVE('',#872,#873,#87,.F.);
#684=EDGE_CURVE('',#873,#874,#985,.F.);
#685=EDGE_CURVE('',#874,#875,#88,.T.);
#686=EDGE_CURVE('',#875,#876,#262,.T.);
#687=EDGE_CURVE('',#876,#877,#986,.F.);
#688=EDGE_CURVE('',#877,#878,#263,.T.);
#689=EDGE_CURVE('',#878,#879,#89,.F.);
#690=EDGE_CURVE('',#879,#880,#987,.F.);
#691=EDGE_CURVE('',#880,#881,#90,.T.);
#692=EDGE_CURVE('',#881,#882,#264,.T.);
#693=EDGE_CURVE('',#882,#871,#988,.F.);
#694=EDGE_CURVE('',#883,#883,#265,.T.);
#695=EDGE_CURVE('',#884,#885,#266,.T.);
#696=EDGE_CURVE('',#885,#886,#91,.F.);
#697=EDGE_CURVE('',#886,#887,#267,.T.);
#698=EDGE_CURVE('',#887,#888,#92,.T.);
#699=EDGE_CURVE('',#888,#889,#268,.T.);
#700=EDGE_CURVE('',#889,#884,#269,.T.);
#701=EDGE_CURVE('',#890,#891,#93,.F.);
#702=EDGE_CURVE('',#891,#892,#94,.F.);
#703=EDGE_CURVE('',#892,#893,#95,.T.);
#704=EDGE_CURVE('',#893,#890,#96,.T.);
#705=EDGE_CURVE('',#894,#894,#989,.F.);
#706=EDGE_CURVE('',#895,#896,#97,.T.);
#707=EDGE_CURVE('',#896,#897,#990,.T.);
#708=EDGE_CURVE('',#897,#898,#98,.F.);
#709=EDGE_CURVE('',#898,#895,#99,.T.);
#710=EDGE_CURVE('',#899,#900,#100,.T.);
#711=EDGE_CURVE('',#900,#901,#101,.T.);
#712=EDGE_CURVE('',#901,#902,#102,.F.);
#713=EDGE_CURVE('',#902,#899,#103,.T.);
#714=EDGE_CURVE('',#903,#904,#104,.T.);
#715=EDGE_CURVE('',#904,#905,#105,.T.);
#716=EDGE_CURVE('',#905,#906,#106,.F.);
#717=EDGE_CURVE('',#906,#903,#107,.F.);
#718=EDGE_CURVE('',#907,#908,#108,.T.);
#719=EDGE_CURVE('',#908,#909,#270,.T.);
#720=EDGE_CURVE('',#909,#910,#109,.F.);
#721=EDGE_CURVE('',#910,#907,#991,.T.);
#722=EDGE_CURVE('',#911,#912,#110,.T.);
#723=EDGE_CURVE('',#912,#913,#111,.T.);
#724=EDGE_CURVE('',#913,#914,#112,.F.);
#725=EDGE_CURVE('',#914,#911,#113,.F.);
#726=EDGE_CURVE('',#915,#916,#114,.T.);
#727=EDGE_CURVE('',#916,#917,#115,.T.);
#728=EDGE_CURVE('',#917,#918,#116,.F.);
#729=EDGE_CURVE('',#918,#915,#117,.F.);
#730=EDGE_CURVE('',#919,#919,#271,.T.);
#731=EDGE_CURVE('',#920,#921,#118,.T.);
#732=EDGE_CURVE('',#921,#922,#272,.T.);
#733=EDGE_CURVE('',#922,#923,#119,.F.);
#734=EDGE_CURVE('',#923,#924,#992,.T.);
#735=EDGE_CURVE('',#924,#925,#120,.F.);
#736=EDGE_CURVE('',#925,#926,#121,.F.);
#737=EDGE_CURVE('',#926,#927,#122,.T.);
#738=EDGE_CURVE('',#927,#920,#993,.T.);
#739=EDGE_CURVE('',#886,#922,#273,.T.);
#740=EDGE_CURVE('',#921,#887,#274,.F.);
#741=EDGE_CURVE('',#913,#921,#275,.T.);
#742=EDGE_CURVE('',#920,#914,#276,.F.);
#743=EDGE_CURVE('',#927,#880,#277,.F.);
#744=EDGE_CURVE('',#879,#920,#278,.T.);
#745=EDGE_CURVE('',#901,#927,#279,.T.);
#746=EDGE_CURVE('',#926,#902,#994,.F.);
#747=EDGE_CURVE('',#892,#926,#995,.T.);
#748=EDGE_CURVE('',#925,#893,#996,.F.);
#749=EDGE_CURVE('',#924,#904,#280,.F.);
#750=EDGE_CURVE('',#903,#925,#997,.T.);
#751=EDGE_CURVE('',#873,#924,#281,.T.);
#752=EDGE_CURVE('',#923,#874,#282,.F.);
#753=EDGE_CURVE('',#922,#916,#283,.F.);
#754=EDGE_CURVE('',#915,#923,#284,.T.);
#755=EDGE_CURVE('',#909,#912,#285,.T.);
#756=EDGE_CURVE('',#911,#910,#286,.T.);
#757=EDGE_CURVE('',#917,#908,#287,.T.);
#758=EDGE_CURVE('',#907,#918,#288,.T.);
#759=EDGE_CURVE('',#905,#896,#289,.T.);
#760=EDGE_CURVE('',#895,#906,#998,.F.);
#761=EDGE_CURVE('',#897,#900,#290,.T.);
#762=EDGE_CURVE('',#899,#898,#999,.T.);
#763=EDGE_CURVE('',#893,#903,#1000,.T.);
#764=EDGE_CURVE('',#890,#906,#1001,.T.);
#765=EDGE_CURVE('',#890,#895,#1002,.T.);
#766=EDGE_CURVE('',#891,#898,#1003,.T.);
#767=EDGE_CURVE('',#891,#899,#1004,.T.);
#768=EDGE_CURVE('',#892,#902,#1005,.T.);
#769=EDGE_CURVE('',#874,#915,#1006,.T.);
#770=EDGE_CURVE('',#875,#918,#1007,.T.);
#771=EDGE_CURVE('',#876,#907,#1008,.T.);
#772=EDGE_CURVE('',#877,#910,#1009,.T.);
#773=EDGE_CURVE('',#878,#911,#1010,.T.);
#774=EDGE_CURVE('',#879,#914,#1011,.T.);
#775=EDGE_CURVE('',#880,#901,#1012,.T.);
#776=EDGE_CURVE('',#881,#900,#1013,.T.);
#777=EDGE_CURVE('',#882,#897,#1014,.T.);
#778=EDGE_CURVE('',#871,#896,#1015,.T.);
#779=EDGE_CURVE('',#872,#905,#1016,.T.);
#780=EDGE_CURVE('',#873,#904,#1017,.T.);
#781=EDGE_CURVE('',#887,#913,#1018,.T.);
#782=EDGE_CURVE('',#888,#912,#1019,.T.);
#783=EDGE_CURVE('',#889,#909,#1020,.T.);
#784=EDGE_CURVE('',#884,#908,#1021,.T.);
#785=EDGE_CURVE('',#885,#917,#1022,.T.);
#786=EDGE_CURVE('',#886,#916,#1023,.T.);
#787=EDGE_CURVE('',#928,#929,#123,.T.);
#788=EDGE_CURVE('',#929,#930,#124,.F.);
#789=EDGE_CURVE('',#930,#931,#125,.F.);
#790=EDGE_CURVE('',#931,#928,#126,.T.);
#791=EDGE_CURVE('',#932,#933,#127,.F.);
#792=EDGE_CURVE('',#932,#934,#128,.T.);
#793=EDGE_CURVE('',#934,#935,#129,.F.);
#794=EDGE_CURVE('',#933,#935,#130,.T.);
#795=EDGE_CURVE('',#935,#936,#1024,.T.);
#796=EDGE_CURVE('',#936,#937,#131,.T.);
#797=EDGE_CURVE('',#937,#928,#1025,.T.);
#798=EDGE_CURVE('',#931,#933,#291,.T.);
#799=EDGE_CURVE('',#938,#939,#132,.F.);
#800=EDGE_CURVE('',#939,#940,#133,.F.);
#801=EDGE_CURVE('',#941,#940,#292,.T.);
#802=EDGE_CURVE('',#941,#938,#134,.T.);
#803=EDGE_CURVE('',#936,#942,#135,.T.);
#804=EDGE_CURVE('',#942,#943,#136,.T.);
#805=EDGE_CURVE('',#943,#937,#137,.F.);
#806=EDGE_CURVE('',#944,#944,#293,.T.);
#807=EDGE_CURVE('',#945,#945,#294,.T.);
#808=EDGE_CURVE('',#930,#941,#295,.T.);
#809=EDGE_CURVE('',#940,#932,#296,.T.);
#810=EDGE_CURVE('',#946,#946,#297,.T.);
#811=EDGE_CURVE('',#947,#947,#298,.T.);
#812=EDGE_CURVE('',#943,#929,#1026,.T.);
#813=EDGE_CURVE('',#934,#942,#1027,.F.);
#814=EDGE_CURVE('',#938,#929,#1028,.T.);
#815=EDGE_CURVE('',#938,#943,#1029,.T.);
#816=EDGE_CURVE('',#939,#942,#1030,.T.);
#817=EDGE_CURVE('',#939,#934,#1031,.T.);
#818=EDGE_CURVE('',#948,#949,#138,.T.);
#819=EDGE_CURVE('',#950,#949,#139,.T.);
#820=EDGE_CURVE('',#951,#950,#140,.T.);
#821=EDGE_CURVE('',#951,#948,#141,.T.);
#822=EDGE_CURVE('',#952,#948,#142,.T.);
#823=EDGE_CURVE('',#953,#951,#143,.T.);
#824=EDGE_CURVE('',#953,#952,#144,.T.);
#825=EDGE_CURVE('',#952,#954,#145,.T.);
#826=EDGE_CURVE('',#953,#955,#146,.T.);
#827=EDGE_CURVE('',#955,#954,#147,.T.);
#828=EDGE_CURVE('',#954,#949,#148,.T.);
#829=EDGE_CURVE('',#955,#950,#149,.T.);
#830=EDGE_CURVE('',#956,#957,#1032,.T.);
#831=EDGE_CURVE('',#957,#958,#1033,.T.);
#832=EDGE_CURVE('',#958,#959,#150,.T.);
#833=EDGE_CURVE('',#959,#956,#1034,.T.);
#834=EDGE_CURVE('',#960,#961,#1035,.T.);
#835=EDGE_CURVE('',#960,#961,#151,.F.);
#836=EDGE_CURVE('',#958,#962,#152,.T.);
#837=EDGE_CURVE('',#962,#963,#153,.T.);
#838=EDGE_CURVE('',#963,#959,#154,.F.);
#839=EDGE_CURVE('',#964,#964,#1036,.F.);
#840=EDGE_CURVE('',#965,#965,#1037,.T.);
#841=EDGE_CURVE('',#956,#966,#155,.T.);
#842=EDGE_CURVE('',#966,#960,#299,.T.);
#843=EDGE_CURVE('',#961,#967,#300,.T.);
#844=EDGE_CURVE('',#967,#957,#156,.F.);
#845=EDGE_CURVE('',#968,#969,#1038,.T.);
#846=EDGE_CURVE('',#970,#968,#157,.F.);
#847=EDGE_CURVE('',#970,#971,#301,.T.);
#848=EDGE_CURVE('',#971,#972,#1039,.T.);
#849=EDGE_CURVE('',#972,#973,#302,.T.);
#850=EDGE_CURVE('',#969,#973,#158,.T.);
#851=EDGE_CURVE('',#974,#974,#1040,.F.);
#852=EDGE_CURVE('',#975,#975,#1041,.T.);
#853=EDGE_CURVE('',#968,#969,#159,.T.);
#854=EDGE_CURVE('',#971,#972,#160,.T.);
#855=EDGE_CURVE('',#973,#970,#161,.F.);
#856=EDGE_CURVE('',#963,#966,#16,.T.);
#857=EDGE_CURVE('',#967,#962,#17,.F.);
#858=EDGE_CURVE('',#976,#977,#162,.T.);
#859=EDGE_CURVE('',#978,#977,#163,.T.);
#860=EDGE_CURVE('',#979,#978,#164,.T.);
#861=EDGE_CURVE('',#979,#976,#165,.T.);
#862=EDGE_CURVE('',#976,#980,#166,.T.);
#863=EDGE_CURVE('',#979,#981,#167,.T.);
#864=EDGE_CURVE('',#981,#980,#168,.T.);
#865=EDGE_CURVE('',#980,#982,#169,.T.);
#866=EDGE_CURVE('',#981,#983,#170,.T.);
#867=EDGE_CURVE('',#983,#982,#171,.T.);
#868=EDGE_CURVE('',#977,#982,#172,.T.);
#869=EDGE_CURVE('',#978,#983,#173,.T.);
#870=VERTEX_POINT('',#1917);
#871=VERTEX_POINT('',#1923);
#872=VERTEX_POINT('',#1924);
#873=VERTEX_POINT('',#1926);
#874=VERTEX_POINT('',#1928);
#875=VERTEX_POINT('',#1930);
#876=VERTEX_POINT('',#1936);
#877=VERTEX_POINT('',#1938);
#878=VERTEX_POINT('',#1944);
#879=VERTEX_POINT('',#1946);
#880=VERTEX_POINT('',#1948);
#881=VERTEX_POINT('',#1950);
#882=VERTEX_POINT('',#1956);
#883=VERTEX_POINT('',#2026);
#884=VERTEX_POINT('',#2033);
#885=VERTEX_POINT('',#2034);
#886=VERTEX_POINT('',#2036);
#887=VERTEX_POINT('',#2060);
#888=VERTEX_POINT('',#2062);
#889=VERTEX_POINT('',#2069);
#890=VERTEX_POINT('',#2080);
#891=VERTEX_POINT('',#2081);
#892=VERTEX_POINT('',#2083);
#893=VERTEX_POINT('',#2085);
#894=VERTEX_POINT('',#2089);
#895=VERTEX_POINT('',#2092);
#896=VERTEX_POINT('',#2093);
#897=VERTEX_POINT('',#2095);
#898=VERTEX_POINT('',#2097);
#899=VERTEX_POINT('',#2101);
#900=VERTEX_POINT('',#2102);
#901=VERTEX_POINT('',#2104);
#902=VERTEX_POINT('',#2106);
#903=VERTEX_POINT('',#2110);
#904=VERTEX_POINT('',#2111);
#905=VERTEX_POINT('',#2113);
#906=VERTEX_POINT('',#2115);
#907=VERTEX_POINT('',#2119);
#908=VERTEX_POINT('',#2120);
#909=VERTEX_POINT('',#2129);
#910=VERTEX_POINT('',#2131);
#911=VERTEX_POINT('',#2135);
#912=VERTEX_POINT('',#2136);
#913=VERTEX_POINT('',#2138);
#914=VERTEX_POINT('',#2140);
#915=VERTEX_POINT('',#2144);
#916=VERTEX_POINT('',#2145);
#917=VERTEX_POINT('',#2147);
#918=VERTEX_POINT('',#2149);
#919=VERTEX_POINT('',#2182);
#920=VERTEX_POINT('',#2185);
#921=VERTEX_POINT('',#2186);
#922=VERTEX_POINT('',#2212);
#923=VERTEX_POINT('',#2214);
#924=VERTEX_POINT('',#2216);
#925=VERTEX_POINT('',#2218);
#926=VERTEX_POINT('',#2220);
#927=VERTEX_POINT('',#2222);
#928=VERTEX_POINT('',#2768);
#929=VERTEX_POINT('',#2769);
#930=VERTEX_POINT('',#2771);
#931=VERTEX_POINT('',#2773);
#932=VERTEX_POINT('',#2777);
#933=VERTEX_POINT('',#2778);
#934=VERTEX_POINT('',#2780);
#935=VERTEX_POINT('',#2782);
#936=VERTEX_POINT('',#2786);
#937=VERTEX_POINT('',#2788);
#938=VERTEX_POINT('',#2803);
#939=VERTEX_POINT('',#2804);
#940=VERTEX_POINT('',#2806);
#941=VERTEX_POINT('',#2816);
#942=VERTEX_POINT('',#2820);
#943=VERTEX_POINT('',#2822);
#944=VERTEX_POINT('',#2888);
#945=VERTEX_POINT('',#2920);
#946=VERTEX_POINT('',#2965);
#947=VERTEX_POINT('',#2994);
#948=VERTEX_POINT('',#3187);
#949=VERTEX_POINT('',#3188);
#950=VERTEX_POINT('',#3190);
#951=VERTEX_POINT('',#3192);
#952=VERTEX_POINT('',#3196);
#953=VERTEX_POINT('',#3198);
#954=VERTEX_POINT('',#3202);
#955=VERTEX_POINT('',#3204);
#956=VERTEX_POINT('',#3213);
#957=VERTEX_POINT('',#3214);
#958=VERTEX_POINT('',#3216);
#959=VERTEX_POINT('',#3218);
#960=VERTEX_POINT('',#3222);
#961=VERTEX_POINT('',#3223);
#962=VERTEX_POINT('',#3227);
#963=VERTEX_POINT('',#3229);
#964=VERTEX_POINT('',#3233);
#965=VERTEX_POINT('',#3235);
#966=VERTEX_POINT('',#3237);
#967=VERTEX_POINT('',#3246);
#968=VERTEX_POINT('',#3249);
#969=VERTEX_POINT('',#3250);
#970=VERTEX_POINT('',#3252);
#971=VERTEX_POINT('',#3258);
#972=VERTEX_POINT('',#3260);
#973=VERTEX_POINT('',#3266);
#974=VERTEX_POINT('',#3270);
#975=VERTEX_POINT('',#3273);
#976=VERTEX_POINT('',#3290);
#977=VERTEX_POINT('',#3291);
#978=VERTEX_POINT('',#3293);
#979=VERTEX_POINT('',#3295);
#980=VERTEX_POINT('',#3299);
#981=VERTEX_POINT('',#3301);
#982=VERTEX_POINT('',#3305);
#983=VERTEX_POINT('',#3307);
#984=CIRCLE('',#1409,0.014);
#985=CIRCLE('',#1410,0.014);
#986=CIRCLE('',#1411,0.014);
#987=CIRCLE('',#1412,0.014);
#988=CIRCLE('',#1413,0.014);
#989=CIRCLE('',#1416,0.0135);
#990=CIRCLE('',#1418,0.0145);
#991=CIRCLE('',#1422,0.0145);
#992=CIRCLE('',#1427,0.0135);
#993=CIRCLE('',#1428,0.0135);
#994=CIRCLE('',#1432,0.0005);
#995=CIRCLE('',#1434,0.0005);
#996=CIRCLE('',#1435,0.0005);
#997=CIRCLE('',#1437,0.0005);
#998=CIRCLE('',#1444,0.0005);
#999=CIRCLE('',#1446,0.0005);
#1000=CIRCLE('',#1448,0.0005);
#1001=CIRCLE('',#1450,0.0005);
#1002=CIRCLE('',#1452,0.0005);
#1003=CIRCLE('',#1454,0.0005);
#1004=CIRCLE('',#1456,0.0005);
#1005=CIRCLE('',#1458,0.0005);
#1006=CIRCLE('',#1460,0.0005);
#1007=CIRCLE('',#1462,0.0005);
#1008=CIRCLE('',#1463,0.0005);
#1009=CIRCLE('',#1465,0.0005);
#1010=CIRCLE('',#1466,0.0005);
#1011=CIRCLE('',#1468,0.0005);
#1012=CIRCLE('',#1469,0.0005);
#1013=CIRCLE('',#1471,0.0005);
#1014=CIRCLE('',#1472,0.0005);
#1015=CIRCLE('',#1474,0.0005);
#1016=CIRCLE('',#1475,0.0005);
#1017=CIRCLE('',#1477,0.0005);
#1018=CIRCLE('',#1478,0.0005);
#1019=CIRCLE('',#1480,0.0005);
#1020=CIRCLE('',#1481,0.0005);
#1021=CIRCLE('',#1482,0.0005);
#1022=CIRCLE('',#1483,0.0005);
#1023=CIRCLE('',#1485,0.0005);
#1024=CIRCLE('',#1489,0.0005);
#1025=CIRCLE('',#1490,0.0005);
#1026=CIRCLE('',#1496,0.0005);
#1027=CIRCLE('',#1498,0.0005);
#1028=CIRCLE('',#1500,0.0005);
#1029=CIRCLE('',#1502,0.0005);
#1030=CIRCLE('',#1504,0.0005);
#1031=CIRCLE('',#1506,0.0005);
#1032=CIRCLE('',#1515,0.012);
#1033=CIRCLE('',#1516,0.0005);
#1034=CIRCLE('',#1517,0.0005);
#1035=CIRCLE('',#1519,0.012);
#1036=CIRCLE('',#1522,0.012);
#1037=CIRCLE('',#1523,0.012);
#1038=CIRCLE('',#1524,0.012);
#1039=CIRCLE('',#1525,0.012);
#1040=CIRCLE('',#1527,0.0115);
#1041=CIRCLE('',#1529,0.0115);
#1042=EDGE_LOOP('',(#303));
#1043=EDGE_LOOP('',(#304,#305,#306,#307,#308,#309,#310,#311,#312,#313,#314,
#315));
#1044=EDGE_LOOP('',(#316));
#1045=EDGE_LOOP('',(#317,#318,#319,#320,#321,#322));
#1046=EDGE_LOOP('',(#323,#324,#325,#326));
#1047=EDGE_LOOP('',(#327));
#1048=EDGE_LOOP('',(#328,#329,#330,#331));
#1049=EDGE_LOOP('',(#332,#333,#334,#335));
#1050=EDGE_LOOP('',(#336,#337,#338,#339));
#1051=EDGE_LOOP('',(#340,#341,#342,#343));
#1052=EDGE_LOOP('',(#344,#345,#346,#347));
#1053=EDGE_LOOP('',(#348,#349,#350,#351));
#1054=EDGE_LOOP('',(#352));
#1055=EDGE_LOOP('',(#353,#354,#355,#356,#357,#358,#359,#360));
#1056=EDGE_LOOP('',(#361,#362,#363,#364));
#1057=EDGE_LOOP('',(#365,#366,#367,#368));
#1058=EDGE_LOOP('',(#369,#370,#371,#372));
#1059=EDGE_LOOP('',(#373,#374,#375,#376));
#1060=EDGE_LOOP('',(#377,#378,#379,#380));
#1061=EDGE_LOOP('',(#381,#382,#383,#384));
#1062=EDGE_LOOP('',(#385,#386,#387,#388));
#1063=EDGE_LOOP('',(#389,#390,#391,#392));
#1064=EDGE_LOOP('',(#393));
#1065=EDGE_LOOP('',(#394));
#1066=EDGE_LOOP('',(#395,#396,#397,#398));
#1067=EDGE_LOOP('',(#399,#400,#401,#402));
#1068=EDGE_LOOP('',(#403));
#1069=EDGE_LOOP('',(#404));
#1070=EDGE_LOOP('',(#405,#406,#407,#408));
#1071=EDGE_LOOP('',(#409,#410,#411,#412));
#1072=EDGE_LOOP('',(#413,#414,#415));
#1073=EDGE_LOOP('',(#416,#417,#418,#419));
#1074=EDGE_LOOP('',(#420,#421,#422));
#1075=EDGE_LOOP('',(#423,#424,#425,#426));
#1076=EDGE_LOOP('',(#427,#428,#429));
#1077=EDGE_LOOP('',(#430,#431,#432,#433));
#1078=EDGE_LOOP('',(#434,#435,#436));
#1079=EDGE_LOOP('',(#437,#438,#439));
#1080=EDGE_LOOP('',(#440,#441,#442,#443));
#1081=EDGE_LOOP('',(#444,#445,#446,#447));
#1082=EDGE_LOOP('',(#448,#449,#450,#451));
#1083=EDGE_LOOP('',(#452,#453,#454,#455));
#1084=EDGE_LOOP('',(#456,#457,#458,#459));
#1085=EDGE_LOOP('',(#460,#461,#462));
#1086=EDGE_LOOP('',(#463,#464,#465));
#1087=EDGE_LOOP('',(#466,#467,#468,#469));
#1088=EDGE_LOOP('',(#470,#471,#472,#473));
#1089=EDGE_LOOP('',(#474,#475,#476,#477));
#1090=EDGE_LOOP('',(#478,#479,#480,#481));
#1091=EDGE_LOOP('',(#482,#483,#484,#485));
#1092=EDGE_LOOP('',(#486,#487,#488));
#1093=EDGE_LOOP('',(#489,#490,#491));
#1094=EDGE_LOOP('',(#492,#493,#494,#495));
#1095=EDGE_LOOP('',(#496,#497,#498,#499));
#1096=EDGE_LOOP('',(#500,#501,#502,#503));
#1097=EDGE_LOOP('',(#504,#505,#506,#507));
#1098=EDGE_LOOP('',(#508,#509,#510,#511));
#1099=EDGE_LOOP('',(#512,#513,#514));
#1100=EDGE_LOOP('',(#515,#516,#517,#518));
#1101=EDGE_LOOP('',(#519,#520,#521,#522));
#1102=EDGE_LOOP('',(#523,#524,#525,#526,#527,#528));
#1103=EDGE_LOOP('',(#529,#530,#531,#532));
#1104=EDGE_LOOP('',(#533,#534,#535,#536));
#1105=EDGE_LOOP('',(#537));
#1106=EDGE_LOOP('',(#538));
#1107=EDGE_LOOP('',(#539,#540,#541,#542,#543,#544));
#1108=EDGE_LOOP('',(#545));
#1109=EDGE_LOOP('',(#546));
#1110=EDGE_LOOP('',(#547));
#1111=EDGE_LOOP('',(#548));
#1112=EDGE_LOOP('',(#549,#550,#551,#552));
#1113=EDGE_LOOP('',(#553,#554,#555,#556));
#1114=EDGE_LOOP('',(#557));
#1115=EDGE_LOOP('',(#558));
#1116=EDGE_LOOP('',(#559,#560,#561,#562));
#1117=EDGE_LOOP('',(#563,#564,#565));
#1118=EDGE_LOOP('',(#566,#567,#568,#569));
#1119=EDGE_LOOP('',(#570,#571,#572));
#1120=EDGE_LOOP('',(#573,#574,#575,#576));
#1121=EDGE_LOOP('',(#577,#578,#579,#580));
#1122=EDGE_LOOP('',(#581,#582,#583,#584));
#1123=EDGE_LOOP('',(#585,#586,#587,#588));
#1124=EDGE_LOOP('',(#589,#590,#591,#592));
#1125=EDGE_LOOP('',(#593,#594,#595,#596));
#1126=EDGE_LOOP('',(#597,#598,#599,#600));
#1127=EDGE_LOOP('',(#601,#602,#603,#604));
#1128=EDGE_LOOP('',(#605,#606));
#1129=EDGE_LOOP('',(#607,#608,#609,#610));
#1130=EDGE_LOOP('',(#611));
#1131=EDGE_LOOP('',(#612));
#1132=EDGE_LOOP('',(#613,#614,#615,#616,#617,#618));
#1133=EDGE_LOOP('',(#619,#620,#621,#622,#623,#624));
#1134=EDGE_LOOP('',(#625));
#1135=EDGE_LOOP('',(#626));
#1136=EDGE_LOOP('',(#627,#628));
#1137=EDGE_LOOP('',(#629,#630));
#1138=EDGE_LOOP('',(#631,#632,#633,#634));
#1139=EDGE_LOOP('',(#635));
#1140=EDGE_LOOP('',(#636));
#1141=EDGE_LOOP('',(#637,#638,#639,#640));
#1142=EDGE_LOOP('',(#641,#642,#643,#644));
#1143=EDGE_LOOP('',(#645));
#1144=EDGE_LOOP('',(#646));
#1145=EDGE_LOOP('',(#647,#648,#649,#650,#651,#652));
#1146=EDGE_LOOP('',(#653,#654,#655,#656));
#1147=EDGE_LOOP('',(#657,#658,#659,#660));
#1148=EDGE_LOOP('',(#661,#662,#663,#664));
#1149=EDGE_LOOP('',(#665,#666,#667,#668));
#1150=EDGE_LOOP('',(#669,#670,#671,#672));
#1151=EDGE_LOOP('',(#673,#674,#675,#676));
#1152=EDGE_LOOP('',(#677,#678,#679,#680));
#1153=FACE_BOUND('',#1042,.T.);
#1154=FACE_BOUND('',#1043,.T.);
#1155=FACE_BOUND('',#1044,.T.);
#1156=FACE_BOUND('',#1045,.T.);
#1157=FACE_BOUND('',#1046,.T.);
#1158=FACE_BOUND('',#1047,.T.);
#1159=FACE_BOUND('',#1048,.T.);
#1160=FACE_BOUND('',#1049,.T.);
#1161=FACE_BOUND('',#1050,.T.);
#1162=FACE_BOUND('',#1051,.T.);
#1163=FACE_BOUND('',#1052,.T.);
#1164=FACE_BOUND('',#1053,.T.);
#1165=FACE_BOUND('',#1054,.T.);
#1166=FACE_BOUND('',#1055,.T.);
#1167=FACE_BOUND('',#1056,.T.);
#1168=FACE_BOUND('',#1057,.T.);
#1169=FACE_BOUND('',#1058,.T.);
#1170=FACE_BOUND('',#1059,.T.);
#1171=FACE_BOUND('',#1060,.T.);
#1172=FACE_BOUND('',#1061,.T.);
#1173=FACE_BOUND('',#1062,.T.);
#1174=FACE_BOUND('',#1063,.T.);
#1175=FACE_BOUND('',#1064,.T.);
#1176=FACE_BOUND('',#1065,.T.);
#1177=FACE_BOUND('',#1066,.T.);
#1178=FACE_BOUND('',#1067,.T.);
#1179=FACE_BOUND('',#1068,.T.);
#1180=FACE_BOUND('',#1069,.T.);
#1181=FACE_BOUND('',#1070,.T.);
#1182=FACE_BOUND('',#1071,.T.);
#1183=FACE_BOUND('',#1072,.T.);
#1184=FACE_BOUND('',#1073,.T.);
#1185=FACE_BOUND('',#1074,.T.);
#1186=FACE_BOUND('',#1075,.T.);
#1187=FACE_BOUND('',#1076,.T.);
#1188=FACE_BOUND('',#1077,.T.);
#1189=FACE_BOUND('',#1078,.T.);
#1190=FACE_BOUND('',#1079,.T.);
#1191=FACE_BOUND('',#1080,.T.);
#1192=FACE_BOUND('',#1081,.T.);
#1193=FACE_BOUND('',#1082,.T.);
#1194=FACE_BOUND('',#1083,.T.);
#1195=FACE_BOUND('',#1084,.T.);
#1196=FACE_BOUND('',#1085,.T.);
#1197=FACE_BOUND('',#1086,.T.);
#1198=FACE_BOUND('',#1087,.T.);
#1199=FACE_BOUND('',#1088,.T.);
#1200=FACE_BOUND('',#1089,.T.);
#1201=FACE_BOUND('',#1090,.T.);
#1202=FACE_BOUND('',#1091,.T.);
#1203=FACE_BOUND('',#1092,.T.);
#1204=FACE_BOUND('',#1093,.T.);
#1205=FACE_BOUND('',#1094,.T.);
#1206=FACE_BOUND('',#1095,.T.);
#1207=FACE_BOUND('',#1096,.T.);
#1208=FACE_BOUND('',#1097,.T.);
#1209=FACE_BOUND('',#1098,.T.);
#1210=FACE_BOUND('',#1099,.T.);
#1211=FACE_BOUND('',#1100,.T.);
#1212=FACE_BOUND('',#1101,.T.);
#1213=FACE_BOUND('',#1102,.T.);
#1214=FACE_BOUND('',#1103,.T.);
#1215=FACE_BOUND('',#1104,.T.);
#1216=FACE_BOUND('',#1105,.T.);
#1217=FACE_BOUND('',#1106,.T.);
#1218=FACE_BOUND('',#1107,.T.);
#1219=FACE_BOUND('',#1108,.T.);
#1220=FACE_BOUND('',#1109,.T.);
#1221=FACE_BOUND('',#1110,.T.);
#1222=FACE_BOUND('',#1111,.T.);
#1223=FACE_BOUND('',#1112,.T.);
#1224=FACE_BOUND('',#1113,.T.);
#1225=FACE_BOUND('',#1114,.T.);
#1226=FACE_BOUND('',#1115,.T.);
#1227=FACE_BOUND('',#1116,.T.);
#1228=FACE_BOUND('',#1117,.T.);
#1229=FACE_BOUND('',#1118,.T.);
#1230=FACE_BOUND('',#1119,.T.);
#1231=FACE_BOUND('',#1120,.T.);
#1232=FACE_BOUND('',#1121,.T.);
#1233=FACE_BOUND('',#1122,.T.);
#1234=FACE_BOUND('',#1123,.T.);
#1235=FACE_BOUND('',#1124,.T.);
#1236=FACE_BOUND('',#1125,.T.);
#1237=FACE_BOUND('',#1126,.T.);
#1238=FACE_BOUND('',#1127,.T.);
#1239=FACE_BOUND('',#1128,.T.);
#1240=FACE_BOUND('',#1129,.T.);
#1241=FACE_BOUND('',#1130,.T.);
#1242=FACE_BOUND('',#1131,.T.);
#1243=FACE_BOUND('',#1132,.T.);
#1244=FACE_BOUND('',#1133,.T.);
#1245=FACE_BOUND('',#1134,.T.);
#1246=FACE_BOUND('',#1135,.T.);
#1247=FACE_BOUND('',#1136,.T.);
#1248=FACE_BOUND('',#1137,.T.);
#1249=FACE_BOUND('',#1138,.T.);
#1250=FACE_BOUND('',#1139,.T.);
#1251=FACE_BOUND('',#1140,.T.);
#1252=FACE_BOUND('',#1141,.T.);
#1253=FACE_BOUND('',#1142,.T.);
#1254=FACE_BOUND('',#1143,.T.);
#1255=FACE_BOUND('',#1144,.T.);
#1256=FACE_BOUND('',#1145,.T.);
#1257=FACE_BOUND('',#1146,.T.);
#1258=FACE_BOUND('',#1147,.T.);
#1259=FACE_BOUND('',#1148,.T.);
#1260=FACE_BOUND('',#1149,.T.);
#1261=FACE_BOUND('',#1150,.T.);
#1262=FACE_BOUND('',#1151,.T.);
#1263=FACE_BOUND('',#1152,.T.);
#1264=CYLINDRICAL_SURFACE('',#1408,0.014);
#1265=CYLINDRICAL_SURFACE('',#1429,0.0005);
#1266=CYLINDRICAL_SURFACE('',#1431,0.0005);
#1267=CYLINDRICAL_SURFACE('',#1433,0.0005);
#1268=CYLINDRICAL_SURFACE('',#1436,0.0005);
#1269=CYLINDRICAL_SURFACE('',#1439,0.0005);
#1270=CYLINDRICAL_SURFACE('',#1440,0.0005);
#1271=CYLINDRICAL_SURFACE('',#1441,0.0005);
#1272=CYLINDRICAL_SURFACE('',#1443,0.0005);
#1273=CYLINDRICAL_SURFACE('',#1445,0.0005);
#1274=CYLINDRICAL_SURFACE('',#1449,0.0005);
#1275=CYLINDRICAL_SURFACE('',#1453,0.0005);
#1276=CYLINDRICAL_SURFACE('',#1457,0.0005);
#1277=CYLINDRICAL_SURFACE('',#1461,0.0005);
#1278=CYLINDRICAL_SURFACE('',#1467,0.0005);
#1279=CYLINDRICAL_SURFACE('',#1470,0.0005);
#1280=CYLINDRICAL_SURFACE('',#1476,0.0005);
#1281=CYLINDRICAL_SURFACE('',#1479,0.0005);
#1282=CYLINDRICAL_SURFACE('',#1484,0.0005);
#1283=CYLINDRICAL_SURFACE('',#1495,0.0005);
#1284=CYLINDRICAL_SURFACE('',#1497,0.0005);
#1285=CYLINDRICAL_SURFACE('',#1499,0.0005);
#1286=CYLINDRICAL_SURFACE('',#1503,0.0005);
#1287=CYLINDRICAL_SURFACE('',#1507,0.0005);
#1288=CYLINDRICAL_SURFACE('',#1521,0.012);
#1289=CYLINDRICAL_SURFACE('',#1534,0.0005);
#1290=CYLINDRICAL_SURFACE('',#1536,0.0005);
#1291=CYLINDRICAL_SURFACE('',#1539,0.0005);
#1292=CYLINDRICAL_SURFACE('',#1540,0.0005);
#1293=ADVANCED_FACE('',(#1153,#1154),#1264,.T.);
#1294=ADVANCED_FACE('',(#1155,#1156),#85,.F.);
#1295=ADVANCED_FACE('',(#1157),#48,.T.);
#1296=ADVANCED_FACE('',(#1158),#49,.F.);
#1297=ADVANCED_FACE('',(#1159),#50,.F.);
#1298=ADVANCED_FACE('',(#1160),#51,.F.);
#1299=ADVANCED_FACE('',(#1161),#52,.T.);
#1300=ADVANCED_FACE('',(#1162),#53,.F.);
#1301=ADVANCED_FACE('',(#1163),#54,.F.);
#1302=ADVANCED_FACE('',(#1164),#55,.T.);
#1303=ADVANCED_FACE('',(#1165),#56,.F.);
#1304=ADVANCED_FACE('',(#1166),#57,.T.);
#1305=ADVANCED_FACE('',(#1167),#31,.T.);
#1306=ADVANCED_FACE('',(#1168),#1265,.T.);
#1307=ADVANCED_FACE('',(#1169),#24,.T.);
#1308=ADVANCED_FACE('',(#1170),#1266,.T.);
#1309=ADVANCED_FACE('',(#1171),#1267,.T.);
#1310=ADVANCED_FACE('',(#1172),#1268,.T.);
#1311=ADVANCED_FACE('',(#1173),#25,.T.);
#1312=ADVANCED_FACE('',(#1174),#1269,.T.);
#1313=ADVANCED_FACE('',(#1175,#1176),#32,.T.);
#1314=ADVANCED_FACE('',(#1177),#1270,.T.);
#1315=ADVANCED_FACE('',(#1178),#1271,.T.);
#1316=ADVANCED_FACE('',(#1179,#1180),#26,.T.);
#1317=ADVANCED_FACE('',(#1181),#1272,.T.);
#1318=ADVANCED_FACE('',(#1182),#1273,.T.);
#1319=ADVANCED_FACE('',(#1183),#18,.T.);
#1320=ADVANCED_FACE('',(#1184),#1274,.T.);
#1321=ADVANCED_FACE('',(#1185),#19,.T.);
#1322=ADVANCED_FACE('',(#1186),#1275,.T.);
#1323=ADVANCED_FACE('',(#1187),#20,.T.);
#1324=ADVANCED_FACE('',(#1188),#1276,.T.);
#1325=ADVANCED_FACE('',(#1189),#21,.T.);
#1326=ADVANCED_FACE('',(#1190),#33,.F.);
#1327=ADVANCED_FACE('',(#1191),#1277,.F.);
#1328=ADVANCED_FACE('',(#1192),#34,.F.);
#1329=ADVANCED_FACE('',(#1193),#27,.F.);
#1330=ADVANCED_FACE('',(#1194),#35,.F.);
#1331=ADVANCED_FACE('',(#1195),#1278,.F.);
#1332=ADVANCED_FACE('',(#1196),#36,.F.);
#1333=ADVANCED_FACE('',(#1197),#37,.F.);
#1334=ADVANCED_FACE('',(#1198),#1279,.F.);
#1335=ADVANCED_FACE('',(#1199),#38,.F.);
#1336=ADVANCED_FACE('',(#1200),#28,.F.);
#1337=ADVANCED_FACE('',(#1201),#39,.F.);
#1338=ADVANCED_FACE('',(#1202),#1280,.F.);
#1339=ADVANCED_FACE('',(#1203),#40,.F.);
#1340=ADVANCED_FACE('',(#1204),#41,.F.);
#1341=ADVANCED_FACE('',(#1205),#1281,.F.);
#1342=ADVANCED_FACE('',(#1206),#42,.F.);
#1343=ADVANCED_FACE('',(#1207),#43,.F.);
#1344=ADVANCED_FACE('',(#1208),#44,.F.);
#1345=ADVANCED_FACE('',(#1209),#1282,.F.);
#1346=ADVANCED_FACE('',(#1210),#45,.F.);
#1347=ADVANCED_FACE('',(#1211),#58,.T.);
#1348=ADVANCED_FACE('',(#1212),#59,.F.);
#1349=ADVANCED_FACE('',(#1213),#60,.T.);
#1350=ADVANCED_FACE('',(#1214),#61,.F.);
#1351=ADVANCED_FACE('',(#1215),#62,.F.);
#1352=ADVANCED_FACE('',(#1216,#1217,#1218),#86,.T.);
#1353=ADVANCED_FACE('',(#1219),#63,.F.);
#1354=ADVANCED_FACE('',(#1220),#64,.T.);
#1355=ADVANCED_FACE('',(#1221,#1222),#46,.F.);
#1356=ADVANCED_FACE('',(#1223),#1283,.T.);
#1357=ADVANCED_FACE('',(#1224),#1284,.T.);
#1358=ADVANCED_FACE('',(#1225,#1226),#47,.F.);
#1359=ADVANCED_FACE('',(#1227),#1285,.T.);
#1360=ADVANCED_FACE('',(#1228),#22,.T.);
#1361=ADVANCED_FACE('',(#1229),#1286,.T.);
#1362=ADVANCED_FACE('',(#1230),#23,.T.);
#1363=ADVANCED_FACE('',(#1231),#1287,.T.);
#1364=ADVANCED_FACE('',(#1232),#65,.F.);
#1365=ADVANCED_FACE('',(#1233),#66,.F.);
#1366=ADVANCED_FACE('',(#1234),#67,.T.);
#1367=ADVANCED_FACE('',(#1235),#68,.T.);
#1368=ADVANCED_FACE('',(#1236),#69,.F.);
#1369=ADVANCED_FACE('',(#1237),#70,.T.);
#1370=ADVANCED_FACE('',(#1238),#71,.T.);
#1371=ADVANCED_FACE('',(#1239),#72,.F.);
#1372=ADVANCED_FACE('',(#1240),#73,.F.);
#1373=ADVANCED_FACE('',(#1241,#1242,#1243,#1244),#1288,.F.);
#1374=ADVANCED_FACE('',(#1245),#74,.F.);
#1375=ADVANCED_FACE('',(#1246),#75,.T.);
#1376=ADVANCED_FACE('',(#1247),#76,.T.);
#1377=ADVANCED_FACE('',(#1248),#77,.F.);
#1378=ADVANCED_FACE('',(#1249),#78,.T.);
#1379=ADVANCED_FACE('',(#1250,#1251),#29,.F.);
#1380=ADVANCED_FACE('',(#1252),#1289,.T.);
#1381=ADVANCED_FACE('',(#1253),#1290,.T.);
#1382=ADVANCED_FACE('',(#1254,#1255),#30,.F.);
#1383=ADVANCED_FACE('',(#1256),#1291,.T.);
#1384=ADVANCED_FACE('',(#1257),#1292,.T.);
#1385=ADVANCED_FACE('',(#1258),#79,.F.);
#1386=ADVANCED_FACE('',(#1259),#80,.T.);
#1387=ADVANCED_FACE('',(#1260),#81,.T.);
#1388=ADVANCED_FACE('',(#1261),#82,.F.);
#1389=ADVANCED_FACE('',(#1262),#83,.F.);
#1390=ADVANCED_FACE('',(#1263),#84,.T.);
#1391=CLOSED_SHELL('',(#1293,#1294,#1295,#1296,#1297,#1298,#1299,#1300,
#1301,#1302,#1303,#1304,#1305,#1306,#1307,#1308,#1309,#1310,#1311,#1312,
#1313,#1314,#1315,#1316,#1317,#1318,#1319,#1320,#1321,#1322,#1323,#1324,
#1325,#1326,#1327,#1328,#1329,#1330,#1331,#1332,#1333,#1334,#1335,#1336,
#1337,#1338,#1339,#1340,#1341,#1342,#1343,#1344,#1345,#1346));
#1392=CLOSED_SHELL('',(#1347,#1348,#1349,#1350,#1351,#1352,#1353,#1354,
#1355,#1356,#1357,#1358,#1359,#1360,#1361,#1362,#1363));
#1393=CLOSED_SHELL('',(#1364,#1365,#1366,#1367,#1368,#1369));
#1394=CLOSED_SHELL('',(#1370,#1371,#1372,#1373,#1374,#1375,#1376,#1377,
#1378,#1379,#1380,#1381,#1382,#1383,#1384));
#1395=CLOSED_SHELL('',(#1385,#1386,#1387,#1388,#1389,#1390));
#1396=STYLED_ITEM('',(#1397),#1404);
#1397=PRESENTATION_STYLE_ASSIGNMENT((#1398));
#1398=SURFACE_STYLE_USAGE(.BOTH.,#1399);
#1399=SURFACE_SIDE_STYLE('',(#1400));
#1400=SURFACE_STYLE_FILL_AREA(#1401);
#1401=FILL_AREA_STYLE('',(#1402));
#1402=FILL_AREA_STYLE_COLOUR('',#1403);
#1403=COLOUR_RGB('',0.768627450980392,0.886274509803922,0.952941176470588);
#1404=BREP_WITH_VOIDS('Part 5',#1391,(#12,#13,#14,#15));
#1405=SHAPE_DEFINITION_REPRESENTATION(#3320,#1406);
#1406=SHAPE_REPRESENTATION('Part 5',(#1407),#3315);
#1407=AXIS2_PLACEMENT_3D('',#1914,#1547,#1548);
#1408=AXIS2_PLACEMENT_3D('',#1915,#1549,#1550);
#1409=AXIS2_PLACEMENT_3D('',#1916,#1551,#1552);
#1410=AXIS2_PLACEMENT_3D('',#1927,#1554,#1555);
#1411=AXIS2_PLACEMENT_3D('',#1937,#1557,#1558);
#1412=AXIS2_PLACEMENT_3D('',#1947,#1560,#1561);
#1413=AXIS2_PLACEMENT_3D('',#1957,#1563,#1564);
#1414=AXIS2_PLACEMENT_3D('',#2078,#1567,#1568);
#1415=AXIS2_PLACEMENT_3D('',#2087,#1573,#1574);
#1416=AXIS2_PLACEMENT_3D('',#2088,#1575,#1576);
#1417=AXIS2_PLACEMENT_3D('',#2090,#1577,#1578);
#1418=AXIS2_PLACEMENT_3D('',#2094,#1580,#1581);
#1419=AXIS2_PLACEMENT_3D('',#2099,#1584,#1585);
#1420=AXIS2_PLACEMENT_3D('',#2108,#1590,#1591);
#1421=AXIS2_PLACEMENT_3D('',#2117,#1596,#1597);
#1422=AXIS2_PLACEMENT_3D('',#2132,#1600,#1601);
#1423=AXIS2_PLACEMENT_3D('',#2133,#1602,#1603);
#1424=AXIS2_PLACEMENT_3D('',#2142,#1608,#1609);
#1425=AXIS2_PLACEMENT_3D('',#2151,#1614,#1615);
#1426=AXIS2_PLACEMENT_3D('',#2183,#1616,#1617);
#1427=AXIS2_PLACEMENT_3D('',#2215,#1620,#1621);
#1428=AXIS2_PLACEMENT_3D('',#2223,#1625,#1626);
#1429=AXIS2_PLACEMENT_3D('',#2312,#1627,#1628);
#1430=AXIS2_PLACEMENT_3D('',#2323,#1629,#1630);
#1431=AXIS2_PLACEMENT_3D('',#2334,#1631,#1632);
#1432=AXIS2_PLACEMENT_3D('',#2340,#1633,#1634);
#1433=AXIS2_PLACEMENT_3D('',#2341,#1635,#1636);
#1434=AXIS2_PLACEMENT_3D('',#2342,#1637,#1638);
#1435=AXIS2_PLACEMENT_3D('',#2343,#1639,#1640);
#1436=AXIS2_PLACEMENT_3D('',#2344,#1641,#1642);
#1437=AXIS2_PLACEMENT_3D('',#2350,#1643,#1644);
#1438=AXIS2_PLACEMENT_3D('',#2351,#1645,#1646);
#1439=AXIS2_PLACEMENT_3D('',#2362,#1647,#1648);
#1440=AXIS2_PLACEMENT_3D('',#2472,#1649,#1650);
#1441=AXIS2_PLACEMENT_3D('',#2486,#1651,#1652);
#1442=AXIS2_PLACEMENT_3D('',#2500,#1653,#1654);
#1443=AXIS2_PLACEMENT_3D('',#2501,#1655,#1656);
#1444=AXIS2_PLACEMENT_3D('',#2508,#1657,#1658);
#1445=AXIS2_PLACEMENT_3D('',#2509,#1659,#1660);
#1446=AXIS2_PLACEMENT_3D('',#2516,#1661,#1662);
#1447=AXIS2_PLACEMENT_3D('',#2517,#1663,#1664);
#1448=AXIS2_PLACEMENT_3D('',#2518,#1665,#1666);
#1449=AXIS2_PLACEMENT_3D('',#2519,#1667,#1668);
#1450=AXIS2_PLACEMENT_3D('',#2520,#1669,#1670);
#1451=AXIS2_PLACEMENT_3D('',#2521,#1671,#1672);
#1452=AXIS2_PLACEMENT_3D('',#2522,#1673,#1674);
#1453=AXIS2_PLACEMENT_3D('',#2523,#1675,#1676);
#1454=AXIS2_PLACEMENT_3D('',#2524,#1677,#1678);
#1455=AXIS2_PLACEMENT_3D('',#2525,#1679,#1680);
#1456=AXIS2_PLACEMENT_3D('',#2526,#1681,#1682);
#1457=AXIS2_PLACEMENT_3D('',#2527,#1683,#1684);
#1458=AXIS2_PLACEMENT_3D('',#2528,#1685,#1686);
#1459=AXIS2_PLACEMENT_3D('',#2529,#1687,#1688);
#1460=AXIS2_PLACEMENT_3D('',#2545,#1689,#1690);
#1461=AXIS2_PLACEMENT_3D('',#2546,#1691,#1692);
#1462=AXIS2_PLACEMENT_3D('',#2547,#1693,#1694);
#1463=AXIS2_PLACEMENT_3D('',#2563,#1695,#1696);
#1464=AXIS2_PLACEMENT_3D('',#2564,#1697,#1698);
#1465=AXIS2_PLACEMENT_3D('',#2565,#1699,#1700);
#1466=AXIS2_PLACEMENT_3D('',#2581,#1701,#1702);
#1467=AXIS2_PLACEMENT_3D('',#2582,#1703,#1704);
#1468=AXIS2_PLACEMENT_3D('',#2583,#1705,#1706);
#1469=AXIS2_PLACEMENT_3D('',#2614,#1707,#1708);
#1470=AXIS2_PLACEMENT_3D('',#2615,#1709,#1710);
#1471=AXIS2_PLACEMENT_3D('',#2616,#1711,#1712);
#1472=AXIS2_PLACEMENT_3D('',#2632,#1713,#1714);
#1473=AXIS2_PLACEMENT_3D('',#2633,#1715,#1716);
#1474=AXIS2_PLACEMENT_3D('',#2634,#1717,#1718);
#1475=AXIS2_PLACEMENT_3D('',#2650,#1719,#1720);
#1476=AXIS2_PLACEMENT_3D('',#2651,#1721,#1722);
#1477=AXIS2_PLACEMENT_3D('',#2652,#1723,#1724);
#1478=AXIS2_PLACEMENT_3D('',#2683,#1725,#1726);
#1479=AXIS2_PLACEMENT_3D('',#2684,#1727,#1728);
#1480=AXIS2_PLACEMENT_3D('',#2685,#1729,#1730);
#1481=AXIS2_PLACEMENT_3D('',#2704,#1731,#1732);
#1482=AXIS2_PLACEMENT_3D('',#2729,#1733,#1734);
#1483=AXIS2_PLACEMENT_3D('',#2748,#1735,#1736);
#1484=AXIS2_PLACEMENT_3D('',#2749,#1737,#1738);
#1485=AXIS2_PLACEMENT_3D('',#2750,#1739,#1740);
#1486=AXIS2_PLACEMENT_3D('',#2766,#1741,#1742);
#1487=AXIS2_PLACEMENT_3D('',#2775,#1747,#1748);
#1488=AXIS2_PLACEMENT_3D('',#2784,#1753,#1754);
#1489=AXIS2_PLACEMENT_3D('',#2785,#1755,#1756);
#1490=AXIS2_PLACEMENT_3D('',#2789,#1758,#1759);
#1491=AXIS2_PLACEMENT_3D('',#2801,#1760,#1761);
#1492=AXIS2_PLACEMENT_3D('',#2818,#1765,#1766);
#1493=AXIS2_PLACEMENT_3D('',#2933,#1770,#1771);
#1494=AXIS2_PLACEMENT_3D('',#2966,#1772,#1773);
#1495=AXIS2_PLACEMENT_3D('',#3085,#1774,#1775);
#1496=AXIS2_PLACEMENT_3D('',#3086,#1776,#1777);
#1497=AXIS2_PLACEMENT_3D('',#3087,#1778,#1779);
#1498=AXIS2_PLACEMENT_3D('',#3088,#1780,#1781);
#1499=AXIS2_PLACEMENT_3D('',#3176,#1782,#1783);
#1500=AXIS2_PLACEMENT_3D('',#3177,#1784,#1785);
#1501=AXIS2_PLACEMENT_3D('',#3178,#1786,#1787);
#1502=AXIS2_PLACEMENT_3D('',#3179,#1788,#1789);
#1503=AXIS2_PLACEMENT_3D('',#3180,#1790,#1791);
#1504=AXIS2_PLACEMENT_3D('',#3181,#1792,#1793);
#1505=AXIS2_PLACEMENT_3D('',#3182,#1794,#1795);
#1506=AXIS2_PLACEMENT_3D('',#3183,#1796,#1797);
#1507=AXIS2_PLACEMENT_3D('',#3184,#1798,#1799);
#1508=AXIS2_PLACEMENT_3D('',#3185,#1800,#1801);
#1509=AXIS2_PLACEMENT_3D('',#3194,#1806,#1807);
#1510=AXIS2_PLACEMENT_3D('',#3200,#1811,#1812);
#1511=AXIS2_PLACEMENT_3D('',#3206,#1816,#1817);
#1512=AXIS2_PLACEMENT_3D('',#3209,#1820,#1821);
#1513=AXIS2_PLACEMENT_3D('',#3210,#1822,#1823);
#1514=AXIS2_PLACEMENT_3D('',#3211,#1824,#1825);
#1515=AXIS2_PLACEMENT_3D('',#3212,#1826,#1827);
#1516=AXIS2_PLACEMENT_3D('',#3215,#1828,#1829);
#1517=AXIS2_PLACEMENT_3D('',#3219,#1831,#1832);
#1518=AXIS2_PLACEMENT_3D('',#3220,#1833,#1834);
#1519=AXIS2_PLACEMENT_3D('',#3221,#1835,#1836);
#1520=AXIS2_PLACEMENT_3D('',#3225,#1838,#1839);
#1521=AXIS2_PLACEMENT_3D('',#3231,#1843,#1844);
#1522=AXIS2_PLACEMENT_3D('',#3232,#1845,#1846);
#1523=AXIS2_PLACEMENT_3D('',#3234,#1847,#1848);
#1524=AXIS2_PLACEMENT_3D('',#3248,#1851,#1852);
#1525=AXIS2_PLACEMENT_3D('',#3259,#1854,#1855);
#1526=AXIS2_PLACEMENT_3D('',#3268,#1857,#1858);
#1527=AXIS2_PLACEMENT_3D('',#3269,#1859,#1860);
#1528=AXIS2_PLACEMENT_3D('',#3271,#1861,#1862);
#1529=AXIS2_PLACEMENT_3D('',#3272,#1863,#1864);
#1530=AXIS2_PLACEMENT_3D('',#3274,#1865,#1866);
#1531=AXIS2_PLACEMENT_3D('',#3276,#1868,#1869);
#1532=AXIS2_PLACEMENT_3D('',#3278,#1871,#1872);
#1533=AXIS2_PLACEMENT_3D('',#3280,#1874,#1875);
#1534=AXIS2_PLACEMENT_3D('',#3281,#1876,#1877);
#1535=AXIS2_PLACEMENT_3D('',#3282,#1878,#1879);
#1536=AXIS2_PLACEMENT_3D('',#3283,#1880,#1881);
#1537=AXIS2_PLACEMENT_3D('',#3284,#1882,#1883);
#1538=AXIS2_PLACEMENT_3D('',#3285,#1884,#1885);
#1539=AXIS2_PLACEMENT_3D('',#3286,#1886,#1887);
#1540=AXIS2_PLACEMENT_3D('',#3287,#1888,#1889);
#1541=AXIS2_PLACEMENT_3D('',#3288,#1890,#1891);
#1542=AXIS2_PLACEMENT_3D('',#3297,#1896,#1897);
#1543=AXIS2_PLACEMENT_3D('',#3303,#1901,#1902);
#1544=AXIS2_PLACEMENT_3D('',#3309,#1906,#1907);
#1545=AXIS2_PLACEMENT_3D('',#3312,#1910,#1911);
#1546=AXIS2_PLACEMENT_3D('',#3313,#1912,#1913);
#1547=DIRECTION('',(0.,0.,1.));
#1548=DIRECTION('',(1.,0.,0.));
#1549=DIRECTION('',(0.,0.,-1.));
#1550=DIRECTION('',(-1.,0.,0.));
#1551=DIRECTION('',(0.,0.,1.));
#1552=DIRECTION('',(1.,0.,0.));
#1553=DIRECTION('',(0.,0.,-1.));
#1554=DIRECTION('',(0.,0.,1.));
#1555=DIRECTION('',(1.,0.,0.));
#1556=DIRECTION('',(0.,0.,-1.));
#1557=DIRECTION('',(0.,0.,1.));
#1558=DIRECTION('',(1.,0.,0.));
#1559=DIRECTION('',(0.,0.,-1.));
#1560=DIRECTION('',(0.,0.,1.));
#1561=DIRECTION('',(1.,0.,0.));
#1562=DIRECTION('',(0.,0.,-1.));
#1563=DIRECTION('',(0.,0.,1.));
#1564=DIRECTION('',(1.,0.,0.));
#1565=DIRECTION('',(0.,0.,-1.));
#1566=DIRECTION('',(0.,0.,-1.));
#1567=DIRECTION('',(0.,1.,0.));
#1568=DIRECTION('',(0.,0.,1.));
#1569=DIRECTION('',(1.,0.,0.));
#1570=DIRECTION('',(0.,0.,-1.));
#1571=DIRECTION('',(1.,0.,0.));
#1572=DIRECTION('',(0.,0.,-1.));
#1573=DIRECTION('',(0.,0.,1.));
#1574=DIRECTION('',(1.,0.,0.));
#1575=DIRECTION('',(0.,0.,1.));
#1576=DIRECTION('',(1.,0.,0.));
#1577=DIRECTION('',(0.,0.,1.));
#1578=DIRECTION('',(1.,0.,0.));
#1579=DIRECTION('',(-1.63653158111019E-16,-1.,0.));
#1580=DIRECTION('',(0.,0.,1.));
#1581=DIRECTION('',(1.,0.,0.));
#1582=DIRECTION('',(-1.63653158111019E-16,-1.,0.));
#1583=DIRECTION('',(1.,0.,0.));
#1584=DIRECTION('',(1.,-1.63653158111019E-16,0.));
#1585=DIRECTION('',(1.63653158111019E-16,1.,0.));
#1586=DIRECTION('',(-1.63653158111019E-16,-1.,0.));
#1587=DIRECTION('',(0.,0.,1.));
#1588=DIRECTION('',(-1.63653158111019E-16,-1.,0.));
#1589=DIRECTION('',(0.,0.,-1.));
#1590=DIRECTION('',(1.,-1.63653158111019E-16,0.));
#1591=DIRECTION('',(1.63653158111019E-16,1.,0.));
#1592=DIRECTION('',(-1.63653158111019E-16,-1.,0.));
#1593=DIRECTION('',(0.,0.,-1.));
#1594=DIRECTION('',(-1.63653158111019E-16,-1.,0.));
#1595=DIRECTION('',(0.,0.,-1.));
#1596=DIRECTION('',(0.,0.,1.));
#1597=DIRECTION('',(1.,0.,0.));
#1598=DIRECTION('',(-2.00536792281713E-16,-1.,0.));
#1599=DIRECTION('',(-2.00536792281713E-16,-1.,0.));
#1600=DIRECTION('',(0.,0.,1.));
#1601=DIRECTION('',(1.,0.,0.));
#1602=DIRECTION('',(1.,-2.00536792281713E-16,0.));
#1603=DIRECTION('',(2.00536792281713E-16,1.,0.));
#1604=DIRECTION('',(-2.00536792281713E-16,-1.,0.));
#1605=DIRECTION('',(0.,0.,1.));
#1606=DIRECTION('',(-2.00536792281713E-16,-1.,0.));
#1607=DIRECTION('',(0.,0.,1.));
#1608=DIRECTION('',(1.,-2.00536792281713E-16,0.));
#1609=DIRECTION('',(2.00536792281713E-16,1.,0.));
#1610=DIRECTION('',(-2.00536792281713E-16,-1.,0.));
#1611=DIRECTION('',(0.,0.,-1.));
#1612=DIRECTION('',(-2.00536792281713E-16,-1.,0.));
#1613=DIRECTION('',(0.,0.,-1.));
#1614=DIRECTION('',(0.,0.,1.));
#1615=DIRECTION('',(1.,0.,0.));
#1616=DIRECTION('',(0.,0.,1.));
#1617=DIRECTION('',(1.,0.,0.));
#1618=DIRECTION('',(-2.00536792281713E-16,-1.,0.));
#1619=DIRECTION('',(-2.00536792281713E-16,-1.,0.));
#1620=DIRECTION('',(0.,0.,1.));
#1621=DIRECTION('',(1.,0.,0.));
#1622=DIRECTION('',(-1.63653158111019E-16,-1.,0.));
#1623=DIRECTION('',(1.,0.,0.));
#1624=DIRECTION('',(-1.63653158111019E-16,-1.,0.));
#1625=DIRECTION('',(0.,0.,1.));
#1626=DIRECTION('',(1.,0.,0.));
#1627=DIRECTION('',(2.00536792281713E-16,1.,0.));
#1628=DIRECTION('',(-1.,2.00536792281713E-16,0.));
#1629=DIRECTION('',(0.,0.,1.));
#1630=DIRECTION('',(1.,0.,0.));
#1631=DIRECTION('',(1.63653158111019E-16,1.,0.));
#1632=DIRECTION('',(-1.,1.63653158111019E-16,0.));
#1633=DIRECTION('',(1.63653158111019E-16,1.,0.));
#1634=DIRECTION('',(-1.,1.63653158111019E-16,0.));
#1635=DIRECTION('',(1.,0.,0.));
#1636=DIRECTION('',(0.,0.,-1.));
#1637=DIRECTION('',(1.,0.,0.));
#1638=DIRECTION('',(0.,0.,-1.));
#1639=DIRECTION('',(1.,0.,0.));
#1640=DIRECTION('',(0.,0.,-1.));
#1641=DIRECTION('',(-1.63653158111019E-16,-1.,0.));
#1642=DIRECTION('',(1.,-1.63653158111019E-16,0.));
#1643=DIRECTION('',(-1.63653158111019E-16,-1.,0.));
#1644=DIRECTION('',(1.,-1.63653158111019E-16,0.));
#1645=DIRECTION('',(0.,0.,1.));
#1646=DIRECTION('',(1.,0.,0.));
#1647=DIRECTION('',(-2.00536792281713E-16,-1.,0.));
#1648=DIRECTION('',(1.,-2.00536792281713E-16,0.));
#1649=DIRECTION('',(-2.00536792281713E-16,-1.,0.));
#1650=DIRECTION('',(1.,-2.00536792281713E-16,0.));
#1651=DIRECTION('',(2.00536792281713E-16,1.,0.));
#1652=DIRECTION('',(-1.,2.00536792281713E-16,0.));
#1653=DIRECTION('',(0.,0.,1.));
#1654=DIRECTION('',(1.,0.,0.));
#1655=DIRECTION('',(1.63653158111019E-16,1.,0.));
#1656=DIRECTION('',(-1.,1.63653158111019E-16,0.));
#1657=DIRECTION('',(1.63653158111019E-16,1.,0.));
#1658=DIRECTION('',(-1.,1.63653158111019E-16,0.));
#1659=DIRECTION('',(-1.63653158111019E-16,-1.,0.));
#1660=DIRECTION('',(1.,-1.63653158111019E-16,0.));
#1661=DIRECTION('',(-1.63653158111019E-16,-1.,0.));
#1662=DIRECTION('',(1.,-1.63653158111019E-16,0.));
#1663=DIRECTION('',(0.,0.,1.));
#1664=DIRECTION('',(1.,0.,0.));
#1665=DIRECTION('',(0.,0.,-1.));
#1666=DIRECTION('',(-1.,0.,0.));
#1667=DIRECTION('',(0.,0.,-1.));
#1668=DIRECTION('',(-1.,0.,0.));
#1669=DIRECTION('',(0.,0.,-1.));
#1670=DIRECTION('',(-1.,0.,0.));
#1671=DIRECTION('',(0.,1.,0.));
#1672=DIRECTION('',(0.,0.,1.));
#1673=DIRECTION('',(-1.,0.,-3.46944695195361E-15));
#1674=DIRECTION('',(-3.46944695195361E-15,0.,1.));
#1675=DIRECTION('',(-1.,0.,0.));
#1676=DIRECTION('',(0.,0.,1.));
#1677=DIRECTION('',(-1.,0.,0.));
#1678=DIRECTION('',(0.,0.,1.));
#1679=DIRECTION('',(0.,1.,0.));
#1680=DIRECTION('',(0.,0.,1.));
#1681=DIRECTION('',(0.,0.,1.));
#1682=DIRECTION('',(1.,0.,0.));
#1683=DIRECTION('',(0.,0.,1.));
#1684=DIRECTION('',(1.,0.,0.));
#1685=DIRECTION('',(0.,0.,1.));
#1686=DIRECTION('',(1.,0.,0.));
#1687=DIRECTION('',(0.,0.,1.));
#1688=DIRECTION('',(1.,0.,0.));
#1689=DIRECTION('',(0.,0.,1.));
#1690=DIRECTION('',(1.,0.,0.));
#1691=DIRECTION('',(0.,0.,-1.));
#1692=DIRECTION('',(-1.,0.,0.));
#1693=DIRECTION('',(0.,0.,1.));
#1694=DIRECTION('',(1.,0.,0.));
#1695=DIRECTION('',(0.767223944009565,0.641379310344829,0.));
#1696=DIRECTION('',(-0.641379310344829,0.767223944009565,0.));
#1697=DIRECTION('',(0.,0.,1.));
#1698=DIRECTION('',(1.,0.,0.));
#1699=DIRECTION('',(0.767223944009565,-0.641379310344829,2.66184277400981E-15));
#1700=DIRECTION('',(0.641379310344829,0.767223944009565,0.));
#1701=DIRECTION('',(0.,0.,-1.));
#1702=DIRECTION('',(-1.,0.,0.));
#1703=DIRECTION('',(0.,0.,-1.));
#1704=DIRECTION('',(-1.,0.,0.));
#1705=DIRECTION('',(0.,0.,-1.));
#1706=DIRECTION('',(-1.,0.,0.));
#1707=DIRECTION('',(0.,0.,1.));
#1708=DIRECTION('',(1.,0.,0.));
#1709=DIRECTION('',(0.,0.,-1.));
#1710=DIRECTION('',(-1.,0.,0.));
#1711=DIRECTION('',(0.,0.,1.));
#1712=DIRECTION('',(1.,0.,0.));
#1713=DIRECTION('',(-0.778547078161108,-0.627586206896552,-2.70112778727845E-15));
#1714=DIRECTION('',(0.627586206896552,-0.778547078161108,0.));
#1715=DIRECTION('',(0.,0.,1.));
#1716=DIRECTION('',(1.,0.,0.));
#1717=DIRECTION('',(-0.778547078161108,0.627586206896552,2.70112778727845E-15));
#1718=DIRECTION('',(-0.627586206896552,-0.778547078161108,0.));
#1719=DIRECTION('',(0.,0.,-1.));
#1720=DIRECTION('',(-1.,0.,0.));
#1721=DIRECTION('',(0.,0.,-1.));
#1722=DIRECTION('',(-1.,0.,0.));
#1723=DIRECTION('',(0.,0.,-1.));
#1724=DIRECTION('',(-1.,0.,0.));
#1725=DIRECTION('',(1.38777878078184E-14,7.01699590251598E-15,1.));
#1726=DIRECTION('',(1.,0.,-1.38777878078184E-14));
#1727=DIRECTION('',(0.,0.,-1.));
#1728=DIRECTION('',(-1.,0.,0.));
#1729=DIRECTION('',(0.,0.,1.));
#1730=DIRECTION('',(1.,0.,0.));
#1731=DIRECTION('',(-0.66873141954293,-0.74350406086053,0.));
#1732=DIRECTION('',(0.74350406086053,-0.66873141954293,0.));
#1733=DIRECTION('',(-0.668731419542931,0.743504060860528,9.79935216585305E-15));
#1734=DIRECTION('',(-0.743504060860528,-0.668731419542931,0.));
#1735=DIRECTION('',(0.,0.,-1.));
#1736=DIRECTION('',(-1.,0.,0.));
#1737=DIRECTION('',(0.,0.,-1.));
#1738=DIRECTION('',(-1.,0.,0.));
#1739=DIRECTION('',(6.93889390390725E-15,-9.31699832610378E-15,-1.));
#1740=DIRECTION('',(0.,1.,-9.31699832610378E-15));
#1741=DIRECTION('',(1.,-2.00536792281713E-16,0.));
#1742=DIRECTION('',(2.00536792281713E-16,1.,0.));
#1743=DIRECTION('',(0.,0.,-1.));
#1744=DIRECTION('',(-2.00536792281713E-16,-1.,0.));
#1745=DIRECTION('',(0.,0.,-1.));
#1746=DIRECTION('',(-2.00536792281713E-16,-1.,0.));
#1747=DIRECTION('',(1.,-2.00536792281713E-16,0.));
#1748=DIRECTION('',(2.00536792281713E-16,1.,0.));
#1749=DIRECTION('',(0.,0.,-1.));
#1750=DIRECTION('',(-2.00536792281713E-16,-1.,0.));
#1751=DIRECTION('',(0.,0.,-1.));
#1752=DIRECTION('',(-2.00536792281713E-16,-1.,0.));
#1753=DIRECTION('',(0.,0.,1.));
#1754=DIRECTION('',(1.,0.,0.));
#1755=DIRECTION('',(0.,0.,1.));
#1756=DIRECTION('',(1.,0.,0.));
#1757=DIRECTION('',(1.,0.,0.));
#1758=DIRECTION('',(0.,0.,1.));
#1759=DIRECTION('',(1.,0.,0.));
#1760=DIRECTION('',(0.,0.,1.));
#1761=DIRECTION('',(1.,0.,0.));
#1762=DIRECTION('',(1.,0.,0.));
#1763=DIRECTION('',(-2.00536792281713E-16,-1.,0.));
#1764=DIRECTION('',(-2.00536792281713E-16,-1.,0.));
#1765=DIRECTION('',(0.,1.,0.));
#1766=DIRECTION('',(0.,0.,1.));
#1767=DIRECTION('',(0.,0.,-1.));
#1768=DIRECTION('',(1.,0.,0.));
#1769=DIRECTION('',(0.,0.,-1.));
#1770=DIRECTION('',(0.,0.,1.));
#1771=DIRECTION('',(1.,0.,0.));
#1772=DIRECTION('',(0.,0.,1.));
#1773=DIRECTION('',(1.,0.,0.));
#1774=DIRECTION('',(0.,0.,1.));
#1775=DIRECTION('',(1.,0.,0.));
#1776=DIRECTION('',(0.,0.,1.));
#1777=DIRECTION('',(1.,0.,0.));
#1778=DIRECTION('',(0.,0.,-1.));
#1779=DIRECTION('',(-1.,0.,0.));
#1780=DIRECTION('',(0.,0.,-1.));
#1781=DIRECTION('',(-1.,0.,0.));
#1782=DIRECTION('',(2.00536792281713E-16,1.,0.));
#1783=DIRECTION('',(-1.,2.00536792281713E-16,0.));
#1784=DIRECTION('',(0.,-1.,0.));
#1785=DIRECTION('',(0.,0.,-1.));
#1786=DIRECTION('',(0.,0.,1.));
#1787=DIRECTION('',(1.,0.,0.));
#1788=DIRECTION('',(-1.,0.,0.));
#1789=DIRECTION('',(0.,0.,1.));
#1790=DIRECTION('',(1.,0.,0.));
#1791=DIRECTION('',(0.,0.,-1.));
#1792=DIRECTION('',(-1.,0.,0.));
#1793=DIRECTION('',(0.,0.,1.));
#1794=DIRECTION('',(0.,0.,1.));
#1795=DIRECTION('',(1.,0.,0.));
#1796=DIRECTION('',(0.,1.,0.));
#1797=DIRECTION('',(0.,0.,1.));
#1798=DIRECTION('',(-2.00536792281713E-16,-1.,0.));
#1799=DIRECTION('',(1.,-2.00536792281713E-16,0.));
#1800=DIRECTION('',(1.,-2.00536792281713E-16,0.));
#1801=DIRECTION('',(2.00536792281713E-16,1.,0.));
#1802=DIRECTION('',(-2.00536792281713E-16,-1.,0.));
#1803=DIRECTION('',(0.,0.,-1.));
#1804=DIRECTION('',(-2.00536792281713E-16,-1.,0.));
#1805=DIRECTION('',(0.,0.,-1.));
#1806=DIRECTION('',(0.,1.,0.));
#1807=DIRECTION('',(0.,0.,1.));
#1808=DIRECTION('',(1.,0.,0.));
#1809=DIRECTION('',(1.,0.,0.));
#1810=DIRECTION('',(0.,0.,-1.));
#1811=DIRECTION('',(1.,-2.00536792281713E-16,0.));
#1812=DIRECTION('',(2.00536792281713E-16,1.,0.));
#1813=DIRECTION('',(-2.00536792281713E-16,-1.,0.));
#1814=DIRECTION('',(-2.00536792281713E-16,-1.,0.));
#1815=DIRECTION('',(0.,0.,-1.));
#1816=DIRECTION('',(0.,1.,0.));
#1817=DIRECTION('',(0.,0.,1.));
#1818=DIRECTION('',(1.,0.,0.));
#1819=DIRECTION('',(1.,0.,0.));
#1820=DIRECTION('',(0.,0.,1.));
#1821=DIRECTION('',(1.,0.,0.));
#1822=DIRECTION('',(0.,0.,1.));
#1823=DIRECTION('',(1.,0.,0.));
#1824=DIRECTION('',(0.,0.,1.));
#1825=DIRECTION('',(1.,0.,0.));
#1826=DIRECTION('',(0.,0.,1.));
#1827=DIRECTION('',(1.,0.,0.));
#1828=DIRECTION('',(0.,0.,1.));
#1829=DIRECTION('',(1.,0.,0.));
#1830=DIRECTION('',(1.,0.,0.));
#1831=DIRECTION('',(0.,0.,1.));
#1832=DIRECTION('',(1.,0.,0.));
#1833=DIRECTION('',(0.,0.,1.));
#1834=DIRECTION('',(1.,0.,0.));
#1835=DIRECTION('',(0.,0.,1.));
#1836=DIRECTION('',(1.,0.,0.));
#1837=DIRECTION('',(1.,0.,0.));
#1838=DIRECTION('',(0.,1.,0.));
#1839=DIRECTION('',(0.,0.,1.));
#1840=DIRECTION('',(0.,0.,-1.));
#1841=DIRECTION('',(1.,0.,0.));
#1842=DIRECTION('',(0.,0.,-1.));
#1843=DIRECTION('',(0.,0.,-1.));
#1844=DIRECTION('',(-1.,0.,0.));
#1845=DIRECTION('',(0.,0.,1.));
#1846=DIRECTION('',(1.,0.,0.));
#1847=DIRECTION('',(0.,0.,1.));
#1848=DIRECTION('',(1.,0.,0.));
#1849=DIRECTION('',(0.,0.,-1.));
#1850=DIRECTION('',(0.,0.,-1.));
#1851=DIRECTION('',(0.,0.,1.));
#1852=DIRECTION('',(1.,0.,0.));
#1853=DIRECTION('',(0.,0.,-1.));
#1854=DIRECTION('',(0.,0.,1.));
#1855=DIRECTION('',(1.,0.,0.));
#1856=DIRECTION('',(0.,0.,-1.));
#1857=DIRECTION('',(0.,0.,1.));
#1858=DIRECTION('',(1.,0.,0.));
#1859=DIRECTION('',(0.,0.,1.));
#1860=DIRECTION('',(1.,0.,0.));
#1861=DIRECTION('',(0.,0.,1.));
#1862=DIRECTION('',(1.,0.,0.));
#1863=DIRECTION('',(0.,0.,1.));
#1864=DIRECTION('',(1.,0.,0.));
#1865=DIRECTION('',(0.,0.,1.));
#1866=DIRECTION('',(1.,0.,0.));
#1867=DIRECTION('',(1.,0.,0.));
#1868=DIRECTION('',(0.,0.,1.));
#1869=DIRECTION('',(1.,0.,0.));
#1870=DIRECTION('',(1.,0.,0.));
#1871=DIRECTION('',(0.,1.,0.));
#1872=DIRECTION('',(0.,0.,1.));
#1873=DIRECTION('',(1.,0.,0.));
#1874=DIRECTION('',(0.,0.,1.));
#1875=DIRECTION('',(1.,0.,0.));
#1876=DIRECTION('',(0.,0.,1.));
#1877=DIRECTION('',(1.,0.,0.));
#1878=DIRECTION('',(0.707106781186548,0.,0.707106781186548));
#1879=DIRECTION('',(-0.707106781186548,0.,0.707106781186548));
#1880=DIRECTION('',(0.,0.,-1.));
#1881=DIRECTION('',(-1.,0.,0.));
#1882=DIRECTION('',(0.707106781186548,0.,-0.707106781186548));
#1883=DIRECTION('',(-0.707106781186548,0.,-0.707106781186548));
#1884=DIRECTION('',(0.,0.,1.));
#1885=DIRECTION('',(1.,0.,0.));
#1886=DIRECTION('',(1.,0.,0.));
#1887=DIRECTION('',(0.,0.,-1.));
#1888=DIRECTION('',(-1.,0.,0.));
#1889=DIRECTION('',(0.,0.,1.));
#1890=DIRECTION('',(0.,1.,0.));
#1891=DIRECTION('',(0.,0.,1.));
#1892=DIRECTION('',(1.,0.,0.));
#1893=DIRECTION('',(0.,0.,-1.));
#1894=DIRECTION('',(1.,0.,0.));
#1895=DIRECTION('',(0.,0.,-1.));
#1896=DIRECTION('',(1.,-1.63653158111019E-16,0.));
#1897=DIRECTION('',(1.63653158111019E-16,1.,0.));
#1898=DIRECTION('',(-1.63653158111019E-16,-1.,0.));
#1899=DIRECTION('',(-1.63653158111019E-16,-1.,0.));
#1900=DIRECTION('',(0.,0.,-1.));
#1901=DIRECTION('',(0.,1.,0.));
#1902=DIRECTION('',(0.,0.,1.));
#1903=DIRECTION('',(1.,0.,0.));
#1904=DIRECTION('',(1.,0.,0.));
#1905=DIRECTION('',(0.,0.,-1.));
#1906=DIRECTION('',(1.,-1.63653158111019E-16,0.));
#1907=DIRECTION('',(1.63653158111019E-16,1.,0.));
#1908=DIRECTION('',(-1.63653158111019E-16,-1.,0.));
#1909=DIRECTION('',(-1.63653158111019E-16,-1.,0.));
#1910=DIRECTION('',(0.,0.,1.));
#1911=DIRECTION('',(1.,0.,0.));
#1912=DIRECTION('',(0.,0.,1.));
#1913=DIRECTION('',(1.,0.,0.));
#1914=CARTESIAN_POINT('',(0.,0.,0.));
#1915=CARTESIAN_POINT('',(1.12757025938492E-17,0.06025,0.012));
#1916=CARTESIAN_POINT('',(1.12757025938492E-17,0.06025,-0.0115));
#1917=CARTESIAN_POINT('',(0.014,0.06025,-0.0115));
#1918=CARTESIAN_POINT('',(0.00878620689655172,0.0711496590942555,-0.005));
#1919=CARTESIAN_POINT('',(0.00902136235276489,0.0709601004600565,-0.005));
#1920=CARTESIAN_POINT('',(0.00947070652419004,0.0705703294628473,-0.00484092336356569));
#1921=CARTESIAN_POINT('',(0.00975172413793104,0.0702950921517771,-0.0043042385778989));
#1922=CARTESIAN_POINT('',(0.00975172413793104,0.0702950921517771,-0.004));
#1923=CARTESIAN_POINT('',(0.00878620689655172,0.0711496590942555,-0.005));
#1924=CARTESIAN_POINT('',(0.00975172413793104,0.0702950921517771,-0.004));
#1925=CARTESIAN_POINT('',(0.00975172413793104,0.0702950921517771,0.012));
#1926=CARTESIAN_POINT('',(0.00975172413793104,0.0702950921517771,0.0115));
#1927=CARTESIAN_POINT('',(1.12757025938492E-17,0.06025,0.0115));
#1928=CARTESIAN_POINT('',(0.0099448275862069,0.0503960462614939,0.0115));
#1929=CARTESIAN_POINT('',(0.0099448275862069,0.0503960462614939,0.012));
#1930=CARTESIAN_POINT('',(0.00994482758620689,0.0503960462614939,-0.004));
#1931=CARTESIAN_POINT('',(0.00994482758620689,0.0503960462614939,-0.004));
#1932=CARTESIAN_POINT('',(0.00994482758620689,0.0503960462614939,-0.0043069491355736));
#1933=CARTESIAN_POINT('',(0.00966256340641836,0.0501086467154142,-0.00484131373218817));
#1934=CARTESIAN_POINT('',(0.00921317184789274,0.0497043669325194,-0.005));
#1935=CARTESIAN_POINT('',(0.00897931034482758,0.0495088647838661,-0.005));
#1936=CARTESIAN_POINT('',(0.00897931034482758,0.0495088647838661,-0.005));
#1937=CARTESIAN_POINT('',(1.12757025938492E-17,0.06025,-0.005));
#1938=CARTESIAN_POINT('',(-0.00897931034482759,0.0495088647838661,-0.005));
#1939=CARTESIAN_POINT('',(-0.00897931034482759,0.0495088647838661,-0.005));
#1940=CARTESIAN_POINT('',(-0.00921322687680657,0.0497044129352636,-0.005));
#1941=CARTESIAN_POINT('',(-0.00965992942711699,0.0501061584635312,-0.00484365655084996));
#1942=CARTESIAN_POINT('',(-0.0099448275862069,0.0503960462614939,-0.00430705421020069));
#1943=CARTESIAN_POINT('',(-0.0099448275862069,0.0503960462614939,-0.004));
#1944=CARTESIAN_POINT('',(-0.0099448275862069,0.0503960462614939,-0.004));
#1945=CARTESIAN_POINT('',(-0.0099448275862069,0.0503960462614939,0.012));
#1946=CARTESIAN_POINT('',(-0.0099448275862069,0.0503960462614939,0.0115));
#1947=CARTESIAN_POINT('',(1.12757025938492E-17,0.06025,0.0115));
#1948=CARTESIAN_POINT('',(-0.00975172413793104,0.0702950921517771,0.0115));
#1949=CARTESIAN_POINT('',(-0.00975172413793104,0.0702950921517771,0.012));
#1950=CARTESIAN_POINT('',(-0.00975172413793104,0.0702950921517771,-0.004));
#1951=CARTESIAN_POINT('',(-0.00975172413793104,0.0702950921517771,-0.004));
#1952=CARTESIAN_POINT('',(-0.00975172413793104,0.0702950921517771,-0.00430384374303362));
#1953=CARTESIAN_POINT('',(-0.00947394763529205,0.0705673837653956,-0.00483818942761726));
#1954=CARTESIAN_POINT('',(-0.00902121709184176,0.070960217554776,-0.005));
#1955=CARTESIAN_POINT('',(-0.00878620689655172,0.0711496590942555,-0.005));
#1956=CARTESIAN_POINT('',(-0.00878620689655172,0.0711496590942555,-0.005));
#1957=CARTESIAN_POINT('',(1.12757025938492E-17,0.06025,-0.005));
#1958=CARTESIAN_POINT('',(0.00549704732380994,0.0178211191857425,0.0115));
#1959=CARTESIAN_POINT('',(0.00549704732380994,0.0178211191857425,-0.0115));
#1960=CARTESIAN_POINT('',(-1.51788304147971E-18,0.0192894404071288,0.0115));
#1961=CARTESIAN_POINT('',(-1.51788304147971E-18,0.0192894404071288,-0.0115));
#1962=CARTESIAN_POINT('',(-0.00549704732380992,0.0178211191857425,0.0115));
#1963=CARTESIAN_POINT('',(-0.00549704732380992,0.0178211191857425,-0.0115));
#1964=CARTESIAN_POINT('',(-0.0101572190234279,0.0136396941171746,0.0115));
#1965=CARTESIAN_POINT('',(-0.0101572190234279,0.0136396941171746,-0.0115));
#1966=CARTESIAN_POINT('',(-0.0132710462021486,0.00738174926340188,0.0115));
#1967=CARTESIAN_POINT('',(-0.0132710462021486,0.00738174926340188,-0.0115));
#1968=CARTESIAN_POINT('',(-0.0143644768989257,6.28159633683789E-18,0.0115));
#1969=CARTESIAN_POINT('',(-0.0143644768989257,6.28159633683789E-18,-0.0115));
#1970=CARTESIAN_POINT('',(-0.0132710462021486,-0.0073817492634019,0.0115));
#1971=CARTESIAN_POINT('',(-0.0132710462021486,-0.0073817492634019,-0.0115));
#1972=CARTESIAN_POINT('',(-0.0101572190234278,-0.0136396941171746,0.0115));
#1973=CARTESIAN_POINT('',(-0.0101572190234278,-0.0136396941171746,-0.0115));
#1974=CARTESIAN_POINT('',(-0.00549704732380996,-0.0178211191857424,0.0115));
#1975=CARTESIAN_POINT('',(-0.00549704732380996,-0.0178211191857424,-0.0115));
#1976=CARTESIAN_POINT('',(1.6544115176873E-17,-0.0192894404071288,0.0115));
#1977=CARTESIAN_POINT('',(1.6544115176873E-17,-0.0192894404071288,-0.0115));
#1978=CARTESIAN_POINT('',(0.00549704732380988,-0.0178211191857425,0.0115));
#1979=CARTESIAN_POINT('',(0.00549704732380988,-0.0178211191857425,-0.0115));
#1980=CARTESIAN_POINT('',(0.0101572190234279,-0.0136396941171745,0.0115));
#1981=CARTESIAN_POINT('',(0.0101572190234279,-0.0136396941171745,-0.0115));
#1982=CARTESIAN_POINT('',(0.0132710462021486,-0.00738174926340195,0.0115));
#1983=CARTESIAN_POINT('',(0.0132710462021486,-0.00738174926340195,-0.0115));
#1984=CARTESIAN_POINT('',(0.0143644768989257,7.30074637897427E-17,0.0115));
#1985=CARTESIAN_POINT('',(0.0143644768989257,7.30074637897427E-17,-0.0115));
#1986=CARTESIAN_POINT('',(0.0132710462021486,0.00738174926340184,0.0115));
#1987=CARTESIAN_POINT('',(0.0132710462021486,0.00738174926340184,-0.0115));
#1988=CARTESIAN_POINT('',(0.0101572190234279,0.0136396941171745,0.0115));
#1989=CARTESIAN_POINT('',(0.0101572190234279,0.0136396941171745,-0.0115));
#1990=CARTESIAN_POINT('',(0.00549704732380994,0.0178211191857425,0.0115));
#1991=CARTESIAN_POINT('',(0.00549704732380994,0.0178211191857425,-0.0115));
#1992=CARTESIAN_POINT('',(-1.51788304147971E-18,0.0192894404071288,0.0115));
#1993=CARTESIAN_POINT('',(-1.51788304147971E-18,0.0192894404071288,-0.0115));
#1994=CARTESIAN_POINT('',(-0.00549704732380992,0.0178211191857425,0.0115));
#1995=CARTESIAN_POINT('',(-0.00549704732380992,0.0178211191857425,-0.0115));
#1996=CARTESIAN_POINT('',(0.0032680852759625,0.0184502179697555,-0.0115));
#1997=CARTESIAN_POINT('',(-2.74461587123893E-6,0.0189743142756729,-0.0115));
#1998=CARTESIAN_POINT('',(-0.00325710681247756,0.0184525249275528,-0.0115));
#1999=CARTESIAN_POINT('',(-0.00620328793695688,0.017018573012697,-0.0115));
#2000=CARTESIAN_POINT('',(-0.00870049219535712,0.0148914575996147,-0.0115));
#2001=CARTESIAN_POINT('',(-0.0106734354664148,0.012341871569716,-0.0115));
#2002=CARTESIAN_POINT('',(-0.0121935086685169,0.00944665436269284,-0.0115));
#2003=CARTESIAN_POINT('',(-0.0132356582646668,0.00641780211277548,-0.0115));
#2004=CARTESIAN_POINT('',(-0.0138648258053124,0.00321470241985446,-0.0115));
#2005=CARTESIAN_POINT('',(-0.0141366735252305,-0.00106467185411056,-0.0115));
#2006=CARTESIAN_POINT('',(-0.0135839819901522,-0.00539786949910109,-0.0115));
#2007=CARTESIAN_POINT('',(-0.0122012951234676,-0.00942800086623885,-0.0115));
#2008=CARTESIAN_POINT('',(-0.0106833884089842,-0.0123273550472044,-0.0115));
#2009=CARTESIAN_POINT('',(-0.00870555303552833,-0.014886174674426,-0.0115));
#2010=CARTESIAN_POINT('',(-0.00621665547572144,-0.0170085374808072,-0.0115));
#2011=CARTESIAN_POINT('',(-0.00327387473524614,-0.0184486570493817,-0.0115));
#2012=CARTESIAN_POINT('',(-1.02394022694713E-5,-0.018971977485944,-0.0115));
#2013=CARTESIAN_POINT('',(0.00322313015431954,-0.0184633657896953,-0.0115));
#2014=CARTESIAN_POINT('',(0.00717094250965757,-0.0165527838589159,-0.0115));
#2015=CARTESIAN_POINT('',(0.0109165320573605,-0.0124861366891756,-0.0115));
#2016=CARTESIAN_POINT('',(0.0134469692251159,-0.0064770327355779,-0.0115));
#2017=CARTESIAN_POINT('',(0.0141386205122121,-0.00108874726901584,-0.0115));
#2018=CARTESIAN_POINT('',(0.0138610861029845,0.00323337742391648,-0.0115));
#2019=CARTESIAN_POINT('',(0.0132479062659233,0.0063733984256346,-0.0115));
#2020=CARTESIAN_POINT('',(0.0121860576815388,0.00946481663146313,-0.0115));
#2021=CARTESIAN_POINT('',(0.010190183176797,0.013268914382165,-0.0115));
#2022=CARTESIAN_POINT('',(0.00718559063186226,0.0165362259797038,-0.0115));
#2023=CARTESIAN_POINT('',(0.0032680852759625,0.0184502179697555,-0.0115));
#2024=CARTESIAN_POINT('',(-2.74461587123893E-6,0.0189743142756729,-0.0115));
#2025=CARTESIAN_POINT('',(-0.00325710681247756,0.0184525249275528,-0.0115));
#2026=CARTESIAN_POINT('',(0.,0.0188,-0.0115));
#2027=CARTESIAN_POINT('',(0.00892824796956972,0.014480856652985,-0.005));
#2028=CARTESIAN_POINT('',(0.00915286713896163,0.0142311222159458,-0.005));
#2029=CARTESIAN_POINT('',(0.00947233231760042,0.0138509271624244,-0.00488886868336429));
#2030=CARTESIAN_POINT('',(0.00981045973439181,0.0134138702764145,-0.00448959772017492));
#2031=CARTESIAN_POINT('',(0.00989899295322192,0.0132942815441075,-0.00416956513520812));
#2032=CARTESIAN_POINT('',(0.00989899295322192,0.0132942815441075,-0.004));
#2033=CARTESIAN_POINT('',(0.00892824796956972,0.014480856652985,-0.005));
#2034=CARTESIAN_POINT('',(0.00989899295322192,0.0132942815441075,-0.004));
#2035=CARTESIAN_POINT('',(0.00989899295322192,0.0132942815441075,-0.004));
#2036=CARTESIAN_POINT('',(0.00989899295322617,0.0132942815441018,0.0115));
#2037=CARTESIAN_POINT('',(0.00989899295322617,0.0132942815441018,0.0115));
#2038=CARTESIAN_POINT('',(0.0109030312491359,0.0119461382734465,0.0115));
#2039=CARTESIAN_POINT('',(0.0121077158914341,0.00971383411801402,0.0115));
#2040=CARTESIAN_POINT('',(0.0131610621314396,0.00657956172256139,0.0115));
#2041=CARTESIAN_POINT('',(0.0138830991603968,0.00330040485745587,0.0115));
#2042=CARTESIAN_POINT('',(0.0141503432270405,-0.000851386145679432,0.0115));
#2043=CARTESIAN_POINT('',(0.0134821460242269,-0.00585275656808732,0.0115));
#2044=CARTESIAN_POINT('',(0.0121013126798515,-0.00975154299852762,0.0115));
#2045=CARTESIAN_POINT('',(0.0104143638382582,-0.0126681700875182,0.0115));
#2046=CARTESIAN_POINT('',(0.0083658152238821,-0.0152910934432598,0.0115));
#2047=CARTESIAN_POINT('',(0.00568985127825291,-0.0174153963887276,0.0115));
#2048=CARTESIAN_POINT('',(0.00253747451245458,-0.0185898277497758,0.0115));
#2049=CARTESIAN_POINT('',(-0.0008398567011739,-0.0190099753931771,0.0115));
#2050=CARTESIAN_POINT('',(-0.00500234461014462,-0.0179610316962714,0.0115));
#2051=CARTESIAN_POINT('',(-0.00900658485027936,-0.0147890902405855,0.0115));
#2052=CARTESIAN_POINT('',(-0.0118037738042638,-0.0105777735460415,0.0115));
#2053=CARTESIAN_POINT('',(-0.0134875692056515,-0.00583700376328449,0.0115));
#2054=CARTESIAN_POINT('',(-0.0141508525316932,-0.000864487437837738,0.0115));
#2055=CARTESIAN_POINT('',(-0.0138769805763144,0.00332916429923779,0.0115));
#2056=CARTESIAN_POINT('',(-0.0131677636837413,0.00655557976665609,0.0115));
#2057=CARTESIAN_POINT('',(-0.0120968617511447,0.00974510746016385,0.0115));
#2058=CARTESIAN_POINT('',(-0.0109036219496085,0.0119453451275385,0.0115));
#2059=CARTESIAN_POINT('',(-0.00989899295322203,0.0132942815441073,0.0115));
#2060=CARTESIAN_POINT('',(-0.00989899295322202,0.0132942815441074,0.0115));
#2061=CARTESIAN_POINT('',(-0.00989899295322194,0.0132942815441075,0.0115));
#2062=CARTESIAN_POINT('',(-0.00989899295322194,0.0132942815441075,-0.004));
#2063=CARTESIAN_POINT('',(-0.00989899295322194,0.0132942815441075,-0.004));
#2064=CARTESIAN_POINT('',(-0.00989899295322194,0.0132942815441075,-0.00416961132834283));
#2065=CARTESIAN_POINT('',(-0.00981083909311856,0.0134133538354775,-0.00448850290265298));
#2066=CARTESIAN_POINT('',(-0.00947331123087446,0.0138497313592374,-0.0048885240171689));
#2067=CARTESIAN_POINT('',(-0.00915266311453969,0.0142313490528818,-0.005));
#2068=CARTESIAN_POINT('',(-0.00892824796956975,0.014480856652985,-0.005));
#2069=CARTESIAN_POINT('',(-0.00892824796956975,0.014480856652985,-0.005));
#2070=CARTESIAN_POINT('',(-0.00892824796956975,0.014480856652985,-0.005));
#2071=CARTESIAN_POINT('',(-0.00835530536414371,0.0151178614972698,-0.005));
#2072=CARTESIAN_POINT('',(-0.00712681800776996,0.0162800949258397,-0.005));
#2073=CARTESIAN_POINT('',(-0.00425737014516285,0.0181438804068196,-0.005));
#2074=CARTESIAN_POINT('',(-1.32857990050707E-5,0.0192345218857761,-0.005));
#2075=CARTESIAN_POINT('',(0.00508025908928975,0.0179361103704511,-0.005));
#2076=CARTESIAN_POINT('',(0.00778073470183855,0.0157566764358099,-0.005));
#2077=CARTESIAN_POINT('',(0.00892824796956972,0.014480856652985,-0.005));
#2078=CARTESIAN_POINT('',(1.04083408558608E-17,0.12025,0.0045));
#2079=CARTESIAN_POINT('',(-0.0091,0.12025,-0.004));
#2080=CARTESIAN_POINT('',(0.0091,0.12025,-0.004));
#2081=CARTESIAN_POINT('',(-0.0091,0.12025,-0.004));
#2082=CARTESIAN_POINT('',(-0.0091,0.12025,0.0115));
#2083=CARTESIAN_POINT('',(-0.0091,0.12025,0.0115));
#2084=CARTESIAN_POINT('',(1.04083408558608E-17,0.12025,0.0115));
#2085=CARTESIAN_POINT('',(0.0091,0.12025,0.0115));
#2086=CARTESIAN_POINT('',(0.0091,0.12025,0.0045));
#2087=CARTESIAN_POINT('',(-1.7347234759768E-18,0.040625,-0.012));
#2088=CARTESIAN_POINT('',(1.12757025938492E-17,0.06025,-0.012));
#2089=CARTESIAN_POINT('',(0.0135,0.06025,-0.012));
#2090=CARTESIAN_POINT('',(6.93889390390723E-18,0.09375,-0.0045));
#2091=CARTESIAN_POINT('',(0.0091,0.0704401913622856,-0.0045));
#2092=CARTESIAN_POINT('',(0.0091,0.11975,-0.0045));
#2093=CARTESIAN_POINT('',(0.0091,0.0715389326333361,-0.0045));
#2094=CARTESIAN_POINT('',(1.12757025938492E-17,0.06025,-0.0045));
#2095=CARTESIAN_POINT('',(-0.0091,0.0715389326333361,-0.0045));
#2096=CARTESIAN_POINT('',(-0.0091,0.09375,-0.0045));
#2097=CARTESIAN_POINT('',(-0.0091,0.11975,-0.0045));
#2098=CARTESIAN_POINT('',(0.0091,0.11975,-0.0045));
#2099=CARTESIAN_POINT('',(-0.0096,0.09375,0.0045));
#2100=CARTESIAN_POINT('',(-0.0096,0.09375,-0.004));
#2101=CARTESIAN_POINT('',(-0.0096,0.11975,-0.004));
#2102=CARTESIAN_POINT('',(-0.0096,0.070653845442912,-0.004));
#2103=CARTESIAN_POINT('',(-0.0096,0.070653845442912,0.0115));
#2104=CARTESIAN_POINT('',(-0.0096,0.070653845442912,0.0115));
#2105=CARTESIAN_POINT('',(-0.0096,0.12025,0.0115));
#2106=CARTESIAN_POINT('',(-0.0096,0.11975,0.0115));
#2107=CARTESIAN_POINT('',(-0.0096,0.11975,-0.004));
#2108=CARTESIAN_POINT('',(0.0096,0.09375,0.0045));
#2109=CARTESIAN_POINT('',(0.0096,0.09375,0.0115));
#2110=CARTESIAN_POINT('',(0.0096,0.11975,0.0115));
#2111=CARTESIAN_POINT('',(0.0096,0.070653845442912,0.0115));
#2112=CARTESIAN_POINT('',(0.0096,0.070653845442912,0.0045));
#2113=CARTESIAN_POINT('',(0.0096,0.070653845442912,-0.004));
#2114=CARTESIAN_POINT('',(0.0096,0.12025,-0.004));
#2115=CARTESIAN_POINT('',(0.0096,0.11975,-0.004));
#2116=CARTESIAN_POINT('',(0.0096,0.11975,0.0045));
#2117=CARTESIAN_POINT('',(-1.7347234759768E-18,0.040625,-0.0045));
#2118=CARTESIAN_POINT('',(0.0093,0.0134258854456606,-0.0045));
#2119=CARTESIAN_POINT('',(0.0093,0.0491252528118613,-0.0045));
#2120=CARTESIAN_POINT('',(0.0093,0.0148152223627565,-0.0045));
#2121=CARTESIAN_POINT('',(0.0093,0.0148152223627565,-0.0045));
#2122=CARTESIAN_POINT('',(0.00810536192313395,0.0161434361051519,-0.0045));
#2123=CARTESIAN_POINT('',(0.0052894296573442,0.0184077228758043,-0.0045));
#2124=CARTESIAN_POINT('',(-1.3809381882252E-5,0.0197487424172776,-0.0045));
#2125=CARTESIAN_POINT('',(-0.00443198760829365,0.0186225044675574,-0.0045));
#2126=CARTESIAN_POINT('',(-0.00742376900794724,0.0166873486513445,-0.0045));
#2127=CARTESIAN_POINT('',(-0.0087034989042078,0.0154784198349679,-0.0045));
#2128=CARTESIAN_POINT('',(-0.0093,0.0148152223627565,-0.0045));
#2129=CARTESIAN_POINT('',(-0.0093,0.0148152223627565,-0.0045));
#2130=CARTESIAN_POINT('',(-0.0093,0.040625,-0.0045));
#2131=CARTESIAN_POINT('',(-0.0093,0.0491252528118613,-0.0045));
#2132=CARTESIAN_POINT('',(1.12757025938492E-17,0.06025,-0.0045));
#2133=CARTESIAN_POINT('',(-0.0098,0.02862600010002,0.0045));
#2134=CARTESIAN_POINT('',(-0.0098,0.02862600010002,-0.004));
#2135=CARTESIAN_POINT('',(-0.0098,0.0500441193422616,-0.004));
#2136=CARTESIAN_POINT('',(-0.0098,0.0135929340988167,-0.004));
#2137=CARTESIAN_POINT('',(-0.0098,0.0135929340988167,0.0115));
#2138=CARTESIAN_POINT('',(-0.0098,0.0135929340988167,0.0115));
#2139=CARTESIAN_POINT('',(-0.0098,0.05025200020004,0.0115));
#2140=CARTESIAN_POINT('',(-0.0098,0.0500441193422616,0.0115));
#2141=CARTESIAN_POINT('',(-0.0098,0.0500441193422616,-0.004));
#2142=CARTESIAN_POINT('',(0.0098,0.02862600010002,0.0045));
#2143=CARTESIAN_POINT('',(0.0098,0.02862600010002,0.0115));
#2144=CARTESIAN_POINT('',(0.0098,0.0500441193422615,0.0115));
#2145=CARTESIAN_POINT('',(0.0098,0.0135929340988167,0.0115));
#2146=CARTESIAN_POINT('',(0.0098,0.0135929340988167,0.0045));
#2147=CARTESIAN_POINT('',(0.0098,0.0135929340988167,-0.004));
#2148=CARTESIAN_POINT('',(0.0098,0.05025200020004,-0.004));
#2149=CARTESIAN_POINT('',(0.0098,0.0500441193422615,-0.004));
#2150=CARTESIAN_POINT('',(0.0098,0.0500441193422615,0.0045));
#2151=CARTESIAN_POINT('',(0.,0.,-0.012));
#2152=CARTESIAN_POINT('',(-0.00315801965183307,0.0179562709474014,-0.012));
#2153=CARTESIAN_POINT('',(-3.54333029055825E-6,0.0184729483693354,-0.012));
#2154=CARTESIAN_POINT('',(0.00317219297299531,0.0179519355752571,-0.012));
#2155=CARTESIAN_POINT('',(0.00693645388452152,0.016082714337863,-0.012));
#2156=CARTESIAN_POINT('',(0.00984431677219048,0.0128812108632594,-0.012));
#2157=CARTESIAN_POINT('',(0.0117584323287761,0.00918429468031785,-0.012));
#2158=CARTESIAN_POINT('',(0.0127779784726694,0.00618345804208317,-0.012));
#2159=CARTESIAN_POINT('',(0.0133664048530747,0.00313789017207681,-0.012));
#2160=CARTESIAN_POINT('',(0.0136330848533395,-0.00105352947153353,-0.012));
#2161=CARTESIAN_POINT('',(0.0129702054554403,-0.0062776785162779,-0.012));
#2162=CARTESIAN_POINT('',(0.010543241674157,-0.0121135487456598,-0.012));
#2163=CARTESIAN_POINT('',(0.00694258481104644,-0.01608545272266,-0.012));
#2164=CARTESIAN_POINT('',(0.00312743380721973,-0.0179665182164173,-0.012));
#2165=CARTESIAN_POINT('',(-8.97065281817325E-6,-0.0184701521781468,-0.012));
#2166=CARTESIAN_POINT('',(-0.00317357874627828,-0.0179528165793066,-0.012));
#2167=CARTESIAN_POINT('',(-0.00601770775519121,-0.0165362661284238,-0.012));
#2168=CARTESIAN_POINT('',(-0.00841631070679174,-0.0144586019070498,-0.012));
#2169=CARTESIAN_POINT('',(-0.0103166692673937,-0.0119655424285333,-0.012));
#2170=CARTESIAN_POINT('',(-0.0117741625027267,-0.00914665465315091,-0.012));
#2171=CARTESIAN_POINT('',(-0.0131006751499094,-0.00523536018147959,-0.012));
#2172=CARTESIAN_POINT('',(-0.0136310919236574,-0.00103252529692101,-0.012));
#2173=CARTESIAN_POINT('',(-0.0133704203432616,0.00311641103266677,-0.012));
#2174=CARTESIAN_POINT('',(-0.0127669048587723,0.00622382374473418,-0.012));
#2175=CARTESIAN_POINT('',(-0.0117668264679989,0.00916438613643775,-0.012));
#2176=CARTESIAN_POINT('',(-0.0103079296274166,0.0119784551681596,-0.012));
#2177=CARTESIAN_POINT('',(-0.00841127309179783,0.0144638976102655,-0.012));
#2178=CARTESIAN_POINT('',(-0.00600618226487367,0.0165451715856995,-0.012));
#2179=CARTESIAN_POINT('',(-0.00315801965183307,0.0179562709474014,-0.012));
#2180=CARTESIAN_POINT('',(-3.54333029055825E-6,0.0184729483693354,-0.012));
#2181=CARTESIAN_POINT('',(0.00317219297299531,0.0179519355752571,-0.012));
#2182=CARTESIAN_POINT('',(-1.08367737050005E-19,0.0183,-0.012));
#2183=CARTESIAN_POINT('',(0.,0.,0.012));
#2184=CARTESIAN_POINT('',(-0.0093,0.0125769527294995,0.012));
#2185=CARTESIAN_POINT('',(-0.0093,0.05046429614182,0.012));
#2186=CARTESIAN_POINT('',(-0.0093,0.0132561026086466,0.012));
#2187=CARTESIAN_POINT('',(-0.0093,0.0132561026086466,0.012));
#2188=CARTESIAN_POINT('',(-0.010311462459879,0.0119522825201185,0.012));
#2189=CARTESIAN_POINT('',(-0.0115214994035167,0.00980025524893962,0.012));
#2190=CARTESIAN_POINT('',(-0.0126105477128893,0.00668746413843992,0.012));
#2191=CARTESIAN_POINT('',(-0.0131598267692661,0.00431553833281738,0.012));
#2192=CARTESIAN_POINT('',(-0.0134680447756331,0.00189974399078242,0.012));
#2193=CARTESIAN_POINT('',(-0.0135554044773548,-0.00139549075155866,0.012));
#2194=CARTESIAN_POINT('',(-0.0131620852545271,-0.00463172437604579,0.012));
#2195=CARTESIAN_POINT('',(-0.0122560959216878,-0.00780581648666541,0.012));
#2196=CARTESIAN_POINT('',(-0.0110202071101287,-0.0108087675723364,0.012));
#2197=CARTESIAN_POINT('',(-0.00921929658288987,-0.0136008936186365,0.012));
#2198=CARTESIAN_POINT('',(-0.00684788924500384,-0.0158608150970564,0.012));
#2199=CARTESIAN_POINT('',(-0.00407542274610009,-0.0176707833099215,0.012));
#2200=CARTESIAN_POINT('',(-0.000818279418141837,-0.018511795789405,0.012));
#2201=CARTESIAN_POINT('',(0.00249244115915477,-0.0180866324868917,0.012));
#2202=CARTESIAN_POINT('',(0.00557418235497578,-0.0169016296093227,0.012));
#2203=CARTESIAN_POINT('',(0.00816561947193867,-0.0147798952323317,0.012));
#2204=CARTESIAN_POINT('',(0.0101356761846885,-0.0121821460444668,0.012));
#2205=CARTESIAN_POINT('',(0.011751803144525,-0.00929751039791755,0.012));
#2206=CARTESIAN_POINT('',(0.0130547658971095,-0.0054645308067055,0.012));
#2207=CARTESIAN_POINT('',(0.0136566242105028,-0.000555819547715426,0.012));
#2208=CARTESIAN_POINT('',(0.0132810665540932,0.00434360796500039,0.012));
#2209=CARTESIAN_POINT('',(0.0119310107249777,0.00906421636286371,0.012));
#2210=CARTESIAN_POINT('',(0.0103105732603997,0.0119534287377882,0.012));
#2211=CARTESIAN_POINT('',(0.0093,0.0132561026086467,0.012));
#2212=CARTESIAN_POINT('',(0.0093,0.0132561026086467,0.012));
#2213=CARTESIAN_POINT('',(0.0093,-1.86499216821993E-18,0.012));
#2214=CARTESIAN_POINT('',(0.0093,0.0504642961418199,0.012));
#2215=CARTESIAN_POINT('',(1.12757025938492E-17,0.06025,0.012));
#2216=CARTESIAN_POINT('',(0.0091,0.0702219606898544,0.012));
#2217=CARTESIAN_POINT('',(0.0091,-1.48924373881028E-18,0.012));
#2218=CARTESIAN_POINT('',(0.0091,0.11975,0.012));
#2219=CARTESIAN_POINT('',(0.,0.11975,0.012));
#2220=CARTESIAN_POINT('',(-0.0091,0.11975,0.012));
#2221=CARTESIAN_POINT('',(-0.0091,0.0704401913622856,0.012));
#2222=CARTESIAN_POINT('',(-0.0091,0.0702219606898543,0.012));
#2223=CARTESIAN_POINT('',(1.12757025938492E-17,0.06025,0.012));
#2224=CARTESIAN_POINT('',(0.00900704744428182,0.0136227443649377,0.012));
#2225=CARTESIAN_POINT('',(0.00939310965447007,0.0139404800567706,0.012));
#2226=CARTESIAN_POINT('',(0.00939310965447007,0.0139404800567706,0.0115));
#2227=CARTESIAN_POINT('',(0.0100551960105995,0.0123491998322685,0.012));
#2228=CARTESIAN_POINT('',(0.0104738820068858,0.0126272962535353,0.012));
#2229=CARTESIAN_POINT('',(0.0104738820086493,0.0126272962549831,0.0115));
#2230=CARTESIAN_POINT('',(0.0117704087829446,0.00945773176319445,0.012));
#2231=CARTESIAN_POINT('',(0.0122337192880631,0.00965774776910534,0.012));
#2232=CARTESIAN_POINT('',(0.0122337192872237,0.00965774776841621,0.0115));
#2233=CARTESIAN_POINT('',(0.0129753191142674,0.00551274857228463,0.012));
#2234=CARTESIAN_POINT('',(0.0134645595754348,0.00562552683798322,0.012));
#2235=CARTESIAN_POINT('',(0.0134645595755387,0.00562552683806853,0.0115));
#2236=CARTESIAN_POINT('',(0.0134424506778723,0.00221480918711672,0.012));
#2237=CARTESIAN_POINT('',(0.0139413043048573,0.00225951785132094,0.012));
#2238=CARTESIAN_POINT('',(0.0139413043048381,0.0022595178513052,0.0115));
#2239=CARTESIAN_POINT('',(0.0135730304207044,-0.00107082573410143,0.012));
#2240=CARTESIAN_POINT('',(0.0140744855446536,-0.00109241288030177,0.012));
#2241=CARTESIAN_POINT('',(0.0140744855446647,-0.00109241288029268,0.0115));
#2242=CARTESIAN_POINT('',(0.0131110756256942,-0.00523124757188383,0.012));
#2243=CARTESIAN_POINT('',(0.0136033194195843,-0.00533718239470787,0.012));
#2244=CARTESIAN_POINT('',(0.0136033194195805,-0.00533718239471103,0.0115));
#2245=CARTESIAN_POINT('',(0.0118302787877581,-0.00911866132422284,0.012));
#2246=CARTESIAN_POINT('',(0.0122946950081545,-0.00931189708667175,0.012));
#2247=CARTESIAN_POINT('',(0.0122946950081549,-0.00931189708667137,0.0115));
#2248=CARTESIAN_POINT('',(0.0102193494791267,-0.0120552921066377,0.012));
#2249=CARTESIAN_POINT('',(0.0106418916297862,-0.0123255878541857,0.012));
#2250=CARTESIAN_POINT('',(0.0106418916297862,-0.0123255878541858,0.0115));
#2251=CARTESIAN_POINT('',(0.00824651703750814,-0.0147011989769918,0.012));
#2252=CARTESIAN_POINT('',(0.00861094347421484,-0.0150501806553145,0.012));
#2253=CARTESIAN_POINT('',(0.0086109434742149,-0.0150501806553145,0.0115));
#2254=CARTESIAN_POINT('',(0.00563796291523057,-0.0168682480279644,0.012));
#2255=CARTESIAN_POINT('',(0.00590818782627781,-0.0172998807635739,0.012));
#2256=CARTESIAN_POINT('',(0.0059081878262778,-0.0172998807635739,0.0115));
#2257=CARTESIAN_POINT('',(0.00252143550423102,-0.0180817855689373,0.012));
#2258=CARTESIAN_POINT('',(0.00264839143438632,-0.0185705654596998,0.012));
#2259=CARTESIAN_POINT('',(0.00264839143438632,-0.0185705654596998,0.0115));
#2260=CARTESIAN_POINT('',(-0.000830303403657749,-0.0185169475664206,0.012));
#2261=CARTESIAN_POINT('',(-0.00087244771140982,-0.0190282340105214,0.012));
#2262=CARTESIAN_POINT('',(-0.00087244771140982,-0.0190282340105214,0.0115));
#2263=CARTESIAN_POINT('',(-0.00412693737285914,-0.0176541344397692,0.012));
#2264=CARTESIAN_POINT('',(-0.00433236187595581,-0.0181200052181574,0.012));
#2265=CARTESIAN_POINT('',(-0.00433236187595581,-0.0181200052181574,0.0115));
#2266=CARTESIAN_POINT('',(-0.00692346150552707,-0.0158023456429638,0.012));
#2267=CARTESIAN_POINT('',(-0.00724023273317586,-0.0161927813864451,0.012));
#2268=CARTESIAN_POINT('',(-0.00724023273317586,-0.0161927813864451,0.0115));
#2269=CARTESIAN_POINT('',(-0.00930547701707931,-0.0134971412146992,0.012));
#2270=CARTESIAN_POINT('',(-0.00970379710050759,-0.0138076495829739,0.012));
#2271=CARTESIAN_POINT('',(-0.00970379710050758,-0.0138076495829739,0.0115));
#2272=CARTESIAN_POINT('',(-0.0111042940162013,-0.0106548532587946,0.012));
#2273=CARTESIAN_POINT('',(-0.0115505828534557,-0.0108863474424621,0.012));
#2274=CARTESIAN_POINT('',(-0.0115505828534558,-0.0108863474424621,0.0115));
#2275=CARTESIAN_POINT('',(-0.0123271988377878,-0.00760067808186359,0.012));
#2276=CARTESIAN_POINT('',(-0.0128023078768447,-0.00775988036734483,0.012));
#2277=CARTESIAN_POINT('',(-0.0128023078768446,-0.00775988036734488,0.0115));
#2278=CARTESIAN_POINT('',(-0.0132116452487124,-0.00437769909371658,0.012));
#2279=CARTESIAN_POINT('',(-0.0137059697723224,-0.00446625196325752,0.012));
#2280=CARTESIAN_POINT('',(-0.0137059697723227,-0.00446625196325728,0.0115));
#2281=CARTESIAN_POINT('',(-0.0135727990596669,-0.00109412442760416,0.012));
#2282=CARTESIAN_POINT('',(-0.014074240118474,-0.00111619869552183,0.0120000000000001));
#2283=CARTESIAN_POINT('',(-0.0140742401184723,-0.00111619869552331,0.0115));
#2284=CARTESIAN_POINT('',(-0.0134406825221331,0.00223776214209509,0.012));
#2285=CARTESIAN_POINT('',(-0.0139394985530371,0.00228294349785287,0.0119999999999999));
#2286=CARTESIAN_POINT('',(-0.01393949855304,0.00228294349785539,0.0115));
#2287=CARTESIAN_POINT('',(-0.0130936144876448,0.00467645700370741,0.012));
#2288=CARTESIAN_POINT('',(-0.0135853025419382,0.00477196747642349,0.0120000000000005));
#2289=CARTESIAN_POINT('',(-0.0135853025419269,0.00477196747641389,0.0115));
#2290=CARTESIAN_POINT('',(-0.0124974303961801,0.00707221939831023,0.012));
#2291=CARTESIAN_POINT('',(-0.0129763358132281,0.00721951754848841,0.0119999999999983));
#2292=CARTESIAN_POINT('',(-0.0129763358132701,0.00721951754852432,0.0115));
#2293=CARTESIAN_POINT('',(-0.0113317749236167,0.0102062534080347,0.012));
#2294=CARTESIAN_POINT('',(-0.0117837119117073,0.0104263864222676,0.0120000000000092));
#2295=CARTESIAN_POINT('',(-0.0117837119114844,0.010426386422077,0.0115));
#2296=CARTESIAN_POINT('',(-0.0100645668033646,0.0123388246736847,0.012));
#2297=CARTESIAN_POINT('',(-0.0104835561693984,0.0126165839587225,0.011999999999959));
#2298=CARTESIAN_POINT('',(-0.010483556170387,0.012616583959568,0.0115));
#2299=CARTESIAN_POINT('',(-0.00900311265654052,0.0136275234200852,0.012));
#2300=CARTESIAN_POINT('',(-0.00938905237412178,0.0139454078871378,0.012));
#2301=CARTESIAN_POINT('',(-0.00938905237412178,0.0139454078871378,0.0115));
#2302=CARTESIAN_POINT('',(0.00989899295322192,0.0132942815441075,0.0115));
#2303=CARTESIAN_POINT('',(0.00989899295322192,0.0132942815441075,0.0116460155615168));
#2304=CARTESIAN_POINT('',(0.00973651189172771,0.0132831300958714,0.011916530364525));
#2305=CARTESIAN_POINT('',(0.00944574721490567,0.013264774402995,0.012));
#2306=CARTESIAN_POINT('',(0.0093,0.0132561026086467,0.012));
#2307=CARTESIAN_POINT('',(-0.00989899295322194,0.0132942815441075,0.0115));
#2308=CARTESIAN_POINT('',(-0.00989899295322194,0.0132942815441075,0.0116460155615168));
#2309=CARTESIAN_POINT('',(-0.00973651189172771,0.0132831300958719,0.0119165303645249));
#2310=CARTESIAN_POINT('',(-0.00944574721490574,0.013264774402994,0.012));
#2311=CARTESIAN_POINT('',(-0.0093,0.0132561026086466,0.012));
#2312=CARTESIAN_POINT('',(-0.0093,1.86499216821994E-18,0.0115));
#2313=CARTESIAN_POINT('',(-0.0098,0.0135929340988167,0.0115));
#2314=CARTESIAN_POINT('',(-0.0098,0.0135929340988167,0.0116463584437931));
#2315=CARTESIAN_POINT('',(-0.00966253069963675,0.0135020595241003,0.0119165435887194));
#2316=CARTESIAN_POINT('',(-0.00942076201180905,0.0133387714514968,0.012));
#2317=CARTESIAN_POINT('',(-0.0093,0.0132561026086466,0.012));
#2318=CARTESIAN_POINT('',(-0.0098,0.0500441193422616,0.0115));
#2319=CARTESIAN_POINT('',(-0.0098,0.0500441193422616,0.0116533804895119));
#2320=CARTESIAN_POINT('',(-0.00964911578830576,0.0501679985916241,0.0119269387272723));
#2321=CARTESIAN_POINT('',(-0.00941636854893178,0.0503644350427994,0.012));
#2322=CARTESIAN_POINT('',(-0.0093,0.05046429614182,0.012));
#2323=CARTESIAN_POINT('',(1.12757025938492E-17,0.06025,0.0115));
#2324=CARTESIAN_POINT('',(-0.00975172413793103,0.0702950921517771,0.0115));
#2325=CARTESIAN_POINT('',(-0.00975172413793103,0.0702950921517771,0.0116538499473419));
#2326=CARTESIAN_POINT('',(-0.00955681480704787,0.0702724160758492,0.0119283498251834));
#2327=CARTESIAN_POINT('',(-0.00925291074321755,0.0702385528937734,0.012));
#2328=CARTESIAN_POINT('',(-0.0091,0.0702219606898543,0.012));
#2329=CARTESIAN_POINT('',(-0.0099448275862069,0.0503960462614939,0.0115));
#2330=CARTESIAN_POINT('',(-0.0099448275862069,0.0503960462614939,0.0116527849982443));
#2331=CARTESIAN_POINT('',(-0.00975422806639479,0.0504170607461714,0.0119270165738033));
#2332=CARTESIAN_POINT('',(-0.00945196121497881,0.0504488115312657,0.012));
#2333=CARTESIAN_POINT('',(-0.0093,0.05046429614182,0.012));
#2334=CARTESIAN_POINT('',(-0.0091,1.48924373881028E-18,0.0115));
#2335=CARTESIAN_POINT('',(-0.0096,0.070653845442912,0.0115));
#2336=CARTESIAN_POINT('',(-0.0096,0.070653845442912,0.0116544739175669));
#2337=CARTESIAN_POINT('',(-0.00944726366950433,0.0705249564439187,0.0119282477620736));
#2338=CARTESIAN_POINT('',(-0.00921580519367384,0.0703241274337016,0.012));
#2339=CARTESIAN_POINT('',(-0.0091,0.0702219606898543,0.012));
#2340=CARTESIAN_POINT('',(-0.0091,0.11975,0.0115));
#2341=CARTESIAN_POINT('',(1.04083408558608E-17,0.11975,0.0115));
#2342=CARTESIAN_POINT('',(-0.0091,0.11975,0.0115));
#2343=CARTESIAN_POINT('',(0.0091,0.11975,0.0115));
#2344=CARTESIAN_POINT('',(0.0091,0.09375,0.0115));
#2345=CARTESIAN_POINT('',(0.0096,0.070653845442912,0.0115));
#2346=CARTESIAN_POINT('',(0.0096,0.070653845442912,0.0116544739175669));
#2347=CARTESIAN_POINT('',(0.00944726366950374,0.0705249564439195,0.0119282477620736));
#2348=CARTESIAN_POINT('',(0.00921580519367513,0.0703241274337002,0.012));
#2349=CARTESIAN_POINT('',(0.0091,0.0702219606898544,0.012));
#2350=CARTESIAN_POINT('',(0.0091,0.11975,0.0115));
#2351=CARTESIAN_POINT('',(1.12757025938492E-17,0.06025,0.0115));
#2352=CARTESIAN_POINT('',(0.00975172413793103,0.0702950921517771,0.0115));
#2353=CARTESIAN_POINT('',(0.00975172413793103,0.0702950921517771,0.0116538499473419));
#2354=CARTESIAN_POINT('',(0.00955681480704789,0.0702724160758492,0.0119283498251834));
#2355=CARTESIAN_POINT('',(0.00925291074321755,0.0702385528937734,0.012));
#2356=CARTESIAN_POINT('',(0.0091,0.0702219606898544,0.012));
#2357=CARTESIAN_POINT('',(0.0099448275862069,0.0503960462614939,0.0115));
#2358=CARTESIAN_POINT('',(0.0099448275862069,0.0503960462614939,0.0116527849982443));
#2359=CARTESIAN_POINT('',(0.00975422806639474,0.0504170607461706,0.0119270165738033));
#2360=CARTESIAN_POINT('',(0.00945196121497898,0.0504488115312673,0.012));
#2361=CARTESIAN_POINT('',(0.0093,0.0504642961418199,0.012));
#2362=CARTESIAN_POINT('',(0.0093,0.02862600010002,0.0115));
#2363=CARTESIAN_POINT('',(0.0098,0.0135929340988167,0.0115));
#2364=CARTESIAN_POINT('',(0.0098,0.0135929340988167,0.0116463584437931));
#2365=CARTESIAN_POINT('',(0.00966253069963673,0.0135020595241003,0.0119165435887194));
#2366=CARTESIAN_POINT('',(0.00942076201180908,0.0133387714514967,0.012));
#2367=CARTESIAN_POINT('',(0.0093,0.0132561026086467,0.012));
#2368=CARTESIAN_POINT('',(0.0098,0.0500441193422615,0.0115));
#2369=CARTESIAN_POINT('',(0.0098,0.0500441193422615,0.0116533804895119));
#2370=CARTESIAN_POINT('',(0.00964911578830552,0.0501679985916238,0.0119269387272723));
#2371=CARTESIAN_POINT('',(0.00941636854893237,0.0503644350428,0.012));
#2372=CARTESIAN_POINT('',(0.0093,0.0504642961418199,0.012));
#2373=CARTESIAN_POINT('',(0.00241660649427374,0.0180034512430242,-0.012));
#2374=CARTESIAN_POINT('',(0.00253669101210123,0.0184888167842178,-0.012));
#2375=CARTESIAN_POINT('',(0.00253669101210123,0.0184888167842178,-0.0115));
#2376=CARTESIAN_POINT('',(0.00140042145705765,0.0182551129502493,-0.012));
#2377=CARTESIAN_POINT('',(0.00147139255694933,0.0187525713975005,-0.012));
#2378=CARTESIAN_POINT('',(0.00147139255694933,0.0187525713975005,-0.0115));
#2379=CARTESIAN_POINT('',(-0.000704727817636394,0.0184436356319972,-0.012));
#2380=CARTESIAN_POINT('',(-0.000741116060457504,0.0189510622153104,-0.012));
#2381=CARTESIAN_POINT('',(-0.000741116060457504,0.0189510622153104,-0.0115));
#2382=CARTESIAN_POINT('',(-0.00381341024297994,0.0177178612506059,-0.012));
#2383=CARTESIAN_POINT('',(-0.00400279998848121,0.0181883010115043,-0.012));
#2384=CARTESIAN_POINT('',(-0.0040027999884812,0.0181883010115043,-0.0115));
#2385=CARTESIAN_POINT('',(-0.00657367850153054,0.0161378633314581,-0.012));
#2386=CARTESIAN_POINT('',(-0.00687866140851257,0.0165401562671422,-0.012));
#2387=CARTESIAN_POINT('',(-0.00687866140851257,0.0165401562671422,-0.0115));
#2388=CARTESIAN_POINT('',(-0.00886919449587848,0.01394805698047,-0.012));
#2389=CARTESIAN_POINT('',(-0.00925288503099567,0.0142736706837153,-0.012));
#2390=CARTESIAN_POINT('',(-0.00925288503099566,0.0142736706837153,-0.0115));
#2391=CARTESIAN_POINT('',(-0.0106692268940798,0.0113787024627258,-0.012));
#2392=CARTESIAN_POINT('',(-0.0111042784762665,0.0116297922057221,-0.012));
#2393=CARTESIAN_POINT('',(-0.0111042784762665,0.0116297922057221,-0.0115));
#2394=CARTESIAN_POINT('',(-0.0120232039152903,0.0085275467165739,-0.012));
#2395=CARTESIAN_POINT('',(-0.012491543153034,0.00870764423624179,-0.012));
#2396=CARTESIAN_POINT('',(-0.012491543153034,0.00870764423624179,-0.0115));
#2397=CARTESIAN_POINT('',(-0.0129348861345267,0.00555018177502801,-0.012));
#2398=CARTESIAN_POINT('',(-0.0134233060528299,0.00566394414433698,-0.012));
#2399=CARTESIAN_POINT('',(-0.0134233060528299,0.00566394414433698,-0.0115));
#2400=CARTESIAN_POINT('',(-0.0134475584212777,0.00242602943872481,-0.012));
#2401=CARTESIAN_POINT('',(-0.0139465158337344,0.00247491264441349,-0.012));
#2402=CARTESIAN_POINT('',(-0.0139465158337344,0.00247491264441348,-0.0115));
#2403=CARTESIAN_POINT('',(-0.0135568603911229,-0.000684575029799872,-0.012));
#2404=CARTESIAN_POINT('',(-0.0140580162880729,-0.00069831276709519,-0.012));
#2405=CARTESIAN_POINT('',(-0.0140580162880729,-0.000698312767095188,-0.0115));
#2406=CARTESIAN_POINT('',(-0.0131704590642311,-0.00488504865561496,-0.012));
#2407=CARTESIAN_POINT('',(-0.0136637373888652,-0.00498414328362503,-0.012));
#2408=CARTESIAN_POINT('',(-0.0136637373888652,-0.00498414328362502,-0.0115));
#2409=CARTESIAN_POINT('',(-0.0120081372070756,-0.00886726602888343,-0.012));
#2410=CARTESIAN_POINT('',(-0.0124773303917483,-0.00905324141800361,-0.012));
#2411=CARTESIAN_POINT('',(-0.0124773303917483,-0.00905324141800362,-0.0115));
#2412=CARTESIAN_POINT('',(-0.00993555631442379,-0.012549213945519,-0.012));
#2413=CARTESIAN_POINT('',(-0.010350732149889,-0.0128326494638459,-0.012));
#2414=CARTESIAN_POINT('',(-0.010350732149889,-0.0128326494638459,-0.0115));
#2415=CARTESIAN_POINT('',(-0.00791951540619062,-0.0149704791484698,-0.012));
#2416=CARTESIAN_POINT('',(-0.00827250484314931,-0.0153299677218888,-0.012));
#2417=CARTESIAN_POINT('',(-0.0082725048431493,-0.0153299677218888,-0.0115));
#2418=CARTESIAN_POINT('',(-0.00542229543821617,-0.0169148763203231,-0.012));
#2419=CARTESIAN_POINT('',(-0.00568180583856171,-0.01734892541618,-0.012));
#2420=CARTESIAN_POINT('',(-0.0056818058385617,-0.01734892541618,-0.0115));
#2421=CARTESIAN_POINT('',(-0.00249281406817706,-0.0181538838718508,-0.012));
#2422=CARTESIAN_POINT('',(-0.00261944655899078,-0.0186459967070031,-0.012));
#2423=CARTESIAN_POINT('',(-0.00261944655899078,-0.0186459967070031,-0.0115));
#2424=CARTESIAN_POINT('',(0.000712414710492446,-0.018445100803007,-0.012));
#2425=CARTESIAN_POINT('',(0.000749176464741765,-0.0189526094232181,-0.012));
#2426=CARTESIAN_POINT('',(0.000749176464741765,-0.0189526094232181,-0.0115));
#2427=CARTESIAN_POINT('',(0.00380466575815737,-0.0177202174841436,-0.012));
#2428=CARTESIAN_POINT('',(0.00399364882968594,-0.0181907533531952,-0.012));
#2429=CARTESIAN_POINT('',(0.00399364882968594,-0.0181907533531952,-0.0115));
#2430=CARTESIAN_POINT('',(0.00657155775018079,-0.0161385436793809,-0.012));
#2431=CARTESIAN_POINT('',(0.00687644887038891,-0.0165408992504478,-0.012));
#2432=CARTESIAN_POINT('',(0.00687644887038891,-0.0165408992504478,-0.0115));
#2433=CARTESIAN_POINT('',(0.0088540108805958,-0.0139671276668726,-0.012));
#2434=CARTESIAN_POINT('',(0.0092372303757281,-0.0142933222201614,-0.012));
#2435=CARTESIAN_POINT('',(0.0092372303757281,-0.0142933222201614,-0.0115));
#2436=CARTESIAN_POINT('',(0.0106754068981006,-0.0113675959187052,-0.012));
#2437=CARTESIAN_POINT('',(0.0111106344119236,-0.0116183912420343,-0.012));
#2438=CARTESIAN_POINT('',(0.0111106344119236,-0.0116183912420343,-0.0115));
#2439=CARTESIAN_POINT('',(0.0120136565453397,-0.00855292103625332,-0.012));
#2440=CARTESIAN_POINT('',(0.0124817628019831,-0.00873361589016319,-0.012));
#2441=CARTESIAN_POINT('',(0.0124817628019831,-0.00873361589016319,-0.0115));
#2442=CARTESIAN_POINT('',(0.0129405967820122,-0.00552750971103587,-0.012));
#2443=CARTESIAN_POINT('',(0.0134291532044715,-0.00564077232698437,-0.012));
#2444=CARTESIAN_POINT('',(0.0134291532044715,-0.00564077232698437,-0.0115));
#2445=CARTESIAN_POINT('',(0.0136150775614476,-0.00140979844323615,-0.012));
#2446=CARTESIAN_POINT('',(0.0141174343133514,-0.0014375960544386,-0.012));
#2447=CARTESIAN_POINT('',(0.0141174343133514,-0.0014375960544386,-0.0115));
#2448=CARTESIAN_POINT('',(0.0134945025156247,0.00282375041953965,-0.012));
#2449=CARTESIAN_POINT('',(0.0139945592523405,0.00287995378129462,-0.012));
#2450=CARTESIAN_POINT('',(0.0139945592523405,0.00287995378129462,-0.0115));
#2451=CARTESIAN_POINT('',(0.0125869115656246,0.00686832547780781,-0.012));
#2452=CARTESIAN_POINT('',(0.0130678906720783,0.00701071628465825,-0.012));
#2453=CARTESIAN_POINT('',(0.0130678906720783,0.00701071628465825,-0.0115));
#2454=CARTESIAN_POINT('',(0.011468915336708,0.00983791317029359,-0.012));
#2455=CARTESIAN_POINT('',(0.0119241399034051,0.0100494721339188,-0.012));
#2456=CARTESIAN_POINT('',(0.0119241399034051,0.0100494721339188,-0.0115));
#2457=CARTESIAN_POINT('',(0.00992914851533411,0.0125556871512884,-0.012));
#2458=CARTESIAN_POINT('',(0.0103441261758548,0.0128393414044829,-0.012));
#2459=CARTESIAN_POINT('',(0.0103441261758548,0.0128393414044829,-0.0115));
#2460=CARTESIAN_POINT('',(0.0078969027519669,0.0149947827496601,-0.012));
#2461=CARTESIAN_POINT('',(0.00824915274646068,0.0153550680997062,-0.012));
#2462=CARTESIAN_POINT('',(0.00824915274646068,0.0153550680997062,-0.0115));
#2463=CARTESIAN_POINT('',(0.00539238240566016,0.0169336653886467,-0.012));
#2464=CARTESIAN_POINT('',(0.00565067467045392,0.0173685345356139,-0.012));
#2465=CARTESIAN_POINT('',(0.00565067467045392,0.0173685345356139,-0.0115));
#2466=CARTESIAN_POINT('',(0.00343279153148983,0.0177517895357991,-0.012));
#2467=CARTESIAN_POINT('',(0.00360198946725313,0.018225062170935,-0.012));
#2468=CARTESIAN_POINT('',(0.00360198946725313,0.018225062170935,-0.0115));
#2469=CARTESIAN_POINT('',(0.00241660649427374,0.0180034512430242,-0.012));
#2470=CARTESIAN_POINT('',(0.00253669101210123,0.0184888167842178,-0.012));
#2471=CARTESIAN_POINT('',(0.00253669101210123,0.0184888167842178,-0.0115));
#2472=CARTESIAN_POINT('',(-0.0093,0.02862600010002,-0.004));
#2473=CARTESIAN_POINT('',(-0.0093,0.0148152223627565,-0.0045));
#2474=CARTESIAN_POINT('',(-0.00935124559360044,0.0147012713629091,-0.0045));
#2475=CARTESIAN_POINT('',(-0.00945072762724466,0.0144737695645972,-0.00448496281190928));
#2476=CARTESIAN_POINT('',(-0.00959277403418992,0.0141303428549683,-0.00441533022696757));
#2477=CARTESIAN_POINT('',(-0.00971845066588341,0.0138113856613295,-0.00429737028778349));
#2478=CARTESIAN_POINT('',(-0.0098,0.0135929340988167,-0.00412736658308546));
#2479=CARTESIAN_POINT('',(-0.0098,0.0135929340988167,-0.004));
#2480=CARTESIAN_POINT('',(-0.0098,0.0500441193422616,-0.004));
#2481=CARTESIAN_POINT('',(-0.0098,0.0500441193422616,-0.00410597236533448));
#2482=CARTESIAN_POINT('',(-0.00973393100254419,0.0499106169879683,-0.00427907913596348));
#2483=CARTESIAN_POINT('',(-0.00955992970682778,0.0495761457180997,-0.00445128744599966));
#2484=CARTESIAN_POINT('',(-0.00940697175700606,0.0493041040384702,-0.0045));
#2485=CARTESIAN_POINT('',(-0.0093,0.0491252528118613,-0.0045));
#2486=CARTESIAN_POINT('',(0.0093,0.040625,-0.004));
#2487=CARTESIAN_POINT('',(0.0098,0.0135929340988167,-0.004));
#2488=CARTESIAN_POINT('',(0.0098,0.0135929340988167,-0.00412757613596837));
#2489=CARTESIAN_POINT('',(0.00971857865169452,0.013811049436161,-0.00429706729099931));
#2490=CARTESIAN_POINT('',(0.00959274296915961,0.0141304353517261,-0.00441544162347417));
#2491=CARTESIAN_POINT('',(0.00945044741629648,0.0144744205908025,-0.00448501710107489));
#2492=CARTESIAN_POINT('',(0.00935127860645219,0.0147011979546958,-0.0045));
#2493=CARTESIAN_POINT('',(0.0093,0.0148152223627565,-0.0045));
#2494=CARTESIAN_POINT('',(0.0093,0.0491252528118613,-0.0045));
#2495=CARTESIAN_POINT('',(0.00940689213407138,0.0493039709130553,-0.0045));
#2496=CARTESIAN_POINT('',(0.00956006905579575,0.0495764032628269,-0.00445114960656619));
#2497=CARTESIAN_POINT('',(0.00973389382178081,0.0499105471997816,-0.0042791818378421));
#2498=CARTESIAN_POINT('',(0.00980000000000053,0.0500441193422621,-0.00410582330853213));
#2499=CARTESIAN_POINT('',(0.00980000000000057,0.0500441193422622,-0.0040000000000002));
#2500=CARTESIAN_POINT('',(1.12757025938492E-17,0.06025,-0.0115));
#2501=CARTESIAN_POINT('',(0.0091,0.09375,-0.004));
#2502=CARTESIAN_POINT('',(0.0096,0.070653845442912,-0.004));
#2503=CARTESIAN_POINT('',(0.0096,0.070653845442912,-0.00410366870807575));
#2504=CARTESIAN_POINT('',(0.00953580965310651,0.0707786683929511,-0.0042764795192256));
#2505=CARTESIAN_POINT('',(0.00936127973608545,0.0711019508385681,-0.00445088823598012));
#2506=CARTESIAN_POINT('',(0.00920753342166752,0.0713655674146821,-0.0045));
#2507=CARTESIAN_POINT('',(0.0091,0.0715389326333361,-0.0045));
#2508=CARTESIAN_POINT('',(0.0091,0.11975,-0.004));
#2509=CARTESIAN_POINT('',(-0.0091,0.09375,-0.004));
#2510=CARTESIAN_POINT('',(-0.0091,0.0715389326333361,-0.0045));
#2511=CARTESIAN_POINT('',(-0.0092074550751537,0.0713656937248123,-0.0045));
#2512=CARTESIAN_POINT('',(-0.00936143619247205,0.0711016768319273,-0.00445079768656685));
#2513=CARTESIAN_POINT('',(-0.00953585269639274,0.0707785826754321,-0.00427641952581165));
#2514=CARTESIAN_POINT('',(-0.00960000000000028,0.0706538454429117,-0.00410355059590335));
#2515=CARTESIAN_POINT('',(-0.0096000000000003,0.0706538454429117,-0.00400000000000009));
#2516=CARTESIAN_POINT('',(-0.0091,0.11975,-0.004));
#2517=CARTESIAN_POINT('',(0.0091,0.11975,0.0115));
#2518=CARTESIAN_POINT('',(0.0091,0.11975,0.0115));
#2519=CARTESIAN_POINT('',(0.0091,0.11975,0.0045));
#2520=CARTESIAN_POINT('',(0.0091,0.11975,-0.004));
#2521=CARTESIAN_POINT('',(0.0091,0.11975,-0.004));
#2522=CARTESIAN_POINT('',(0.0091,0.11975,-0.004));
#2523=CARTESIAN_POINT('',(6.93889390390723E-18,0.11975,-0.004));
#2524=CARTESIAN_POINT('',(-0.0091,0.11975,-0.004));
#2525=CARTESIAN_POINT('',(-0.0091,0.11975,-0.004));
#2526=CARTESIAN_POINT('',(-0.0091,0.11975,-0.004));
#2527=CARTESIAN_POINT('',(-0.0091,0.11975,0.0045));
#2528=CARTESIAN_POINT('',(-0.0091,0.11975,0.0115));
#2529=CARTESIAN_POINT('',(-0.0091,0.11975,0.0115));
#2530=CARTESIAN_POINT('',(0.00929999999999999,0.0504642961418199,0.012));
#2531=CARTESIAN_POINT('',(0.0093,0.0504642961418199,0.012));
#2532=CARTESIAN_POINT('',(0.0093,0.0504642961418199,0.012));
#2533=CARTESIAN_POINT('',(0.00946352072294641,0.0504476548415789,0.012));
#2534=CARTESIAN_POINT('',(0.00944411845312311,0.0504024556320955,0.0119999999990281));
#2535=CARTESIAN_POINT('',(0.00942471614478664,0.0503572564391396,0.012));
#2536=CARTESIAN_POINT('',(0.00979194698926808,0.0504129732026813,0.0119038417149961));
#2537=CARTESIAN_POINT('',(0.00973364114598602,0.0502789228140147,0.0118528377572907));
#2538=CARTESIAN_POINT('',(0.00967911889127303,0.0501430816668203,0.0119038417149966));
#2539=CARTESIAN_POINT('',(0.00994482759729083,0.05039604627268,0.0116371135920406));
#2540=CARTESIAN_POINT('',(0.00980000001324591,0.0502498830594132,0.0116138926714068));
#2541=CARTESIAN_POINT('',(0.0098,0.0500441193259457,0.0116371135920397));
#2542=CARTESIAN_POINT('',(0.0099448275862069,0.0503960462614939,0.0115));
#2543=CARTESIAN_POINT('',(0.00980000000000001,0.0502498830651998,0.0115));
#2544=CARTESIAN_POINT('',(0.0098,0.0500441193422615,0.0115));
#2545=CARTESIAN_POINT('',(0.0103,0.0500441193422615,0.0115));
#2546=CARTESIAN_POINT('',(0.0103,0.0500441193422615,0.012));
#2547=CARTESIAN_POINT('',(0.0103,0.0500441193422615,-0.004));
#2548=CARTESIAN_POINT('',(0.0099448275862069,0.0503960462614939,-0.004));
#2549=CARTESIAN_POINT('',(0.0098,0.0502498830651998,-0.004));
#2550=CARTESIAN_POINT('',(0.0098,0.0500441193422615,-0.004));
#2551=CARTESIAN_POINT('',(0.00994482750479269,0.0503960461793288,-0.00431375570348145));
#2552=CARTESIAN_POINT('',(0.00979999992270712,0.0502498829895948,-0.00422203286250111));
#2553=CARTESIAN_POINT('',(0.0098,0.0500441192571449,-0.00415687785174045));
#2554=CARTESIAN_POINT('',(0.00965293147403772,0.0500993610379059,-0.00484820715420123));
#2555=CARTESIAN_POINT('',(0.00949408153920981,0.049950556196382,-0.00460483485837811));
#2556=CARTESIAN_POINT('',(0.00964883949251255,0.0497368382172372,-0.0044241035711178));
#2557=CARTESIAN_POINT('',(0.00920989206988868,0.0497016251232071,-0.00499999997606821));
#2558=CARTESIAN_POINT('',(0.0091282014529896,0.049633333876536,-0.00457113794185464));
#2559=CARTESIAN_POINT('',(0.00941940839283111,0.0493248974502409,-0.0045));
#2560=CARTESIAN_POINT('',(0.00897931034482759,0.0495088647838661,-0.005));
#2561=CARTESIAN_POINT('',(0.00897931034482759,0.0495088647838661,-0.00450000000000001));
#2562=CARTESIAN_POINT('',(0.0093,0.0491252528118613,-0.0045));
#2563=CARTESIAN_POINT('',(0.0093,0.0491252528118613,-0.005));
#2564=CARTESIAN_POINT('',(1.12757025938492E-17,0.06025,-0.005));
#2565=CARTESIAN_POINT('',(-0.0093,0.0491252528118613,-0.005));
#2566=CARTESIAN_POINT('',(-0.00897931034482759,0.0495088647838661,-0.005));
#2567=CARTESIAN_POINT('',(-0.00897931034482759,0.0495088647838661,-0.00450000000000001));
#2568=CARTESIAN_POINT('',(-0.0093,0.0491252528118613,-0.0045));
#2569=CARTESIAN_POINT('',(-0.0092099779257339,0.049701696896466,-0.0049999999732909));
#2570=CARTESIAN_POINT('',(-0.00912825294881079,0.0496333769258573,-0.00457116254304465));
#2571=CARTESIAN_POINT('',(-0.00941945285378737,0.0493249717870871,-0.0045));
#2572=CARTESIAN_POINT('',(-0.00965006471538928,0.0500966573011887,-0.00485058019567208));
#2573=CARTESIAN_POINT('',(-0.00949155709163724,0.0499482288800781,-0.00460604660624134));
#2574=CARTESIAN_POINT('',(-0.00964735492846494,0.0497340379183741,-0.0044252900911589));
#2575=CARTESIAN_POINT('',(-0.00994482753314845,0.0503960462079462,-0.00431411830889429));
#2576=CARTESIAN_POINT('',(-0.00979999994960551,0.0502498830158569,-0.00422228946297764));
#2577=CARTESIAN_POINT('',(-0.0098,0.0500441192867681,-0.00415705915444687));
#2578=CARTESIAN_POINT('',(-0.0099448275862069,0.050396046261494,-0.004));
#2579=CARTESIAN_POINT('',(-0.0098,0.0502498830651999,-0.004));
#2580=CARTESIAN_POINT('',(-0.0098,0.0500441193422616,-0.004));
#2581=CARTESIAN_POINT('',(-0.0103,0.0500441193422616,-0.004));
#2582=CARTESIAN_POINT('',(-0.0103,0.0500441193422616,0.012));
#2583=CARTESIAN_POINT('',(-0.0103,0.0500441193422616,0.0115));
#2584=CARTESIAN_POINT('',(-0.00929999999999999,0.05046429614182,0.012));
#2585=CARTESIAN_POINT('',(-0.0093,0.05046429614182,0.012));
#2586=CARTESIAN_POINT('',(-0.00930000000000001,0.05046429614182,0.012));
#2587=CARTESIAN_POINT('',(-0.00942471614478546,0.0503572564391321,0.012));
#2588=CARTESIAN_POINT('',(-0.00944411845312335,0.0504024556320918,0.0120000000019012));
#2589=CARTESIAN_POINT('',(-0.00946352072294831,0.0504476548415762,0.012));
#2590=CARTESIAN_POINT('',(-0.00967911889127359,0.0501430816668226,0.0119038417149965));
#2591=CARTESIAN_POINT('',(-0.00973364114598538,0.0502789228140152,0.0118528377558032));
#2592=CARTESIAN_POINT('',(-0.00979194698926632,0.050412973202682,0.0119038417149965));
#2593=CARTESIAN_POINT('',(-0.00979999999999999,0.0500441193259486,0.0116371135920399));
#2594=CARTESIAN_POINT('',(-0.00980000001324692,0.0502498830594163,0.011613892671406));
#2595=CARTESIAN_POINT('',(-0.00994482759729236,0.0503960462726816,0.0116371135920399));
#2596=CARTESIAN_POINT('',(-0.00979999999999999,0.0500441193422615,0.0115));
#2597=CARTESIAN_POINT('',(-0.00979999999999999,0.0502498830651998,0.0115));
#2598=CARTESIAN_POINT('',(-0.00994482758620689,0.0503960462614939,0.0115));
#2599=CARTESIAN_POINT('',(-0.00910000000000001,0.0702219606898543,0.012));
#2600=CARTESIAN_POINT('',(-0.0091,0.0702219606898543,0.012));
#2601=CARTESIAN_POINT('',(-0.0091,0.0702219606898543,0.012));
#2602=CARTESIAN_POINT('',(-0.00926501011415613,0.0702398454427648,0.012));
#2603=CARTESIAN_POINT('',(-0.00924472802648235,0.070285805058243,0.0119999999990024));
#2604=CARTESIAN_POINT('',(-0.00922444589865053,0.0703317646560073,0.012));
#2605=CARTESIAN_POINT('',(-0.00959642495863967,0.0702769539328802,0.0119044899289248));
#2606=CARTESIAN_POINT('',(-0.00953583149616519,0.0704134560673654,0.0118510001725192));
#2607=CARTESIAN_POINT('',(-0.00947842462670459,0.0705515565695836,0.0119044899289249));
#2608=CARTESIAN_POINT('',(-0.00975172414947228,0.0702950921405729,0.0116374031145668));
#2609=CARTESIAN_POINT('',(-0.00960000001280015,0.0704423851754363,0.0116128268730195));
#2610=CARTESIAN_POINT('',(-0.00959999999999999,0.0706538454595702,0.0116374031145666));
#2611=CARTESIAN_POINT('',(-0.00975172413793102,0.0702950921517771,0.0115));
#2612=CARTESIAN_POINT('',(-0.00959999999999999,0.070442385169682,0.0115));
#2613=CARTESIAN_POINT('',(-0.00959999999999999,0.070653845442912,0.0115));
#2614=CARTESIAN_POINT('',(-0.0101,0.070653845442912,0.0115));
#2615=CARTESIAN_POINT('',(-0.0101,0.070653845442912,0.012));
#2616=CARTESIAN_POINT('',(-0.0101,0.070653845442912,-0.004));
#2617=CARTESIAN_POINT('',(-0.00975172413793103,0.0702950921517771,-0.004));
#2618=CARTESIAN_POINT('',(-0.0096,0.0704423851696821,-0.004));
#2619=CARTESIAN_POINT('',(-0.0096,0.070653845442912,-0.004));
#2620=CARTESIAN_POINT('',(-0.00975172405948908,0.0702950922279281,-0.00431051316180822));
#2621=CARTESIAN_POINT('',(-0.00959999992590923,0.0704423852393186,-0.00421900023108601));
#2622=CARTESIAN_POINT('',(-0.0096,0.0706538455217926,-0.00415525658090411));
#2623=CARTESIAN_POINT('',(-0.00946425450996322,0.0705763880338969,-0.00484531099554063));
#2624=CARTESIAN_POINT('',(-0.00930002973124364,0.0707246158909157,-0.00460116740050426));
#2625=CARTESIAN_POINT('',(-0.00945113177974458,0.0709451876071598,-0.00442265549167436));
#2626=CARTESIAN_POINT('',(-0.00901786974489497,0.0709629158486011,-0.00499999997561618));
#2627=CARTESIAN_POINT('',(-0.00893402357483412,0.0710305041927697,-0.00457001873136058));
#2628=CARTESIAN_POINT('',(-0.00921996826024307,0.0713455199847937,-0.0045));
#2629=CARTESIAN_POINT('',(-0.00878620689655172,0.0711496590942555,-0.005));
#2630=CARTESIAN_POINT('',(-0.00878620689655173,0.0711496590942555,-0.0045));
#2631=CARTESIAN_POINT('',(-0.0091,0.0715389326333361,-0.0045));
#2632=CARTESIAN_POINT('',(-0.0091,0.0715389326333361,-0.005));
#2633=CARTESIAN_POINT('',(1.12757025938492E-17,0.06025,-0.005));
#2634=CARTESIAN_POINT('',(0.0091,0.0715389326333361,-0.005));
#2635=CARTESIAN_POINT('',(0.00878620689655172,0.0711496590942555,-0.005));
#2636=CARTESIAN_POINT('',(0.00878620689655172,0.0711496590942555,-0.0045));
#2637=CARTESIAN_POINT('',(0.0091,0.0715389326333361,-0.0045));
#2638=CARTESIAN_POINT('',(0.00901797624525232,0.0709628299987441,-0.00499999997213051));
#2639=CARTESIAN_POINT('',(0.00893408677192622,0.0710304532494764,-0.00457004866357052));
#2640=CARTESIAN_POINT('',(0.00922002341209151,0.0713454310685674,-0.0045));
#2641=CARTESIAN_POINT('',(0.00946117988507382,0.0705791810501908,-0.00484787750973898));
#2642=CARTESIAN_POINT('',(0.00929734557156761,0.0707269971309641,-0.00460247955382954));
#2643=CARTESIAN_POINT('',(0.00944953957098568,0.0709480803741835,-0.00442393874790198));
#2644=CARTESIAN_POINT('',(0.00975172408899733,0.0702950921992817,-0.00431088329848548));
#2645=CARTESIAN_POINT('',(0.00959999995374722,0.0704423852131803,-0.0042192612814074));
#2646=CARTESIAN_POINT('',(0.0096,0.0706538454921304,-0.00415544164924301));
#2647=CARTESIAN_POINT('',(0.00975172413793103,0.0702950921517771,-0.004));
#2648=CARTESIAN_POINT('',(0.0096,0.0704423851696821,-0.004));
#2649=CARTESIAN_POINT('',(0.0096,0.070653845442912,-0.004));
#2650=CARTESIAN_POINT('',(0.0101,0.070653845442912,-0.004));
#2651=CARTESIAN_POINT('',(0.0101,0.070653845442912,0.012));
#2652=CARTESIAN_POINT('',(0.0101,0.070653845442912,0.0115));
#2653=CARTESIAN_POINT('',(0.0091,0.0702219606898544,0.012));
#2654=CARTESIAN_POINT('',(0.00909999999999999,0.0702219606898544,0.012));
#2655=CARTESIAN_POINT('',(0.00909999999999999,0.0702219606898544,0.012));
#2656=CARTESIAN_POINT('',(0.00922444589864888,0.0703317646560093,0.012));
#2657=CARTESIAN_POINT('',(0.00924472802648163,0.0702858050582413,0.012000000002007));
#2658=CARTESIAN_POINT('',(0.00926501011415871,0.0702398454427574,0.012));
#2659=CARTESIAN_POINT('',(0.00947842462670544,0.0705515565695827,0.0119044899289254));
#2660=CARTESIAN_POINT('',(0.00953583149616559,0.0704134560673663,0.011851000170962));
#2661=CARTESIAN_POINT('',(0.00959642495863841,0.070276953932884,0.0119044899289254));
#2662=CARTESIAN_POINT('',(0.0096,0.0706538454595702,0.0116374031145656));
#2663=CARTESIAN_POINT('',(0.00960000001280015,0.0704423851754363,0.0116128268730174));
#2664=CARTESIAN_POINT('',(0.00975172414947229,0.0702950921405729,0.0116374031145656));
#2665=CARTESIAN_POINT('',(0.0096,0.070653845442912,0.0115));
#2666=CARTESIAN_POINT('',(0.0096,0.0704423851696821,0.0115));
#2667=CARTESIAN_POINT('',(0.00975172413793103,0.0702950921517771,0.0115));
#2668=CARTESIAN_POINT('',(-0.0093,0.0132561026086466,0.012));
#2669=CARTESIAN_POINT('',(-0.0093,0.0132561026086466,0.012));
#2670=CARTESIAN_POINT('',(-0.0093,0.0132561026086466,0.012));
#2671=CARTESIAN_POINT('',(-0.00945312131396659,0.0132651884120841,0.012));
#2672=CARTESIAN_POINT('',(-0.00943983914601776,0.0133039739631436,0.0119999999992731));
#2673=CARTESIAN_POINT('',(-0.00942655695140161,0.0133427595050747,0.012));
#2674=CARTESIAN_POINT('',(-0.00976119818521815,0.0132847773680372,0.0118995452483878));
#2675=CARTESIAN_POINT('',(-0.00971954641585559,0.0133994474825678,0.011865117225315));
#2676=CARTESIAN_POINT('',(-0.00968360693753744,0.0135161172853071,0.0118995452483878));
#2677=CARTESIAN_POINT('',(-0.00989899296115635,0.0132942815334538,0.0116352744788367));
#2678=CARTESIAN_POINT('',(-0.0098000000161753,0.0134272014634643,0.0116204119311679));
#2679=CARTESIAN_POINT('',(-0.00979999999999999,0.0135929341124823,0.0116352744788367));
#2680=CARTESIAN_POINT('',(-0.00989899295322193,0.0132942815441075,0.0115));
#2681=CARTESIAN_POINT('',(-0.0098,0.0134272014578917,0.0115));
#2682=CARTESIAN_POINT('',(-0.0098,0.0135929340988167,0.0115));
#2683=CARTESIAN_POINT('',(-0.0103,0.0135929340988168,0.0115));
#2684=CARTESIAN_POINT('',(-0.0103,0.0135929340988167,-0.004));
#2685=CARTESIAN_POINT('',(-0.0103,0.0135929340988167,-0.004));
#2686=CARTESIAN_POINT('',(-0.00989899295322193,0.0132942815441075,-0.004));
#2687=CARTESIAN_POINT('',(-0.0098,0.0134272014578916,-0.004));
#2688=CARTESIAN_POINT('',(-0.0098,0.0135929340988167,-0.004));
#2689=CARTESIAN_POINT('',(-0.00989899289603601,0.0132942816208922,-0.00417308348864259));
#2690=CARTESIAN_POINT('',(-0.00979999994434304,0.0134272015311219,-0.00412505853326459));
#2691=CARTESIAN_POINT('',(-0.0098,0.0135929341778338,-0.0040865417443213));
#2692=CARTESIAN_POINT('',(-0.00980727543670656,0.0134181236237037,-0.00449580741718294));
#2693=CARTESIAN_POINT('',(-0.00970713597953922,0.0135498600838099,-0.00436138833444451));
#2694=CARTESIAN_POINT('',(-0.0097528191407341,0.0137203470620087,-0.00424790370902048));
#2695=CARTESIAN_POINT('',(-0.00946786793522602,0.0138564349184807,-0.00489105749301707));
#2696=CARTESIAN_POINT('',(-0.00937072686382349,0.0139755941083784,-0.00460224621963274));
#2697=CARTESIAN_POINT('',(-0.00957812817568079,0.0141715422566131,-0.00444552874436349));
#2698=CARTESIAN_POINT('',(-0.00915011038089029,0.0142341872144802,-0.00499999998112281));
#2699=CARTESIAN_POINT('',(-0.0090855626573785,0.0143059522013413,-0.0045783973945719));
#2700=CARTESIAN_POINT('',(-0.00941441274584915,0.0145608112810267,-0.0045));
#2701=CARTESIAN_POINT('',(-0.00892824796956974,0.014480856652985,-0.005));
#2702=CARTESIAN_POINT('',(-0.00892824796956974,0.014480856652985,-0.0045));
#2703=CARTESIAN_POINT('',(-0.0093,0.0148152223627565,-0.0045));
#2704=CARTESIAN_POINT('',(-0.0093,0.0148152223627565,-0.005));
#2705=CARTESIAN_POINT('',(-0.00892824796956973,0.014480856652985,-0.005));
#2706=CARTESIAN_POINT('',(-0.00892824796956973,0.014480856652985,-0.0045));
#2707=CARTESIAN_POINT('',(-0.0093,0.0148152223627564,-0.0045));
#2708=CARTESIAN_POINT('',(-0.00834989819819731,0.0151238732528437,-0.005));
#2709=CARTESIAN_POINT('',(-0.00834989819845645,0.0151238732530861,-0.00450000000000574));
#2710=CARTESIAN_POINT('',(-0.00870349890446103,0.0154784198352893,-0.0045));
#2711=CARTESIAN_POINT('',(-0.00711166570986939,0.0162932161118882,-0.005));
#2712=CARTESIAN_POINT('',(-0.00711166570974854,0.0162932161117819,-0.00449999999999744));
#2713=CARTESIAN_POINT('',(-0.00742376900782879,0.0166873486512028,-0.0045));
#2714=CARTESIAN_POINT('',(-0.00423103922264144,0.0181549302291164,-0.005));
#2715=CARTESIAN_POINT('',(-0.00423103922272743,0.0181549302291629,-0.00450000000000132));
#2716=CARTESIAN_POINT('',(-0.00443198760837952,0.0186225044676231,-0.0045));
#2717=CARTESIAN_POINT('',(-1.31755714094888E-5,0.019227183883799,-0.005));
#2718=CARTESIAN_POINT('',(-1.31755712398643E-5,0.0192271838839113,-0.00450000000000095));
#2719=CARTESIAN_POINT('',(-1.38093817018564E-5,0.0197487424173945,-0.0045));
#2720=CARTESIAN_POINT('',(0.00504960975698657,0.0179507367037969,-0.005));
#2721=CARTESIAN_POINT('',(0.00504960975644517,0.0179507367033144,-0.0044999999999948));
#2722=CARTESIAN_POINT('',(0.00528942965676167,0.0184077228752815,-0.0045));
#2723=CARTESIAN_POINT('',(0.00776996232109395,0.0157686533051402,-0.005));
#2724=CARTESIAN_POINT('',(0.00776996232224412,0.0157686533061911,-0.0045000000000115));
#2725=CARTESIAN_POINT('',(0.00810536192437289,0.016143436106294,-0.0045));
#2726=CARTESIAN_POINT('',(0.00892824796956971,0.0144808566529851,-0.005));
#2727=CARTESIAN_POINT('',(0.00892824796956971,0.0144808566529851,-0.0045));
#2728=CARTESIAN_POINT('',(0.0093,0.0148152223627565,-0.0045));
#2729=CARTESIAN_POINT('',(0.0093,0.0148152223627565,-0.005));
#2730=CARTESIAN_POINT('',(0.00892824796956971,0.0144808566529851,-0.005));
#2731=CARTESIAN_POINT('',(0.00892824796956971,0.0144808566529851,-0.0045));
#2732=CARTESIAN_POINT('',(0.0093,0.0148152223627565,-0.0045));
#2733=CARTESIAN_POINT('',(0.00915029062436218,0.0142339868175056,-0.00499999997786921));
#2734=CARTESIAN_POINT('',(0.00908568043730084,0.0143058212518027,-0.0045784560863096));
#2735=CARTESIAN_POINT('',(0.00941450569584544,0.0145606045943816,-0.0045));
#2736=CARTESIAN_POINT('',(0.00946693247332379,0.0138575768692205,-0.00489137778702914));
#2737=CARTESIAN_POINT('',(0.0093698908272161,0.0139765980789358,-0.0046022270722584));
#2738=CARTESIAN_POINT('',(0.00957764635819027,0.0141727186100256,-0.00444568889100046));
#2739=CARTESIAN_POINT('',(0.00980690967435025,0.0134186211348143,-0.00449685634752551));
#2740=CARTESIAN_POINT('',(0.00970674476551527,0.0135503765876962,-0.00436215368336833));
#2741=CARTESIAN_POINT('',(0.00975263101205245,0.0137208588765599,-0.00424842817426557));
#2742=CARTESIAN_POINT('',(0.00989899290656117,0.0132942816067599,-0.00417301018648091));
#2743=CARTESIAN_POINT('',(0.00979999995457961,0.0134272015176573,-0.00412500556972496));
#2744=CARTESIAN_POINT('',(0.0098,0.0135929341632792,-0.00408650509324046));
#2745=CARTESIAN_POINT('',(0.00989899295322196,0.0132942815441075,-0.004));
#2746=CARTESIAN_POINT('',(0.0098,0.0134272014578916,-0.004));
#2747=CARTESIAN_POINT('',(0.0098,0.0135929340988167,-0.004));
#2748=CARTESIAN_POINT('',(0.0103,0.0135929340988167,-0.004));
#2749=CARTESIAN_POINT('',(0.0103,0.0135929340988167,-0.004));
#2750=CARTESIAN_POINT('',(0.0103,0.0135929340988167,0.0115));
#2751=CARTESIAN_POINT('',(0.0093,0.0132561026086467,0.012));
#2752=CARTESIAN_POINT('',(0.0093,0.0132561026086467,0.012));
#2753=CARTESIAN_POINT('',(0.0093,0.0132561026086467,0.012));
#2754=CARTESIAN_POINT('',(0.00942655695140022,0.0133427595050779,0.012));
#2755=CARTESIAN_POINT('',(0.00943983914601576,0.0133039739631448,0.0120000000008836));
#2756=CARTESIAN_POINT('',(0.00945312131396495,0.0132651884120832,0.012));
#2757=CARTESIAN_POINT('',(0.00968360693753814,0.0135161172853048,0.0118995452483878));
#2758=CARTESIAN_POINT('',(0.00971954641585779,0.0133994474825679,0.0118651172244895));
#2759=CARTESIAN_POINT('',(0.00976119818521813,0.0132847773680387,0.0118995452483878));
#2760=CARTESIAN_POINT('',(0.0098,0.0135929341124837,0.0116352744788366));
#2761=CARTESIAN_POINT('',(0.009800000016173,0.0134272014634628,0.0116204119311682));
#2762=CARTESIAN_POINT('',(0.00989899296115803,0.0132942815334515,0.0116352744788366));
#2763=CARTESIAN_POINT('',(0.0098,0.0135929340988167,0.0115));
#2764=CARTESIAN_POINT('',(0.0098,0.0134272014578917,0.0115));
#2765=CARTESIAN_POINT('',(0.00989899295322192,0.0132942815441075,0.0115));
#2766=CARTESIAN_POINT('',(0.0098,0.02862600010002,0.0045));
#2767=CARTESIAN_POINT('',(0.0098,0.0075,-0.0045));
#2768=CARTESIAN_POINT('',(0.0098,0.0075,0.0045));
#2769=CARTESIAN_POINT('',(0.0098,0.0075,-0.004));
#2770=CARTESIAN_POINT('',(0.0098,0.00965346065577154,-0.004));
#2771=CARTESIAN_POINT('',(0.0098,0.00965346065577157,-0.004));
#2772=CARTESIAN_POINT('',(0.0098,0.00965346065577157,0.));
#2773=CARTESIAN_POINT('',(0.0098,0.00965346065577154,0.0045));
#2774=CARTESIAN_POINT('',(0.0098,0.02862600010002,0.0045));
#2775=CARTESIAN_POINT('',(-0.0098,0.02862600010002,0.0045));
#2776=CARTESIAN_POINT('',(-0.0098,0.00965346065577151,0.));
#2777=CARTESIAN_POINT('',(-0.0098,0.00965346065577151,-0.004));
#2778=CARTESIAN_POINT('',(-0.0098,0.00965346065577152,0.0045));
#2779=CARTESIAN_POINT('',(-0.0098,0.02862600010002,-0.004));
#2780=CARTESIAN_POINT('',(-0.0098,0.0075,-0.004));
#2781=CARTESIAN_POINT('',(-0.0098,0.0075,0.0045));
#2782=CARTESIAN_POINT('',(-0.0098,0.0075,0.0045));
#2783=CARTESIAN_POINT('',(-0.0098,0.02862600010002,0.0045));
#2784=CARTESIAN_POINT('',(-1.7347234759768E-18,0.040625,0.0045));
#2785=CARTESIAN_POINT('',(-0.0093,0.0075,0.0045));
#2786=CARTESIAN_POINT('',(-0.0093,0.007,0.0045));
#2787=CARTESIAN_POINT('',(-1.21430643318376E-17,0.007,0.0045));
#2788=CARTESIAN_POINT('',(0.0093,0.007,0.0045));
#2789=CARTESIAN_POINT('',(0.0093,0.0075,0.0045));
#2790=CARTESIAN_POINT('',(0.0098,0.00965346065577154,0.0045));
#2791=CARTESIAN_POINT('',(0.00931825470580884,0.0106069192273452,0.0045));
#2792=CARTESIAN_POINT('',(0.00818925822500315,0.0124250830800474,0.0045));
#2793=CARTESIAN_POINT('',(0.00595413797102707,0.014744113288085,0.0045));
#2794=CARTESIAN_POINT('',(0.00316416385689435,0.0163933940998706,0.0045));
#2795=CARTESIAN_POINT('',(-1.05472042487822E-5,0.0170063950351318,0.0045));
#2796=CARTESIAN_POINT('',(-0.00319465630816931,0.0163809735119811,0.0045));
#2797=CARTESIAN_POINT('',(-0.00596329600647779,0.0147357293668012,0.0045));
#2798=CARTESIAN_POINT('',(-0.00820221391967673,0.0124076455045256,0.0045));
#2799=CARTESIAN_POINT('',(-0.00931889384413461,0.0106056542603129,0.0045));
#2800=CARTESIAN_POINT('',(-0.0098,0.00965346065577152,0.0045));
#2801=CARTESIAN_POINT('',(-1.7347234759768E-18,0.040625,-0.0045));
#2802=CARTESIAN_POINT('',(-1.7347234759768E-18,0.0075,-0.0045));
#2803=CARTESIAN_POINT('',(0.0093,0.0075,-0.0045));
#2804=CARTESIAN_POINT('',(-0.0093,0.0075,-0.0045));
#2805=CARTESIAN_POINT('',(-0.0093,0.040625,-0.0045));
#2806=CARTESIAN_POINT('',(-0.0093,0.0105745823017507,-0.0045));
#2807=CARTESIAN_POINT('',(0.00930000000000007,0.0105745823017506,-0.0045));
#2808=CARTESIAN_POINT('',(0.00831578275637058,0.0122646782221595,-0.0045));
#2809=CARTESIAN_POINT('',(0.00639038596545073,0.0145784455882251,-0.0045));
#2810=CARTESIAN_POINT('',(0.00290806188988414,0.0164583536863914,-0.0045));
#2811=CARTESIAN_POINT('',(-1.00252229301291E-5,0.0169730478769556,-0.0045));
#2812=CARTESIAN_POINT('',(-0.00293260485262416,0.0164494134747785,-0.0045));
#2813=CARTESIAN_POINT('',(-0.00639798344253638,0.0145684681478546,-0.0045));
#2814=CARTESIAN_POINT('',(-0.00831950786715839,0.0122582814692208,-0.0045));
#2815=CARTESIAN_POINT('',(-0.00930000000000001,0.0105745823017507,-0.0045));
#2816=CARTESIAN_POINT('',(0.0093,0.0105745823017507,-0.0045));
#2817=CARTESIAN_POINT('',(0.0093,0.0075,-0.0045));
#2818=CARTESIAN_POINT('',(-1.21430643318376E-17,0.007,0.0045));
#2819=CARTESIAN_POINT('',(-0.0093,0.007,0.0045));
#2820=CARTESIAN_POINT('',(-0.0093,0.007,-0.004));
#2821=CARTESIAN_POINT('',(-1.21430643318376E-17,0.007,-0.004));
#2822=CARTESIAN_POINT('',(0.0093,0.007,-0.004));
#2823=CARTESIAN_POINT('',(0.0093,0.007,0.0045));
#2824=CARTESIAN_POINT('',(0.00445350956667433,0.0160237679022315,0.0095));
#2825=CARTESIAN_POINT('',(0.00445350956667433,0.0160237679022315,-0.00949999999999999));
#2826=CARTESIAN_POINT('',(-1.0842021724855E-18,0.0171881160488843,0.0095));
#2827=CARTESIAN_POINT('',(-1.0842021724855E-18,0.0171881160488843,-0.0095));
#2828=CARTESIAN_POINT('',(-0.00445350956667432,0.0160237679022315,0.0095));
#2829=CARTESIAN_POINT('',(-0.00445350956667432,0.0160237679022315,-0.00949999999999999));
#2830=CARTESIAN_POINT('',(-0.00849825382514052,0.0124435387009548,0.0095));
#2831=CARTESIAN_POINT('',(-0.00849825382514052,0.0124435387009548,-0.0095));
#2832=CARTESIAN_POINT('',(-0.0113259274283488,0.00679652845981381,0.0095));
#2833=CARTESIAN_POINT('',(-0.0113259274283488,0.00679652845981381,-0.00949999999999999));
#2834=CARTESIAN_POINT('',(-0.0123370362858256,5.93600689435814E-18,0.0095));
#2835=CARTESIAN_POINT('',(-0.0123370362858256,5.93600689435814E-18,-0.0095));
#2836=CARTESIAN_POINT('',(-0.0113259274283488,-0.00679652845981383,0.0095));
#2837=CARTESIAN_POINT('',(-0.0113259274283488,-0.00679652845981383,-0.0095));
#2838=CARTESIAN_POINT('',(-0.0084982538251405,-0.0124435387009548,0.0095));
#2839=CARTESIAN_POINT('',(-0.0084982538251405,-0.0124435387009548,-0.00949999999999999));
#2840=CARTESIAN_POINT('',(-0.00445350956667435,-0.0160237679022315,0.0095));
#2841=CARTESIAN_POINT('',(-0.00445350956667435,-0.0160237679022315,-0.0095));
#2842=CARTESIAN_POINT('',(1.45136580882962E-17,-0.0171881160488843,0.0095));
#2843=CARTESIAN_POINT('',(1.45136580882962E-17,-0.0171881160488843,-0.0095));
#2844=CARTESIAN_POINT('',(0.00445350956667429,-0.0160237679022315,0.0095));
#2845=CARTESIAN_POINT('',(0.00445350956667429,-0.0160237679022315,-0.0095));
#2846=CARTESIAN_POINT('',(0.00849825382514055,-0.0124435387009548,0.0095));
#2847=CARTESIAN_POINT('',(0.00849825382514055,-0.0124435387009548,-0.0095));
#2848=CARTESIAN_POINT('',(0.0113259274283488,-0.00679652845981388,0.0095));
#2849=CARTESIAN_POINT('',(0.0113259274283488,-0.00679652845981388,-0.0095));
#2850=CARTESIAN_POINT('',(0.0123370362858256,6.81692115950261E-17,0.0095));
#2851=CARTESIAN_POINT('',(0.0123370362858256,6.81692115950261E-17,-0.00949999999999999));
#2852=CARTESIAN_POINT('',(0.0113259274283488,0.00679652845981378,0.0095));
#2853=CARTESIAN_POINT('',(0.0113259274283488,0.00679652845981378,-0.00949999999999999));
#2854=CARTESIAN_POINT('',(0.00849825382514056,0.0124435387009548,0.0095));
#2855=CARTESIAN_POINT('',(0.00849825382514056,0.0124435387009548,-0.0095));
#2856=CARTESIAN_POINT('',(0.00445350956667433,0.0160237679022315,0.0095));
#2857=CARTESIAN_POINT('',(0.00445350956667433,0.0160237679022315,-0.00949999999999999));
#2858=CARTESIAN_POINT('',(-1.0842021724855E-18,0.0171881160488843,0.0095));
#2859=CARTESIAN_POINT('',(-1.0842021724855E-18,0.0171881160488843,-0.0095));
#2860=CARTESIAN_POINT('',(-0.00445350956667432,0.0160237679022315,0.0095));
#2861=CARTESIAN_POINT('',(-0.00445350956667432,0.0160237679022315,-0.00949999999999999));
#2862=CARTESIAN_POINT('',(0.0028512273999375,-0.0164697279040805,-0.0095));
#2863=CARTESIAN_POINT('',(8.25341605208455E-7,-0.0169650865207797,-0.0095));
#2864=CARTESIAN_POINT('',(-0.00285452876635834,-0.0164699260128009,-0.0095));
#2865=CARTESIAN_POINT('',(-0.00626485026014969,-0.0146671963128329,-0.0095));
#2866=CARTESIAN_POINT('',(-0.00942497634924207,-0.0109829485828903,-0.0095));
#2867=CARTESIAN_POINT('',(-0.0115414553885136,-0.00566951648620388,-0.0095));
#2868=CARTESIAN_POINT('',(-0.0121168626535695,-0.000938383717054019,-0.0095));
#2869=CARTESIAN_POINT('',(-0.0118813448791906,0.00286263502900289,-0.00950000000000001));
#2870=CARTESIAN_POINT('',(-0.0111890587867772,0.00654933957892354,-0.0095));
#2871=CARTESIAN_POINT('',(-0.00941519757397319,0.01100625058539,-0.0095));
#2872=CARTESIAN_POINT('',(-0.0062496892355342,0.0146757560609275,-0.0095));
#2873=CARTESIAN_POINT('',(-0.00285251027964682,0.0164717888423744,-0.0095));
#2874=CARTESIAN_POINT('',(2.60863399187196E-5,0.0169661717220337,-0.0095));
#2875=CARTESIAN_POINT('',(0.00287072581447795,0.0164633757013951,-0.0095));
#2876=CARTESIAN_POINT('',(0.00627907667398333,0.0146542359255191,-0.0095));
#2877=CARTESIAN_POINT('',(0.00942343216822547,0.0109863951244918,-0.0095));
#2878=CARTESIAN_POINT('',(0.0111944332391967,0.00653243927235959,-0.0095));
#2879=CARTESIAN_POINT('',(0.0118848086905676,0.00283918228805146,-0.0095));
#2880=CARTESIAN_POINT('',(0.0121144736546891,-0.000972828932926891,-0.0095));
#2881=CARTESIAN_POINT('',(0.0116593956070598,-0.00472057319776168,-0.0095));
#2882=CARTESIAN_POINT('',(0.0104726567190623,-0.00834642711851668,-0.0095));
#2883=CARTESIAN_POINT('',(0.0087912336360493,-0.01172296826851,-0.0095));
#2884=CARTESIAN_POINT('',(0.00624929672698327,-0.014679262534384,-0.0095));
#2885=CARTESIAN_POINT('',(0.0028512273999375,-0.0164697279040805,-0.0095));
#2886=CARTESIAN_POINT('',(8.25341605208455E-7,-0.0169650865207797,-0.0095));
#2887=CARTESIAN_POINT('',(-0.00285452876635834,-0.0164699260128009,-0.0095));
#2888=CARTESIAN_POINT('',(-1.38560037846386E-18,-0.0168,-0.0095));
#2889=CARTESIAN_POINT('',(-0.00286507029775845,-0.0164655104721877,0.0095));
#2890=CARTESIAN_POINT('',(-7.17608455285681E-7,-0.0169672254242473,0.0095));
#2891=CARTESIAN_POINT('',(0.00286794073157958,-0.016465587830823,0.0095));
#2892=CARTESIAN_POINT('',(0.00542070694446698,-0.0151118061428922,0.0095));
#2893=CARTESIAN_POINT('',(0.00753049250209477,-0.0131878543730694,0.0095));
#2894=CARTESIAN_POINT('',(0.00977554403961598,-0.0101042276587819,0.0095));
#2895=CARTESIAN_POINT('',(0.0111923833854168,-0.00653829310945688,0.0095));
#2896=CARTESIAN_POINT('',(0.0118840083091687,-0.0028460158606713,0.0095));
#2897=CARTESIAN_POINT('',(0.0121147147675521,0.000966095014592264,0.0095));
#2898=CARTESIAN_POINT('',(0.0116609483168544,0.00471310178372829,0.0095));
#2899=CARTESIAN_POINT('',(0.010475178176889,0.00834047646811642,0.0095));
#2900=CARTESIAN_POINT('',(0.00879468775508427,0.0117170604806758,0.0095));
#2901=CARTESIAN_POINT('',(0.00625732811112372,0.0146747458765411,0.0095));
#2902=CARTESIAN_POINT('',(0.00285275995812931,0.0164675754451023,0.0095));
#2903=CARTESIAN_POINT('',(2.70615927761191E-5,0.0169643808834424,0.0095));
#2904=CARTESIAN_POINT('',(-0.00284077237439481,0.0164747580409061,0.0095));
#2905=CARTESIAN_POINT('',(-0.00539217081128925,0.0151337714227015,0.0095));
#2906=CARTESIAN_POINT('',(-0.00752599418711264,0.0131931331415866,0.0095));
#2907=CARTESIAN_POINT('',(-0.00919819481036015,0.0109018671991677,0.0095));
#2908=CARTESIAN_POINT('',(-0.0104788428538702,0.00833081121040165,0.0095));
#2909=CARTESIAN_POINT('',(-0.0113563413657589,0.00565432961294061,0.0095));
#2910=CARTESIAN_POINT('',(-0.0118856513313025,0.00283339316428271,0.0095));
#2911=CARTESIAN_POINT('',(-0.012115175648297,-0.000929229452388901,0.0095));
#2912=CARTESIAN_POINT('',(-0.0116511522102001,-0.00474404497752247,0.0095));
#2913=CARTESIAN_POINT('',(-0.0104912508930419,-0.00829927762736573,0.0095));
#2914=CARTESIAN_POINT('',(-0.0092156213868236,-0.0108738484508047,0.0095));
#2915=CARTESIAN_POINT('',(-0.00754202604529606,-0.0131750884704091,0.0095));
#2916=CARTESIAN_POINT('',(-0.00541497974012134,-0.0151175222142598,0.0095));
#2917=CARTESIAN_POINT('',(-0.00286507029775845,-0.0164655104721877,0.0095));
#2918=CARTESIAN_POINT('',(-7.17608455285681E-7,-0.0169672254242473,0.0095));
#2919=CARTESIAN_POINT('',(0.00286794073157958,-0.016465587830823,0.0095));
#2920=CARTESIAN_POINT('',(-1.38560037846386E-18,-0.0168,0.0095));
#2921=CARTESIAN_POINT('',(0.0098,0.00965346065577157,-0.004));
#2922=CARTESIAN_POINT('',(0.0098,0.00965346065577157,-0.00410634096314983));
#2923=CARTESIAN_POINT('',(0.00973312539853985,0.00978594007202489,-0.00428094118003979));
#2924=CARTESIAN_POINT('',(0.00955677199744669,0.0101218714290649,-0.00445316406908078));
#2925=CARTESIAN_POINT('',(0.00940520003686385,0.0103939330047776,-0.0045));
#2926=CARTESIAN_POINT('',(0.0093,0.0105745823017507,-0.0045));
#2927=CARTESIAN_POINT('',(-0.0093,0.0105745823017507,-0.0045));
#2928=CARTESIAN_POINT('',(-0.00940528080316656,0.010393794313041,-0.0045));
#2929=CARTESIAN_POINT('',(-0.00955545942068298,0.0101243166423594,-0.00445410210973768));
#2930=CARTESIAN_POINT('',(-0.00973339166633609,0.00978544376214508,-0.00428078681640772));
#2931=CARTESIAN_POINT('',(-0.0098,0.00965346065577152,-0.00410624234585506));
#2932=CARTESIAN_POINT('',(-0.0098,0.00965346065577152,-0.004));
#2933=CARTESIAN_POINT('',(0.,0.,0.01));
#2934=CARTESIAN_POINT('',(0.00276916376079142,-0.0159677888449412,0.01));
#2935=CARTESIAN_POINT('',(-1.4569028141186E-6,-0.0164659312146235,0.01));
#2936=CARTESIAN_POINT('',(-0.00276333614953495,-0.0159684862965648,0.01));
#2937=CARTESIAN_POINT('',(-0.00521344269644128,-0.0146424417942117,0.01));
#2938=CARTESIAN_POINT('',(-0.00724948365195778,-0.0127451402225361,0.01));
#2939=CARTESIAN_POINT('',(-0.00884669499567812,-0.0105097255134528,0.01));
#2940=CARTESIAN_POINT('',(-0.0100620960893169,-0.00801807056416694,0.01));
#2941=CARTESIAN_POINT('',(-0.011167555756827,-0.00458125076385039,0.01));
#2942=CARTESIAN_POINT('',(-0.0116096879497853,-0.000897423579070123,0.01));
#2943=CARTESIAN_POINT('',(-0.0113911545231144,0.00273473331394026,0.01));
#2944=CARTESIAN_POINT('',(-0.0108869929857601,0.00545966185484588,0.01));
#2945=CARTESIAN_POINT('',(-0.0100506330707849,0.00804764572681969,0.01));
#2946=CARTESIAN_POINT('',(-0.00883071622671617,0.0105359526542067,0.01));
#2947=CARTESIAN_POINT('',(-0.00723405064024542,0.0127627233824429,0.01));
#2948=CARTESIAN_POINT('',(-0.00519388352089664,0.0146564501626398,0.01));
#2949=CARTESIAN_POINT('',(-0.00274235155041034,0.0159770293574719,0.01));
#2950=CARTESIAN_POINT('',(2.56263485499835E-5,0.0164633720555204,0.01));
#2951=CARTESIAN_POINT('',(0.00275595759715577,0.0159693406647134,0.01));
#2952=CARTESIAN_POINT('',(0.00602449752658459,0.0142043404263086,0.01));
#2953=CARTESIAN_POINT('',(0.00844597765793391,0.011324979632313,0.01));
#2954=CARTESIAN_POINT('',(0.0100472275760716,0.00805702436141047,0.01));
#2955=CARTESIAN_POINT('',(0.0111774754647028,0.00454855783133648,0.01));
#2956=CARTESIAN_POINT('',(0.0116092334684156,0.000932746353630935,0.01));
#2957=CARTESIAN_POINT('',(0.0113894692206455,-0.00274808451076642,0.01));
#2958=CARTESIAN_POINT('',(0.0107306160609531,-0.00631407525159601,0.01));
#2959=CARTESIAN_POINT('',(0.00937986757988903,-0.00976390727976289,0.01));
#2960=CARTESIAN_POINT('',(0.00723956460850745,-0.0127561479738255,0.01));
#2961=CARTESIAN_POINT('',(0.0052203293993694,-0.0146356506591619,0.01));
#2962=CARTESIAN_POINT('',(0.00276916376079142,-0.0159677888449412,0.01));
#2963=CARTESIAN_POINT('',(-1.4569028141186E-6,-0.0164659312146235,0.01));
#2964=CARTESIAN_POINT('',(-0.00276333614953495,-0.0159684862965648,0.01));
#2965=CARTESIAN_POINT('',(-1.38917478418339E-18,-0.0163,0.01));
#2966=CARTESIAN_POINT('',(0.,0.,-0.01));
#2967=CARTESIAN_POINT('',(-0.0027560956040335,-0.0159717659258828,-0.01));
#2968=CARTESIAN_POINT('',(-1.05647949839714E-6,-0.0164649968544919,-0.01));
#2969=CARTESIAN_POINT('',(0.00276032152202706,-0.0159682466561497,-0.01));
#2970=CARTESIAN_POINT('',(0.00599733007105449,-0.0142216892247172,-0.01));
#2971=CARTESIAN_POINT('',(0.00844147378500638,-0.011334740590196,-0.01));
#2972=CARTESIAN_POINT('',(0.0100421270130584,-0.00806871057335281,-0.01));
#2973=CARTESIAN_POINT('',(0.0111750969605202,-0.00456140143209741,-0.01));
#2974=CARTESIAN_POINT('',(0.0116087442673226,-0.000944834379859299,-0.01));
#2975=CARTESIAN_POINT('',(0.0113908989648627,0.00273619077671899,-0.01));
#2976=CARTESIAN_POINT('',(0.0107339222447332,0.00630380950285823,-0.01));
#2977=CARTESIAN_POINT('',(0.00904713643021087,0.0106118388160467,-0.01));
#2978=CARTESIAN_POINT('',(0.00604825757380112,0.0141818557902109,-0.01));
#2979=CARTESIAN_POINT('',(0.00277551387437068,0.0159642874264189,-0.01));
#2980=CARTESIAN_POINT('',(2.86777335928778E-5,0.016465132155965,-0.01));
#2981=CARTESIAN_POINT('',(-0.00275066440961376,0.0159749791567119,-0.01));
#2982=CARTESIAN_POINT('',(-0.00519900150079208,0.0146505898480677,-0.01));
#2983=CARTESIAN_POINT('',(-0.00722397347097105,0.0127748349354855,-0.01));
#2984=CARTESIAN_POINT('',(-0.00937351768556977,0.00977789811836016,-0.01));
#2985=CARTESIAN_POINT('',(-0.0107268909464425,0.00632643832514427,-0.01));
#2986=CARTESIAN_POINT('',(-0.0113867025976967,0.00276605598174823,-0.01));
#2987=CARTESIAN_POINT('',(-0.0116114001077992,-0.000904452350218201,-0.01));
#2988=CARTESIAN_POINT('',(-0.0110638159362637,-0.00547149048877819,-0.01));
#2989=CARTESIAN_POINT('',(-0.00904720858137382,-0.0106108556514325,-0.01));
#2990=CARTESIAN_POINT('',(-0.00603266591546343,-0.0141967735229216,-0.01));
#2991=CARTESIAN_POINT('',(-0.0027560956040335,-0.0159717659258828,-0.01));
#2992=CARTESIAN_POINT('',(-1.05647949839714E-6,-0.0164649968544919,-0.01));
#2993=CARTESIAN_POINT('',(0.00276032152202706,-0.0159682466561497,-0.01));
#2994=CARTESIAN_POINT('',(-1.31378105230271E-18,-0.0163,-0.01));
#2995=CARTESIAN_POINT('',(-0.000964825476360234,-0.0167446763091567,0.0095));
#2996=CARTESIAN_POINT('',(-0.000964825476360234,-0.0167446763091568,0.01));
#2997=CARTESIAN_POINT('',(-0.000907775009007115,-0.0162479417279418,0.01));
#2998=CARTESIAN_POINT('',(4.16898286163033E-6,-0.016856050126387,0.0095));
#2999=CARTESIAN_POINT('',(4.16898286163075E-6,-0.016856050126387,0.01));
#3000=CARTESIAN_POINT('',(4.50222625121869E-6,-0.0163529083966738,0.01));
#3001=CARTESIAN_POINT('',(0.00198198328142514,-0.0167363560213471,0.0095));
#3002=CARTESIAN_POINT('',(0.00198198328142515,-0.0167363560213471,0.01));
#3003=CARTESIAN_POINT('',(0.00186224290134853,-0.0162408358322061,0.01));
#3004=CARTESIAN_POINT('',(0.00471096112209085,-0.0155872124561683,0.0095));
#3005=CARTESIAN_POINT('',(0.00471096112209085,-0.0155872124561683,0.01));
#3006=CARTESIAN_POINT('',(0.00444782746584582,-0.0151547305478191,0.01));
#3007=CARTESIAN_POINT('',(0.00696547412945949,-0.0137921555370558,0.0095));
#3008=CARTESIAN_POINT('',(0.00696547412945949,-0.0137921555370558,0.01));
#3009=CARTESIAN_POINT('',(0.00660854604760824,-0.013436607830928,0.01));
#3010=CARTESIAN_POINT('',(0.0087794314256713,-0.0115601650388069,0.0095));
#3011=CARTESIAN_POINT('',(0.00877943142567131,-0.0115601650388069,0.01));
#3012=CARTESIAN_POINT('',(0.00836158650069776,-0.0112809627397387,0.01));
#3013=CARTESIAN_POINT('',(0.0101439315440009,-0.00910387435183937,0.0095));
#3014=CARTESIAN_POINT('',(0.0101439315440009,-0.00910387435183937,0.01));
#3015=CARTESIAN_POINT('',(0.00968769214116888,-0.00889485524405984,0.01));
#3016=CARTESIAN_POINT('',(0.0111388708778801,-0.0064393823809212,0.0095));
#3017=CARTESIAN_POINT('',(0.0111388708778801,-0.0064393823809212,0.01));
#3018=CARTESIAN_POINT('',(0.0106580440989856,-0.00629694756923672,0.01));
#3019=CARTESIAN_POINT('',(0.0117552605058173,-0.00372885103144137,0.0095));
#3020=CARTESIAN_POINT('',(0.0117552605058173,-0.00372885103144137,0.01));
#3021=CARTESIAN_POINT('',(0.0112605268714115,-0.00364824124416542,0.01));
#3022=CARTESIAN_POINT('',(0.012038584109573,-0.000926315369219635,0.0095));
#3023=CARTESIAN_POINT('',(0.012038584109573,-0.000926315369219635,0.01));
#3024=CARTESIAN_POINT('',(0.0115377575524922,-0.000906504439897662,0.01));
#3025=CARTESIAN_POINT('',(0.0119796665537365,0.0018783201845632,0.0095));
#3026=CARTESIAN_POINT('',(0.0119796665537365,0.0018783201845632,0.01));
#3027=CARTESIAN_POINT('',(0.0114800907621573,0.00183805091410337,0.01));
#3028=CARTESIAN_POINT('',(0.0115900279394837,0.00463365336475178,0.0095));
#3029=CARTESIAN_POINT('',(0.0115900279394837,0.00463365336475178,0.01));
#3030=CARTESIAN_POINT('',(0.0110989368972303,0.00453288693129899,0.01));
#3031=CARTESIAN_POINT('',(0.0108395231995838,0.00737056346041572,0.0095));
#3032=CARTESIAN_POINT('',(0.0108395231995838,0.00737056346041572,0.01));
#3033=CARTESIAN_POINT('',(0.0103657711562121,0.00720565041508605,0.01));
#3034=CARTESIAN_POINT('',(0.0093639625774216,0.0108000104705008,0.0095));
#3035=CARTESIAN_POINT('',(0.0093639625774216,0.0108000104705009,0.01));
#3036=CARTESIAN_POINT('',(0.00892839656155478,0.0105460879692868,0.01));
#3037=CARTESIAN_POINT('',(0.00706889272121714,0.0139114435010436,0.0095));
#3038=CARTESIAN_POINT('',(0.00706889272121715,0.0139114435010436,0.01));
#3039=CARTESIAN_POINT('',(0.00670281117085948,0.0135551055878896,0.01));
#3040=CARTESIAN_POINT('',(0.00383433139347018,0.0160654536043231,0.0095));
#3041=CARTESIAN_POINT('',(0.00383433139347018,0.0160654536043231,0.01));
#3042=CARTESIAN_POINT('',(0.00361367989063641,0.0156085239741285,0.01));
#3043=CARTESIAN_POINT('',(0.00100846605899782,0.0169135175319031,0.0095));
#3044=CARTESIAN_POINT('',(0.00100846605899782,0.0169135175319031,0.01));
#3045=CARTESIAN_POINT('',(0.00094670065481276,0.0164067173343291,0.01));
#3046=CARTESIAN_POINT('',(-0.00197897503593976,0.0167369179399221,0.0095));
#3047=CARTESIAN_POINT('',(-0.00197897503593976,0.0167369179399221,0.01));
#3048=CARTESIAN_POINT('',(-0.00185945002933345,0.0162413226955252,0.01));
#3049=CARTESIAN_POINT('',(-0.00468980933178173,0.0156005915723922,0.0095));
#3050=CARTESIAN_POINT('',(-0.00468980933178173,0.0156005915723922,0.01));
#3051=CARTESIAN_POINT('',(-0.00442765468588286,0.0151675043969362,0.01));
#3052=CARTESIAN_POINT('',(-0.00697021735965036,0.0137870924942274,0.0095));
#3053=CARTESIAN_POINT('',(-0.00697021735965036,0.0137870924942274,0.01));
#3054=CARTESIAN_POINT('',(-0.00661309228028445,0.0134317138733586,0.01));
#3055=CARTESIAN_POINT('',(-0.00876215381268866,0.011586258278279,0.0095));
#3056=CARTESIAN_POINT('',(-0.00876215381268866,0.011586258278279,0.01));
#3057=CARTESIAN_POINT('',(-0.00834485854754137,0.0113062532207104,0.01));
#3058=CARTESIAN_POINT('',(-0.0101515328405375,0.00908835156314285,0.0095));
#3059=CARTESIAN_POINT('',(-0.0101515328405375,0.00908835156314285,0.01));
#3060=CARTESIAN_POINT('',(-0.00969506509065908,0.00887975700219634,0.01));
#3061=CARTESIAN_POINT('',(-0.0114552985224634,0.00559395438988376,0.0095));
#3062=CARTESIAN_POINT('',(-0.0114552985224634,0.00559395438988376,0.01));
#3063=CARTESIAN_POINT('',(-0.0109667082693258,0.00547265780554138,0.01));
#3064=CARTESIAN_POINT('',(-0.0122085815340949,0.000931276811334883,0.0095));
#3065=CARTESIAN_POINT('',(-0.0122085815340949,0.000931276811334877,0.01));
#3066=CARTESIAN_POINT('',(-0.0117042698682769,0.000911695112598863,0.01));
#3067=CARTESIAN_POINT('',(-0.0117506687277713,-0.00470516990768772,0.0095));
#3068=CARTESIAN_POINT('',(-0.0117506687277713,-0.00470516990768772,0.01));
#3069=CARTESIAN_POINT('',(-0.011255737661517,-0.00460458593034535,0.01));
#3070=CARTESIAN_POINT('',(-0.00994348635177882,-0.0100124345848973,0.0095));
#3071=CARTESIAN_POINT('',(-0.00994348635177882,-0.0100124345848973,0.01));
#3072=CARTESIAN_POINT('',(-0.00949038742112104,-0.00978425606158949,0.01));
#3073=CARTESIAN_POINT('',(-0.00706189121499827,-0.01391754399509,0.0095));
#3074=CARTESIAN_POINT('',(-0.00706189121499827,-0.01391754399509,0.01));
#3075=CARTESIAN_POINT('',(-0.00669609259192071,-0.0135610062747042,0.01));
#3076=CARTESIAN_POINT('',(-0.00383198347390604,-0.0160681131179657,0.0095));
#3077=CARTESIAN_POINT('',(-0.00383198347390604,-0.0160681131179657,0.01));
#3078=CARTESIAN_POINT('',(-0.00361142051020148,-0.0156110358198142,0.01));
#3079=CARTESIAN_POINT('',(-0.0019338199355821,-0.0166333024919265,0.0095));
#3080=CARTESIAN_POINT('',(-0.0019338199355821,-0.0166333024919265,0.01));
#3081=CARTESIAN_POINT('',(-0.00182005224426545,-0.0161429750592098,0.01));
#3082=CARTESIAN_POINT('',(-0.000964825476360234,-0.0167446763091567,0.0095));
#3083=CARTESIAN_POINT('',(-0.000964825476360234,-0.0167446763091568,0.01));
#3084=CARTESIAN_POINT('',(-0.000907775009007115,-0.0162479417279418,0.01));
#3085=CARTESIAN_POINT('',(0.0093,0.0075,0.0045));
#3086=CARTESIAN_POINT('',(0.0093,0.0075,-0.004));
#3087=CARTESIAN_POINT('',(-0.0093,0.0075,0.0045));
#3088=CARTESIAN_POINT('',(-0.0093,0.0075,-0.004));
#3089=CARTESIAN_POINT('',(0.00292188617571125,-0.0162862785866913,-0.0095));
#3090=CARTESIAN_POINT('',(0.00292188617571124,-0.0162862785866913,-0.01));
#3091=CARTESIAN_POINT('',(0.0027539208265883,-0.015815335233947,-0.01));
#3092=CARTESIAN_POINT('',(0.00201047516068333,-0.0166111719991378,-0.0095));
#3093=CARTESIAN_POINT('',(0.00201047516068332,-0.0166111719991378,-0.01));
#3094=CARTESIAN_POINT('',(0.00189178203847006,-0.0161228068099519,-0.01));
#3095=CARTESIAN_POINT('',(7.8042897879188E-5,-0.0169730972930262,-0.0095));
#3096=CARTESIAN_POINT('',(7.80428978791884E-5,-0.0169730972930262,-0.01));
#3097=CARTESIAN_POINT('',(7.32561057086065E-5,-0.0164623719147533,-0.01));
#3098=CARTESIAN_POINT('',(-0.00286025081345194,-0.0164755844807405,-0.0095));
#3099=CARTESIAN_POINT('',(-0.00286025081345194,-0.0164755844807405,-0.01));
#3100=CARTESIAN_POINT('',(-0.00269089216590284,-0.0159957789119916,-0.01));
#3101=CARTESIAN_POINT('',(-0.00545345697959261,-0.0150917216590356,-0.0095));
#3102=CARTESIAN_POINT('',(-0.00545345697959262,-0.0150917216590356,-0.01));
#3103=CARTESIAN_POINT('',(-0.00515703836154803,-0.0146824950870681,-0.01));
#3104=CARTESIAN_POINT('',(-0.00757210084805499,-0.0131417843299846,-0.0095));
#3105=CARTESIAN_POINT('',(-0.00757210084805499,-0.0131417843299846,-0.01));
#3106=CARTESIAN_POINT('',(-0.00719344393436672,-0.0128101663746636,-0.01));
#3107=CARTESIAN_POINT('',(-0.00924527869107125,-0.0108215020626941,-0.0095));
#3108=CARTESIAN_POINT('',(-0.00924527869107125,-0.0108215020626941,-0.01));
#3109=CARTESIAN_POINT('',(-0.00881365813956804,-0.0105646027757351,-0.01));
#3110=CARTESIAN_POINT('',(-0.0109047262723955,-0.00745688270547274,-0.0095));
#3111=CARTESIAN_POINT('',(-0.0109047262723955,-0.00745688270547274,-0.01));
#3112=CARTESIAN_POINT('',(-0.0104285291672365,-0.00729174655987668,-0.01));
#3113=CARTESIAN_POINT('',(-0.0120531099353177,-0.00287456616152603,-0.0095));
#3114=CARTESIAN_POINT('',(-0.0120531099353177,-0.00287456616152603,-0.01));
#3115=CARTESIAN_POINT('',(-0.0115519737054217,-0.00281389331236387,-0.01));
#3116=CARTESIAN_POINT('',(-0.0120579552930422,0.00184502613638504,-0.0095));
#3117=CARTESIAN_POINT('',(-0.0120579552930422,0.00184502613638504,-0.01));
#3118=CARTESIAN_POINT('',(-0.0115566340582365,0.00180609388495352,-0.01));
#3119=CARTESIAN_POINT('',(-0.0113951608219848,0.00549271651803672,-0.0095));
#3120=CARTESIAN_POINT('',(-0.0113951608219848,0.00549271651803672,-0.01));
#3121=CARTESIAN_POINT('',(-0.0109084011774971,0.005372358122414,-0.01));
#3122=CARTESIAN_POINT('',(-0.0102523159438644,0.00907574774546314,-0.0095));
#3123=CARTESIAN_POINT('',(-0.0102523159438644,0.00907574774546314,-0.01));
#3124=CARTESIAN_POINT('',(-0.00979299726523014,0.00886920245160376,-0.01));
#3125=CARTESIAN_POINT('',(-0.0083480585905427,0.0123946493025831,-0.0095));
#3126=CARTESIAN_POINT('',(-0.00834805859054271,0.0123946493025831,-0.01));
#3127=CARTESIAN_POINT('',(-0.00794003471906179,0.0120921390429206,-0.01));
#3128=CARTESIAN_POINT('',(-0.005552557309989,0.0150182436679746,-0.0095));
#3129=CARTESIAN_POINT('',(-0.005552557309989,0.0150182436679747,-0.01));
#3130=CARTESIAN_POINT('',(-0.00525188371584972,0.0146122937134836,-0.01));
#3131=CARTESIAN_POINT('',(-0.00298905608239825,0.0164292898735795,-0.0095));
#3132=CARTESIAN_POINT('',(-0.00298905608239825,0.0164292898735795,-0.01));
#3133=CARTESIAN_POINT('',(-0.00281266391752674,0.0159521720129718,-0.01));
#3134=CARTESIAN_POINT('',(-3.94884369257513E-5,0.0169762188458704,-0.0095));
#3135=CARTESIAN_POINT('',(-3.94884369257516E-5,0.0169762188458704,-0.01));
#3136=CARTESIAN_POINT('',(-3.70236929347114E-5,0.0164653066000236,-0.01));
#3137=CARTESIAN_POINT('',(0.00288458775602573,0.0164651536232001,-0.0095));
#3138=CARTESIAN_POINT('',(0.00288458775602573,0.0164651536232001,-0.01));
#3139=CARTESIAN_POINT('',(0.00271390952666443,0.0159859608867293,-0.01));
#3140=CARTESIAN_POINT('',(0.00547568086318931,0.0150760845451227,-0.0095));
#3141=CARTESIAN_POINT('',(0.00547568086318931,0.0150760845451227,-0.01));
#3142=CARTESIAN_POINT('',(0.00517827284988751,0.0146675398933081,-0.01));
#3143=CARTESIAN_POINT('',(0.00828683817103675,0.0124758500215493,-0.0095));
#3144=CARTESIAN_POINT('',(0.00828683817103674,0.0124758500215493,-0.01));
#3145=CARTESIAN_POINT('',(0.0078807399529678,0.0121706690436846,-0.01));
#3146=CARTESIAN_POINT('',(0.0106904123204931,0.00833214139499795,-0.0095));
#3147=CARTESIAN_POINT('',(0.0106904123204931,0.00833214139499795,-0.01));
#3148=CARTESIAN_POINT('',(0.0102191632002558,0.00814733149576608,-0.01));
#3149=CARTESIAN_POINT('',(0.0118220000813909,0.00379561975702237,-0.0095));
#3150=CARTESIAN_POINT('',(0.0118220000813909,0.00379561975702237,-0.01));
#3151=CARTESIAN_POINT('',(0.0113258294571966,0.0037139180787081,-0.01));
#3152=CARTESIAN_POINT('',(0.0120562243322816,3.7151908913655E-5,-0.00949999999999999));
#3153=CARTESIAN_POINT('',(0.0120562243322816,3.71519089136552E-5,-0.01));
#3154=CARTESIAN_POINT('',(0.0115550097022481,3.63671202934204E-5,-0.01));
#3155=CARTESIAN_POINT('',(0.0118403259387446,-0.00366926316850366,-0.0095));
#3156=CARTESIAN_POINT('',(0.0118403259387446,-0.00366926316850366,-0.01));
#3157=CARTESIAN_POINT('',(0.0113437913979226,-0.00359036529551229,-0.01));
#3158=CARTESIAN_POINT('',(0.0109412792353255,-0.00735186424663887,-0.0095));
#3159=CARTESIAN_POINT('',(0.0109412792353255,-0.00735186424663886,-0.01));
#3160=CARTESIAN_POINT('',(0.0104642427564898,-0.0071892771482854,-0.01));
#3161=CARTESIAN_POINT('',(0.00930416394340984,-0.0107214224554833,-0.0095));
#3162=CARTESIAN_POINT('',(0.00930416394340984,-0.0107214224554833,-0.01));
#3163=CARTESIAN_POINT('',(0.00887085117780808,-0.0104674526806117,-0.01));
#3164=CARTESIAN_POINT('',(0.00764700498838826,-0.0130557036712427,-0.0095));
#3165=CARTESIAN_POINT('',(0.00764700498838826,-0.0130557036712427,-0.01));
#3166=CARTESIAN_POINT('',(0.00726576108231599,-0.0127271459485729,-0.01));
#3167=CARTESIAN_POINT('',(0.00554650898804671,-0.0150237368183469,-0.0095));
#3168=CARTESIAN_POINT('',(0.00554650898804671,-0.0150237368183469,-0.01));
#3169=CARTESIAN_POINT('',(0.00524608883441802,-0.0146175424587237,-0.01));
#3170=CARTESIAN_POINT('',(0.00383329719073917,-0.0159613851742447,-0.0095));
#3171=CARTESIAN_POINT('',(0.00383329719073916,-0.0159613851742447,-0.01));
#3172=CARTESIAN_POINT('',(0.00361605961470653,-0.0155078636579421,-0.01));
#3173=CARTESIAN_POINT('',(0.00292188617571125,-0.0162862785866913,-0.0095));
#3174=CARTESIAN_POINT('',(0.00292188617571124,-0.0162862785866913,-0.01));
#3175=CARTESIAN_POINT('',(0.0027539208265883,-0.015815335233947,-0.01));
#3176=CARTESIAN_POINT('',(0.0093,0.040625,-0.004));
#3177=CARTESIAN_POINT('',(0.0093,0.0075,-0.004));
#3178=CARTESIAN_POINT('',(0.0093,0.0075,-0.004));
#3179=CARTESIAN_POINT('',(0.0093,0.0075,-0.004));
#3180=CARTESIAN_POINT('',(-1.21430643318376E-17,0.0075,-0.004));
#3181=CARTESIAN_POINT('',(-0.0093,0.0075,-0.004));
#3182=CARTESIAN_POINT('',(-0.0093,0.0075,-0.004));
#3183=CARTESIAN_POINT('',(-0.0093,0.0075,-0.004));
#3184=CARTESIAN_POINT('',(-0.0093,0.02862600010002,-0.004));
#3185=CARTESIAN_POINT('',(0.0078,0.02862600010002,0.0045));
#3186=CARTESIAN_POINT('',(0.0078,0.02862600010002,-0.0025));
#3187=CARTESIAN_POINT('',(0.0078,0.05125,-0.0025));
#3188=CARTESIAN_POINT('',(0.0078,0.009,-0.0025));
#3189=CARTESIAN_POINT('',(0.0078,0.009,0.0045));
#3190=CARTESIAN_POINT('',(0.0078,0.009,0.0025));
#3191=CARTESIAN_POINT('',(0.0078,0.02862600010002,0.0025));
#3192=CARTESIAN_POINT('',(0.0078,0.05125,0.0025));
#3193=CARTESIAN_POINT('',(0.0078,0.05125,0.0045));
#3194=CARTESIAN_POINT('',(-3.46944695195361E-18,0.05125,0.0045));
#3195=CARTESIAN_POINT('',(-3.46944695195361E-18,0.05125,-0.0025));
#3196=CARTESIAN_POINT('',(-0.0078,0.05125,-0.0025));
#3197=CARTESIAN_POINT('',(-3.46944695195361E-18,0.05125,0.0025));
#3198=CARTESIAN_POINT('',(-0.0078,0.05125,0.0025));
#3199=CARTESIAN_POINT('',(-0.0078,0.05125,0.0045));
#3200=CARTESIAN_POINT('',(-0.0078,0.02862600010002,0.0045));
#3201=CARTESIAN_POINT('',(-0.0078,0.02862600010002,-0.0025));
#3202=CARTESIAN_POINT('',(-0.0078,0.009,-0.0025));
#3203=CARTESIAN_POINT('',(-0.0078,0.02862600010002,0.0025));
#3204=CARTESIAN_POINT('',(-0.0078,0.009,0.0025));
#3205=CARTESIAN_POINT('',(-0.0078,0.009,0.0045));
#3206=CARTESIAN_POINT('',(-1.21430643318376E-17,0.009,0.0045));
#3207=CARTESIAN_POINT('',(-1.21430643318376E-17,0.009,-0.0025));
#3208=CARTESIAN_POINT('',(-1.21430643318376E-17,0.009,0.0025));
#3209=CARTESIAN_POINT('',(-1.7347234759768E-18,0.040625,0.0025));
#3210=CARTESIAN_POINT('',(-1.7347234759768E-18,0.040625,-0.0025));
#3211=CARTESIAN_POINT('',(6.93889390390723E-18,0.09375,0.0045));
#3212=CARTESIAN_POINT('',(1.12757025938492E-17,0.06025,0.0045));
#3213=CARTESIAN_POINT('',(0.00954522527690591,0.0675224599973542,0.0045));
#3214=CARTESIAN_POINT('',(-0.00954522527690588,0.0675224599973542,0.0045));
#3215=CARTESIAN_POINT('',(-0.0091,0.06775,0.0045));
#3216=CARTESIAN_POINT('',(-0.0091,0.06725,0.0045));
#3217=CARTESIAN_POINT('',(0.,0.06725,0.0045));
#3218=CARTESIAN_POINT('',(0.0091,0.06725,0.0045));
#3219=CARTESIAN_POINT('',(0.0091,0.06775,0.0045));
#3220=CARTESIAN_POINT('',(6.93889390390723E-18,0.09375,-0.0045));
#3221=CARTESIAN_POINT('',(1.12757025938492E-17,0.06025,-0.0045));
#3222=CARTESIAN_POINT('',(0.00936749699759762,0.06775,-0.0045));
#3223=CARTESIAN_POINT('',(-0.00936749699759759,0.06775,-0.0045));
#3224=CARTESIAN_POINT('',(6.93889390390723E-18,0.06775,-0.0045));
#3225=CARTESIAN_POINT('',(0.,0.06725,0.0045));
#3226=CARTESIAN_POINT('',(-0.0091,0.06725,0.0045));
#3227=CARTESIAN_POINT('',(-0.0091,0.06725,-0.004));
#3228=CARTESIAN_POINT('',(0.,0.06725,-0.004));
#3229=CARTESIAN_POINT('',(0.0091,0.06725,-0.004));
#3230=CARTESIAN_POINT('',(0.0091,0.06725,0.0045));
#3231=CARTESIAN_POINT('',(1.12757025938492E-17,0.06025,0.012));
#3232=CARTESIAN_POINT('',(1.12757025938492E-17,0.06025,-0.0095));
#3233=CARTESIAN_POINT('',(0.012,0.06025,-0.0095));
#3234=CARTESIAN_POINT('',(1.12757025938492E-17,0.06025,0.0095));
#3235=CARTESIAN_POINT('',(0.012,0.06025,0.0095));
#3236=CARTESIAN_POINT('',(0.00954522527690591,0.0675224599973542,0.));
#3237=CARTESIAN_POINT('',(0.00954522527690591,0.0675224599973542,-0.00444522527690591));
#3238=CARTESIAN_POINT('',(0.00954522527690591,0.0675224599973542,-0.00444522527690591));
#3239=CARTESIAN_POINT('',(0.00948937926638894,0.0675957588194027,-0.00448268589522201));
#3240=CARTESIAN_POINT('',(0.00942957181479422,0.0676724685781712,-0.0045));
#3241=CARTESIAN_POINT('',(0.00936749699759761,0.06775,-0.0045));
#3242=CARTESIAN_POINT('',(-0.00936749699759759,0.06775,-0.0045));
#3243=CARTESIAN_POINT('',(-0.00942954280972985,0.067672504805485,-0.0045));
#3244=CARTESIAN_POINT('',(-0.00948942225486127,0.0675957023963144,-0.00448265705923642));
#3245=CARTESIAN_POINT('',(-0.0095452252769059,0.0675224599973542,-0.00444522527690591));
#3246=CARTESIAN_POINT('',(-0.0095452252769059,0.0675224599973542,-0.0044452252769059));
#3247=CARTESIAN_POINT('',(-0.0095452252769059,0.0675224599973542,0.));
#3248=CARTESIAN_POINT('',(1.12757025938492E-17,0.06025,0.0045));
#3249=CARTESIAN_POINT('',(-0.00974679434480896,0.05325,0.0045));
#3250=CARTESIAN_POINT('',(0.00974679434480898,0.05325,0.0045));
#3251=CARTESIAN_POINT('',(-0.00974679434480896,0.05325,0.012));
#3252=CARTESIAN_POINT('',(-0.00974679434480896,0.05325,-0.004));
#3253=CARTESIAN_POINT('',(-0.00974679434480896,0.05325,-0.004));
#3254=CARTESIAN_POINT('',(-0.00974679434480896,0.05325,-0.00414979196863362));
#3255=CARTESIAN_POINT('',(-0.00964386179920818,0.0531054901679634,-0.00442313999247668));
#3256=CARTESIAN_POINT('',(-0.00946064035841122,0.052866336020369,-0.0045));
#3257=CARTESIAN_POINT('',(-0.00936749699759759,0.05275,-0.0045));
#3258=CARTESIAN_POINT('',(-0.00936749699759759,0.05275,-0.0045));
#3259=CARTESIAN_POINT('',(1.12757025938492E-17,0.06025,-0.0045));
#3260=CARTESIAN_POINT('',(0.00936749699759761,0.05275,-0.0045));
#3261=CARTESIAN_POINT('',(0.00936749699759761,0.05275,-0.0045));
#3262=CARTESIAN_POINT('',(0.00946074828677841,0.0528664708228564,-0.0045));
#3263=CARTESIAN_POINT('',(0.00964306061390034,0.0531044196227109,-0.00442380771189716));
#3264=CARTESIAN_POINT('',(0.00974679434481015,0.0532500000000005,-0.0041502341090101));
#3265=CARTESIAN_POINT('',(0.0097467943448102,0.0532500000000006,-0.00400000000000023));
#3266=CARTESIAN_POINT('',(0.00974679434480898,0.05325,-0.004));
#3267=CARTESIAN_POINT('',(0.00974679434480898,0.05325,0.012));
#3268=CARTESIAN_POINT('',(-1.7347234759768E-18,0.040625,0.01));
#3269=CARTESIAN_POINT('',(1.12757025938492E-17,0.06025,0.01));
#3270=CARTESIAN_POINT('',(0.0115,0.06025,0.01));
#3271=CARTESIAN_POINT('',(-1.7347234759768E-18,0.040625,-0.01));
#3272=CARTESIAN_POINT('',(1.12757025938492E-17,0.06025,-0.01));
#3273=CARTESIAN_POINT('',(0.0115,0.06025,-0.01));
#3274=CARTESIAN_POINT('',(-1.7347234759768E-18,0.040625,0.0045));
#3275=CARTESIAN_POINT('',(-3.46944695195361E-18,0.05325,0.0045));
#3276=CARTESIAN_POINT('',(-1.7347234759768E-18,0.040625,-0.0045));
#3277=CARTESIAN_POINT('',(0.00974679434480898,0.05275,-0.0045));
#3278=CARTESIAN_POINT('',(-3.46944695195361E-18,0.05325,0.0045));
#3279=CARTESIAN_POINT('',(-0.00974679434480896,0.05325,-0.004));
#3280=CARTESIAN_POINT('',(1.12757025938492E-17,0.06025,0.0095));
#3281=CARTESIAN_POINT('',(0.0091,0.06775,0.0045));
#3282=CARTESIAN_POINT('',(0.0091,0.06775,-0.004));
#3283=CARTESIAN_POINT('',(-0.0091,0.06775,0.0045));
#3284=CARTESIAN_POINT('',(-0.0091,0.06775,-0.004));
#3285=CARTESIAN_POINT('',(1.12757025938492E-17,0.06025,-0.0095));
#3286=CARTESIAN_POINT('',(0.,0.06775,-0.004));
#3287=CARTESIAN_POINT('',(-1.7347234759768E-18,0.05275,-0.004));
#3288=CARTESIAN_POINT('',(1.04083408558608E-17,0.11825,0.0045));
#3289=CARTESIAN_POINT('',(1.04083408558608E-17,0.11825,-0.0025));
#3290=CARTESIAN_POINT('',(-0.0076,0.11825,-0.0025));
#3291=CARTESIAN_POINT('',(0.0076,0.11825,-0.0025));
#3292=CARTESIAN_POINT('',(0.0076,0.11825,0.0045));
#3293=CARTESIAN_POINT('',(0.0076,0.11825,0.0025));
#3294=CARTESIAN_POINT('',(1.04083408558608E-17,0.11825,0.0025));
#3295=CARTESIAN_POINT('',(-0.0076,0.11825,0.0025));
#3296=CARTESIAN_POINT('',(-0.0076,0.11825,0.0045));
#3297=CARTESIAN_POINT('',(-0.0076,0.09375,0.0045));
#3298=CARTESIAN_POINT('',(-0.0076,0.09375,-0.0025));
#3299=CARTESIAN_POINT('',(-0.0076,0.06925,-0.0025));
#3300=CARTESIAN_POINT('',(-0.0076,0.09375,0.0025));
#3301=CARTESIAN_POINT('',(-0.0076,0.06925,0.0025));
#3302=CARTESIAN_POINT('',(-0.0076,0.06925,0.0045));
#3303=CARTESIAN_POINT('',(0.,0.06925,0.0045));
#3304=CARTESIAN_POINT('',(0.,0.06925,-0.0025));
#3305=CARTESIAN_POINT('',(0.0076,0.06925,-0.0025));
#3306=CARTESIAN_POINT('',(0.,0.06925,0.0025));
#3307=CARTESIAN_POINT('',(0.0076,0.06925,0.0025));
#3308=CARTESIAN_POINT('',(0.0076,0.06925,0.0045));
#3309=CARTESIAN_POINT('',(0.0076,0.09375,0.0045));
#3310=CARTESIAN_POINT('',(0.0076,0.09375,-0.0025));
#3311=CARTESIAN_POINT('',(0.0076,0.09375,0.0025));
#3312=CARTESIAN_POINT('',(6.93889390390723E-18,0.09375,0.0025));
#3313=CARTESIAN_POINT('',(6.93889390390723E-18,0.09375,-0.0025));
#3314=MECHANICAL_DESIGN_GEOMETRIC_PRESENTATION_REPRESENTATION('',(#1396),
#3315);
#3315=(
GEOMETRIC_REPRESENTATION_CONTEXT(3)
GLOBAL_UNCERTAINTY_ASSIGNED_CONTEXT((#3316))
GLOBAL_UNIT_ASSIGNED_CONTEXT((#3319,#3318,#3317))
REPRESENTATION_CONTEXT('Part 5','TOP_LEVEL_ASSEMBLY_PART')
);
#3316=UNCERTAINTY_MEASURE_WITH_UNIT(LENGTH_MEASURE(2.E-5),#3319,
'DISTANCE_ACCURACY_VALUE','Maximum Tolerance applied to model');
#3317=(
NAMED_UNIT(*)
SI_UNIT($,.STERADIAN.)
SOLID_ANGLE_UNIT()
);
#3318=(
NAMED_UNIT(*)
PLANE_ANGLE_UNIT()
SI_UNIT($,.RADIAN.)
);
#3319=(
LENGTH_UNIT()
NAMED_UNIT(*)
SI_UNIT($,.METRE.)
);
#3320=PRODUCT_DEFINITION_SHAPE('','',#3321);
#3321=PRODUCT_DEFINITION('','',#3323,#3322);
#3322=PRODUCT_DEFINITION_CONTEXT('',#3329,'design');
#3323=PRODUCT_DEFINITION_FORMATION_WITH_SPECIFIED_SOURCE('','',#3325,
 .NOT_KNOWN.);
#3324=PRODUCT_RELATED_PRODUCT_CATEGORY('','',(#3325));
#3325=PRODUCT('Part 5','Part 5','Part 5',(#3327));
#3326=PRODUCT_CATEGORY('','');
#3327=PRODUCT_CONTEXT('',#3329,'mechanical');
#3328=APPLICATION_PROTOCOL_DEFINITION('international standard',
'ap242_managed_model_based_3d_engineering',2020,#3329);
#3329=APPLICATION_CONTEXT('managed model based 3d engineering');
ENDSEC;
END-ISO-10303-21;
